<i><color=#99ebff>A mighty host of foes advances upon the captured fortresses, intent on ruin. 	<i><color=#99ebff>一支强大的敌军正向已占领的要塞推进，意图摧毁一切。
说实话，指挥官，我很意外你居然没有像我一样对这番局面感到既沮丧又筋疲力尽；毕竟，可以说整场闹剧从头到尾都得靠你亲自上阵奔走。为了一劳永逸地杜绝后患，我决定直接把重炮摆上台面。我有一艘军用降落舰 <i>Fujin</i> 已在轨道待命，而你要为它提供目标信息。Nephrite 正待在一座加固掩体中，此刻正在与 Davion 和 Steiner 两方的代表会面。我追他们追腻了。不如直接把他们都轰平。ZH	我真的很想知道，这种情况不会像我一样让你沮丧和消耗，指挥官.毕竟，在整场闹剧中，你必须做腿部工作.我已经决定，绕过所有潜在问题，引入真正意义上的重型枪支. <i>Fujin</i>，一艘军用空投艇，处于待命状态，您将接管目标获取. Nephrite 在一个加固的掩体中，目前正在与戴维恩和施泰纳家族的代表会面.我不想再去打猎软玉了.相反，我建议彻底销毁.
随着赫尔姆核心失传技术的重新引入，陶里安防卫军发现自己在邻国面前落后了。正如战锤时代那样，陶里安人转向了本土的塔洛斯。凭借易于维护、易于制造的名声，这一设计正是 TDF 所需。由于缺乏资源把重新设计的塔洛斯变成可行的量产型号，陶里安人向邻国求助，以换取加入正在进行的"三一联盟"谈判。在卡佩兰工程师的专业知识与卡诺普斯法域的财政投资帮助下，范登堡于 3059 年底在其新范登堡工厂开始限量制造塔洛斯。3062 年"三一联盟"正式签署，把生产许可授予 Majesty Metals 与 Detroit Consolidated Mech Works。两家公司迅速开设了自己的生产线，为自身使用并向外更远处出口而生产多种塔洛斯变体。Base	随着赫尔姆核心失落科技的重现，陶里安防卫军发现自己落后于邻国。正如战争时代一样，陶里安人转向了本土成长的塔洛斯。这款机甲以易于维护和易于制造著称，正是陶里安防卫军所需。由于缺乏资源将新设计的塔洛斯转为可行的量产型号，陶里安人以加入正在进行的“三位一体同盟“谈判为交换，寻求邻国援助。在卡佩兰工程师的专业知识与卡诺普斯女权国的资金投入协助下，范登堡于 3059 年末在其新范登堡工厂开始了塔洛斯的限量生产。3062 年三位一体同盟正式签署，授予陛下金属公司与底特律联合机工厂生产许可。两家公司迅速开设了自己的生产线，为自用与远销生产了塔洛斯的多种变体。
由 Sea Fox 氏族在黄金世纪期间打造，CS-2 Fox 几乎没有对手。这台50吨机甲由300级cXL引擎驱动，可达到97公里/小时的速度。CS-2 Fox 由10吨铁纤维装甲保护，装备两具LRM-15和一门ER大型激光。在更近的距离上，两门ER中型激光、两具 Streak SRM-2 和两挺机枪提供额外火力。Fox 的生产在黄金世纪中途神秘停止，该机甲也随之从 Sea Fox 的 Touman 序列中除名。\\n\\n<b><color=#e62e00>特性：可变距离瞄准</color></b>\\n\\n<b><color=#e62e00>投放费用倍率：1.08</color></b>\\n\\n<color=#FFEF00>手臂驱动器限制：左下、右下</color>	由海狐氏族在黄金世纪期间打造，CS-2 Fox 几乎没有对手。这台50吨机甲由额定300的cXL引擎驱动，可达到97公里/小时的速度。CS-2 Fox 由10吨铁纤维装甲保护，装备两具LRM-15和一门ER大型激光。在更近的距离上，两门ER中型激光、两具锁定式SRM-2 和两挺机枪提供额外火力。Fox 的生产在黄金世纪中途神秘停止，该机甲也随之从海狐的 Touman 序列中除名。\\n\\n<b><color=#e62e00>特性：可变距离瞄准</color></b>\\n\\n<b><color=#e62e00>投放费用倍率：1.08</color></b>\\n\\n<color=#FFEF00>手臂驱动器限制：左下、右下</color>
由 Sea Fox 氏族在黄金世纪期间打造，CS-1 Fox 几乎没有对手。这台50吨机甲由300级cXL引擎驱动，可达到97公里/小时的速度。CS-1 Fox 由10吨装甲保护，装备两具改进型LRM-15。在更近的距离上，三门中型激光、两具 Streak SRM-2 和两挺机枪提供额外火力。Fox 的生产在黄金世纪中途神秘停止，该机甲也随之从 Sea Fox 的 Touman 序列中除名。\\n\\n<b><color=#e62e00>特性：可变距离瞄准</color></b>\\n\\n<b><color=#e62e00>投放费用倍率：1.02</color></b>\\n\\n<color=#FFEF00>手臂驱动器限制：左下、右下</color>	海狐族在金世纪创造的 CS-1 狐狸几乎没有对手。这台 50 吨机甲由 300 级 cXL 引擎驱动，可将机甲推至 97 公里/小时的速度。CS-1 狐狸以 10 吨装甲防护，装备一对改良型 LRM-15。在更近的距离上，三具中型激光、一对连环 SRM-2 和一对机枪提供额外火力。金世纪中期，狐狸的生产神秘中断，该机甲也从海狐族的 Touman 中被剔除。\\n\\n<b><color=#e62e00>特性：可变距离瞄准</color></b>\\n\\n<b><color=#e62e00>投放成本倍率：1.02</color></b>\\n\\n<color=#FFEF00>臂部驱动器限制：左下、右下</color>
Devil 是 Snow Raven 氏族在原始 Howler 底盘上做出的变体，30吨的它于2911年服役。相比前身增重10吨，由300级XL引擎驱动，使它能够加速到比 Baboon 更高的速度。铁纤维装甲与内衬钢的组合腾出了自由重量，用于安装一门ER PPC 和一台瞄准计算机。\\n\\n<b><color=#e62e00>特性：加长躯干旋转</color></b>\\n\\n<b><color=#e62e00>投放费用倍率：1.05</color></b>	雪鸦族在原版嚎叫者底盘上的改型，30 吨的恶魔于 2911 年服役。相比前身增加了 10 吨，它由 300 级 XL 引擎驱动，使其加速能力超越狒狒。铁纤装甲与内钢的组合为 ER PPC 和瞄准计算机腾出了富余重量。\\n\\n<b><color=#e62e00>特性：躯干扭转增强</color></b>\\n\\n<b><color=#e62e00>投放成本倍率：1.05</color></b>
与已经流通的更重型 Mackie 和 Ymir 相比，Crossbow 被视为一台中量级机体，它的定位是快速的导弹支援单位。与 Coventry Defense Conglomerate 的情况类似，Arcturan Arms 的工程师最初未能让原型 Crossbow 达到预期，但随着战斗机甲生产技术日趋精进，Crossbow 获得了一次无愧于其最初构想的升级。\\n\\n<b><color=#e62e00>特性：模块化武器</color></b>\\n\\n<b><color=#e62e00>投放费用倍率：0.86</color></b>\\n\\n<color=#FFEF00>手臂驱动器限制：左下、右下</color>	与已在流通中更重的麦基和伊米尔相比，十字弩被视为一种中型机器。它被打造为快速的导弹支援单位。与考文垂防务集团的情形一样，阿克图鲁斯兵工的工程师最初未能让他们的十字弩原型达到预期，但随着战斗机甲生产技术的日益精进，十字弩获得了一次配得上其原始构想的升级。\\n\\n<b><color=#e62e00>特性：模块化武器</color></b>\\n\\n<b><color=#e62e00>投放成本倍率：0.86</color></b>\\n\\n<color=#FFEF00>臂部驱动器限制：左下、右下</color>
Minsk 是 Ghost Bear 氏族生产的第一款机甲，70吨的它于2830年投产。由于性能被更新的设计超越，Minsk 逐渐失宠，最终退役。由210级聚变核心驱动，Minsk 101 装备两门高斯步枪和一具LRM-10。成对的SRM-6、小型脉冲激光和机枪在近距离补充火力。一台星际联盟时代的 Beagle 主动探测器使 Minsk 能够发现隐藏的对手。\\n\\n\\n<b><color=#e62e00>特性：受保护驱动器</color></b>\\n\\n<b><color=#e62e00>投放费用倍率：1.14</color></b>\\n\\n<color=#FFEF00>手臂驱动器限制：左下、右下</color>	明斯克是幽灵熊族生产的第一种机甲，70 吨的它于 2830 年投产。由于性能被更新的设计超越，明斯克失宠并最终退出现役。明斯克 101 由 210 级聚变核心驱动，装备两门高斯步枪和一具 LRM-10。成对的 SRM-6、小型脉冲激光和机枪在近距离提供额外火力。一台星际联盟时代的比格尔主动探测器让明斯克能够发现隐藏的对手。\\n\\n\\n<b><color=#e62e00>特性：受保护驱动器</color></b>\\n\\n<b><color=#e62e00>投放成本倍率：1.14</color></b>\\n\\n<color=#FFEF00>臂部驱动器限制：左下、右下</color>
Minsk 是 Ghost Bear 氏族生产的第一款机甲，70吨的它于2830年投产。由于性能被更新的设计超越，Minsk 逐渐失宠，最终退役。由210级聚变核心驱动，Minsk 1 装备两门高斯步枪和一具LRM-10。成对的SRM-6、小型脉冲激光、B-Pod 和机枪在近距离补充火力。一台主动探测器使 Minsk 能够发现隐藏的对手。\\n\\n\\n<b><color=#e62e00>特性：受保护驱动器</color></b>\\n\\n<b><color=#e62e00>投放费用倍率：1.14</color></b>\\n\\n<color=#FFEF00>手臂驱动器限制：左下、右下</color>	明斯克是幽灵熊族生产的第一种机甲，70 吨的它于 2830 年投产。由于性能被更新的设计超越，明斯克失宠并最终退出现役。明斯克 1 由 210 级聚变核心驱动，装备两门高斯步枪和一具 LRM-10。成对的 SRM-6、小型脉冲激光、B-Pod 和机枪在近距离提供额外火力。一个主动探测器让明斯克能够发现隐藏的对手。\\n\\n\\n<b><color=#e62e00>特性：受保护驱动器</color></b>\\n\\n<b><color=#e62e00>投放成本倍率：1.14</color></b>\\n\\n<color=#FFEF00>臂部驱动器限制：左下、右下</color>
Huntsman 是 Nova Cat 的设计，这台50吨机甲为“复兴行动”与入侵内层空间而打造，于3049年首次投产。作为全能机甲，Huntsman 围绕250级XL引擎建造，采用内衬钢骨架与铁纤维装甲，拥有21.5吨挂载空间。5具跳跃推进器固定于底盘上，为 Huntsman 带来额外的灵活性。据称这是 Calvin Deleportas 的座机，Huntsman PA 装备一门ER大型激光。4具 Streak SRM-4 和两门中型脉冲激光在近距离提供额外火力。AMS 则保护 Huntsman 免受来袭导弹的伤害。\\n\\n<b><color=#e62e00>特性：稳定</color></b>\\n\\n<b><color=#e62e00>投放费用倍率：1.07</color></b>\\n\\n<color=#FFEF00>手臂驱动器限制：Omni</color>	亨茨曼是新星猫的设计，这台50吨机甲为“复兴行动”与入侵内天体而打造，于3049年首次投产。作为全向机甲，亨茨曼围绕额定250的XL引擎建造，采用钢内骨结构骨架与铁纤维装甲，拥有21.5吨吊舱空间。5具跳跃推进器固定于底盘上，为亨茨曼带来额外的灵活性。据称这是 Calvin Deleportas 的座机，亨茨曼 PA 装备一门ER大型激光。4具锁定式SRM-4 和两门中型脉冲激光在近距离提供额外火力。AMS 则保护亨茨曼免受来袭导弹的伤害。\\n\\n<b><color=#e62e00>特性：稳定</color></b>\\n\\n<b><color=#e62e00>投放费用倍率：1.07</color></b>\\n\\n<color=#FFEF00>手臂驱动器限制：全向</color>
Huntsman 是 Nova Cat 的设计，这台50吨机甲为“复兴行动”与入侵内层空间而打造，于3049年首次投产。作为全能机甲，Huntsman 围绕250级XL引擎建造，采用内衬钢骨架与铁纤维装甲，拥有21.5吨挂载空间。5具跳跃推进器固定于底盘上，为 Huntsman 带来额外的灵活性。Huntsman P 装备两具LRM-10。一门 UAC/10、两具 Streak SRM-4、一门ER中型激光和一门ER小型激光在近距离提供额外火力。\\n\\n<b><color=#e62e00>特性：稳定</color></b>\\n\\n<b><color=#e62e00>投放费用倍率：1.05</color></b>\\n\\n<color=#FFEF00>手臂驱动器限制：Omni</color>	亨茨曼是新星猫的设计，这台50吨机甲为“复兴行动”与入侵内天体而打造，于3049年首次投产。作为全向机甲，亨茨曼围绕额定250的XL引擎建造，采用钢内骨结构骨架与铁纤维装甲，拥有21.5吨吊舱空间。5具跳跃推进器固定于底盘上，为亨茨曼带来额外的灵活性。亨茨曼 P 装备两具LRM-10。一门 UAC/10、两具锁定式SRM-4、一门ER中型激光和一门ER小型激光在近距离提供额外火力。\\n\\n<b><color=#e62e00>特性：稳定</color></b>\\n\\n<b><color=#e62e00>投放费用倍率：1.05</color></b>\\n\\n<color=#FFEF00>手臂驱动器限制：全向</color>
100吨的 Berserker 专为近距离近战而设计，于3056年首次亮相。400级XL引擎配合 MASC，使 BRZ-B3 能跑赢几乎所有其他重型或突击级机甲。一门ER PPC和两具LRM-10构成该机甲的远程武器，而一把重达10吨的巨型战斧在近距离则致命无比。AMS 与 Guardian ECM 在其逼近过程中为其提供保护，头部安装的火焰喷射器则进一步增强了它的威慑力。\\n\\n<b><color=#e62e00>特性：近战驱动器</color></b>\\n\\n<b><color=#e62e00>投放费用倍率：1.18</color></b>	100吨的 Berserker 专为近距离近战而设计，于3056年首次亮相。额定400的XL引擎配合 MASC，使 BRZ-B3 能跑赢几乎所有其他重型或突击级机甲。一门ER PPC和两具LRM-10构成该机甲的远程武器，而一把重达10吨的巨型战斧在近距离则致命无比。AMS 与守护者ECM 在其逼近过程中为其提供保护，头部安装的火焰喷射器则进一步增强了它的威慑力。\\n\\n<b><color=#e62e00>特性：近战驱动器</color></b>\\n\\n<b><color=#e62e00>投放费用倍率：1.18</color></b>
100吨的 Berserker 专为近距离近战而设计，于3056年首次亮相。400级XL引擎配合 MASC，使 BRZ-A3 能跑赢几乎所有其他重型或突击级机甲。一门ER PPC和两门大型脉冲激光构成该机甲的远程武器，而一把重达10吨的巨型战斧在近距离则致命无比。AMS 与 Guardian ECM 在其逼近过程中为其提供保护，头部安装的火焰喷射器则进一步增强了它的威慑力。\\n\\n<b><color=#e62e00>特性：近战驱动器</color></b>\\n\\n<b><color=#e62e00>投放费用倍率：1.18</color></b>	100吨的 Berserker 专为近距离近战而设计，于3056年首次亮相。额定400的XL引擎配合 MASC，使 BRZ-A3 能跑赢几乎所有其他重型或突击级机甲。一门ER PPC和两门大型脉冲激光构成该机甲的远程武器，而一把重达10吨的巨型战斧在近距离则致命无比。AMS 与守护者ECM 在其逼近过程中为其提供保护，头部安装的火焰喷射器则进一步增强了它的威慑力。\\n\\n<b><color=#e62e00>特性：近战驱动器</color></b>\\n\\n<b><color=#e62e00>投放费用倍率：1.18</color></b>
作为联邦太阳建造的第一款本土战斗机甲，70吨的 Battleaxe 于2459年首次亮相。它基于 Mackie 所使用的技术，此后不断以新技术更新，直到统一战争结束、Hammerhands 和 Warhammer 等更新的设计服役后才退役。Battleaxe BKX-1X 是最初的原型型号。围绕255级聚变核心建造，BKX-1X 装备两门大型激光和两具LRM-5。一具SRM-6和两挺机枪为该机甲提供一定的近距离火力。\\n\\n<b><color=#e62e00>特性：稳定</color></b>\\n\\n<b><color=#e62e00>投放费用倍率：0.88</color></b>\\n\\n<color=#FFEF00>手臂驱动器限制：左下、右下</color>	战斧是联邦太阳自行建造的第一种战斗机甲，70 吨的它于 2459 年首次亮相。它以麦基所用的技术为基础，此后不断以新技术更新，直到统一战争结束后，随着锤手和战锤等更新的设计服役而退役。战斧 BKX-1X 是最初的原型型号。BKX-1X 围绕一台 255 级聚变核心建造，装备一对大型激光和一对 LRM-5。一具 SRM-6 和一对机枪为机甲提供部分近距离火力。\\n\\n<b><color=#e62e00>特性：稳定</color></b>\\n\\n<b><color=#e62e00>投放成本倍率：0.88</color></b>\\n\\n<color=#FFEF00>臂部驱动器限制：左下、右下</color>
这是天琴联盟的凯撒·施泰纳将军的座机，他是 Furilo 公爵，也是边疆伯爵 Iris Steiner 之子。该机甲的正式编号为 AS7-CS，但大多数人称之为“Dämmerung（黄昏）”。凭借先进的XL引擎，它搭载了庞大的武器阵列。利用节省下来的重量，曾位于前臂的中型激光被替换为大型脉冲激光，悬挂安装在前臂下方。鉴于高斯步枪被视为大口径弹道武器的下一步演进，大公要求以一门弹药充足的高斯步枪取代 Atlas 的 AC/20。SRM弹药仓被完全拆除，LRM弹药仓也缩小，以便沿机甲中线安装一门ER大型激光，而髋部安装的中型激光则使武器库更为完整。如此广泛的武器配置，使该设计在任何距离上都能发挥其大部分武器的威力\\n\\n<b><color=#e62e00>特性：战斗铁拳</color></b>\\n\\n<b><color=#e62e00>投放费用倍率：1.2</color></b>	里兰联盟的凯撒·施泰纳将军——富里洛公爵、边区侯爵艾瑞斯·施泰纳之子——的专属机甲。该机甲名义上编号为 AS7-CS，但大多数人称之为“黎明”(Dämmerung)。得益于先进的 XL 引擎，它装备了极其庞大的武器群。利用节省出的重量，原本置于前臂的中型激光被替换为吊挂在前臂下方的大型脉冲激光。由于认为高斯步枪是重型口径弹道武器的下一步演进，大公要求以一门弹药充足的高斯步枪取代阿特拉斯的 AC/20。SRM 弹仓被完全拆除，LRM 弹仓则被缩小，以便沿机甲中线安装一门 ER 大型激光，髋部安装的中型激光则补全了整个武器库。这种广泛的武器分布使该设计能在任何距离上发挥其大部分火力。\\n\\n<b><color=#e62e00>特性：战斗拳套</color></b>\\n\\n<b><color=#e62e00>投放成本倍率：1.2</color></b>
作为联邦太阳建造的第一款本土战斗机甲，70吨的 Battleaxe 于2459年首次亮相。它基于 Mackie 所使用的技术，此后不断以新技术更新，直到统一战争结束、Hammerhands 和 Warhammer 等更新的设计服役后才退役。Battleaxe BKX-7K 是量产型号。围绕280级聚变核心建造，BKX-7K 装备两门 PPC 和两具LRM-5。一具SRM-6提供一定的近距离火力。\\n\\n<b><color=#e62e00>特性：稳定</color></b>\\n\\n<b><color=#e62e00>投放费用倍率：1.08</color></b>\\n\\n<color=#FFEF00>手臂驱动器限制：左下、右下</color>	战斧是联邦太阳自行建造的第一种战斗机甲，70 吨的它于 2459 年首次亮相。它以麦基所用的技术为基础，此后不断以新技术更新，直到统一战争结束后，随着锤手和战锤等更新的设计服役而退役。战斧 BKX-7K 是量产型号。BKX-7K 围绕一台 280 级聚变核心建造，装备一对 PPC 和一对 LRM-5。一具 SRM-6 提供部分近距离火力。\\n\\n<b><color=#e62e00>特性：稳定</color></b>\\n\\n<b><color=#e62e00>投放成本倍率：1.08</color></b>\\n\\n<color=#FFEF00>臂部驱动器限制：左下、右下</color>
Partisan 在竞技场中并不常见；它速度慢、火力弱、装甲差。但 Ka-Lai Guo 驾驶的 Partisan 则不然。它装备成对的 AC/5 和氏族制造的 UAC/5——后者由一台大型氏族瞄准计算机确保精度——Ka-Lai 的 Partisan 能在大多数敌人逼近之前将其撕碎。混合使用不同武器系统可将一次致命的卡壳导致全部武器失效的风险降到最低，也便于为 AC/5 装填非标准弹药。车上使用了一台燃料电池，将坦克的装甲强化到更具生存能力的水平。\\n\\n<b><color=#ffcc00>生物群系限制：无。</color></b>\\n\\n<b><color=#ffcc00>移动：3/5 格 / 90/150 米。</color></b>\\n\\n<color=#ffcc00><b>装甲：</b>重型铁纤维装甲\\n<b>结构：</b>标准结构\\n<b>数值       A        S  </b>\\n<b>前部</b>       160     40\\n<b>左侧</b>         140     40\\n<b>右侧</b>       140     40\\n<b>后部</b>        120     40\\n<b>炮塔</b>      160     40\\n\\n<b>总计</b>      720    200</color>\\n\\n<color=#ff0000>特性：防空瞄准</color>	游击队在竞技场上并不常见；它缓慢、火力不足且装甲薄弱。而郭嘉莱驾驶的游击队则不然。装备着成对的 AC/5 和氏族制造的 UAC/5——其精度由一台巨大的氏族瞄准计算机保证——嘉莱的游击队能在大多数敌人靠近之前将其撕碎。混用武器系统把一次致命的卡壳导致全部武器失效的风险降到最低，也让 AC/5 可以装填非标准弹药。燃料电池被用来把坦克的装甲提升到更具生存性的水平。\\n\\n<b><color=#ffcc00>生物群系限制：无。</color></b>\\n\\n<b><color=#ffcc00>移动力：3/5 格 / 90/150 米。</color></b>\\n\\n<color=#ffcc00><b>装甲：</b>重型铁纤装甲\\n<b>结构：</b>结构\\n<b>数值       A        S  </b>\\n<b>正面</b>       160     40\\n<b>左侧</b>         140     40\\n<b>右侧</b>       140     40\\n<b>后方</b>        120     40\\n<b>炮塔</b>      160     40\\n\\n<b>总计</b>      720    200</color>\\n\\n<color=#ff0000>特性：防空瞄准</color>
Bernd Skorstad 的 Saladin 悬浮坦克不仅配备了不寻常的主武器，还用一台定制的105级聚变引擎取代了常见的ICE引擎。这一小小新意的原因，在于那门取代标准自动炮的双联激光。这套方案源自一项早已被废弃遗忘的 DCMS 改装计划，Skorstad 的 Saladin 打击力度几乎与标准型相当，射程却近乎翻倍。最近加装的铁纤维装甲板改善了防护，这对 Skorstad 参与的那种比赛而言至关重要。\\n\\n<b><color=#ffcc00>生物群系限制：无。</color></b>\\n\\n<b><color=#ffcc00>移动：9/14 格 / 270/420 米。</color></b>\\n\\n<color=#ffcc00><b>装甲：</b>铁纤维装甲\\n<b>结构：</b>标准结构\\n<b>数值       A        S  </b>\\n<b>前部</b>       100     20\\n<b>左侧</b>          80     20\\n<b>右侧</b>        80     20\\n<b>后部</b>         75     20\\n\\n<b>总计</b>      335     80</color>\\n\\n<color=#ff0000>特性：坚固</color>	贝恩德·斯科斯塔德的萨拉丁悬浮坦克装备了一种不寻常的主武器，它还采用了定制建造的 105 级聚变引擎，而非典型的内燃机。这个小创新的原因在于以二元激光取代了标准自动炮。这门激光源自一个早已被放弃和遗忘的 DCMS 改装项目，斯科斯塔德的萨拉丁威力几乎不逊于标准型号，射程却几乎是它的两倍。最近安装的铁纤装甲板提升了装甲防护；这对于斯科斯塔德所参与的那种比赛至关重要。\\n\\n<b><color=#ffcc00>生物群系限制：无。</color></b>\\n\\n<b><color=#ffcc00>移动力：9/14 格 / 270/420 米。</color></b>\\n\\n<color=#ffcc00><b>装甲：</b>铁纤装甲\\n<b>结构：</b>结构\\n<b>数值       A        S  </b>\\n<b>正面</b>       100     20\\n<b>左侧</b>          80     20\\n<b>右侧</b>        80     20\\n<b>后方</b>         75     20\\n\\n<b>总计</b>      335     80</color>\\n\\n<color=#ff0000>特性：坚固</color>
Rhino 传统上用作火力支援车辆，远居后方避开激战，因此通常速度缓慢，近距离下几乎毫无自卫能力。Aaron McMinn 的 Rhino 则不然。这位前 LCAF 坦克指挥官不惜重金强化他的座车。标准的240级聚变引擎被拆下，换上一台庞大的320级XL引擎。增压器进一步提升了 Rhino 的速度；凭借超过80公里/小时的最高速度，Rhino 常常能跑赢更轻的对手。近身防御也得到增强，加装了两门中型脉冲激光，LRM 则换成氏族同型并装上 Artemis IV 系统。最后，Rhino 换上铁纤维装甲板，大幅改善了车辆的装甲。\\n\\n<b><color=#ffcc00>生物群系限制：无。</color></b>\\n\\n<b><color=#ffcc00>移动：4/6 格 / 120/180 米。</color></b>\\n\\n<color=#ffcc00><b>装甲：</b>铁纤维装甲\\n<b>结构：</b>标准结构\\n<b>数值       A        S  </b>\\n<b>前部</b>       350     40\\n<b>左侧</b>         290     40\\n<b>右侧</b>       290     40\\n<b>后部</b>        225     40\\n<b>炮塔</b>      310     40\\n\\n<b>总计</b>      1465    200</color>\\n\\n<color=#ff0000>特性：改进瞄准 - 远距离</color>	传统上犀牛被用作火力支援车辆，远远待在战场后方，通常在近距离下是缓慢且几乎没有防御的坦克。亚伦·麦克明的却不然。这位前 LCAF 坦克指挥官不惜重金改装了自己的座驾。标准的 240 级聚变引擎被拆掉，换成了一台巨大的 320 级 XL 引擎。增压器进一步增强犀牛的速度；最高时速超过 80 公里，犀牛常常能跑赢更轻的对手。近身防御方面加装了一对中型脉冲激光，LRM 也换成了氏族同型并安装了 Artemis IV 系统。最后，犀牛重新铺上铁纤装甲，大幅提升了车辆的装甲。\\n\\n<b><color=#ffcc00>生物群系限制：无。</color></b>\\n\\n<b><color=#ffcc00>移动力：4/6 格 / 120/180 米。</color></b>\\n\\n<color=#ffcc00><b>装甲：</b>铁纤装甲\\n<b>结构：</b>结构\\n<b>数值       A        S  </b>\\n<b>正面</b>       350     40\\n<b>左侧</b>         290     40\\n<b>右侧</b>       290     40\\n<b>后方</b>        225     40\\n<b>炮塔</b>      310     40\\n\\n<b>总计</b>      1465    200</color>\\n\\n<color=#ff0000>特性：改良瞄准 - 远距</color>
Rommel 坦克是一辆65吨的装甲战斗车辆，专精近距离作战与城市战。除了武器与装甲配置外，它与孪生型号 Patton 在各方面都毫无二致，主要服役于天琴联邦与天琴联盟。它的名字取自埃尔温·隆美尔元帅——一位传奇的装甲与机械化部队指挥官，以在地球第二次世界大战期间的战绩闻名。Rommel 与 Patton 在3000年代初同步设计，当时 Defiance Industries 认定需要一种能够替代机甲的装甲战斗车辆。由于机甲生产几乎陷入停滞，能否生产并部署装甲车辆已成为每个继承国的必需品。\\n\\n<b><color=#ffcc00>生物群系限制：无。</color></b>\\n\\n<b><color=#ffcc00>移动：4/6 格 / 120/180 米。</color></b>\\n\\n<color=#ffcc00><b>装甲：</b>铁纤维装甲\\n<b>结构：</b>标准结构\\n<b>数值       A        S  </b>\\n<b>前部</b>       220     35\\n<b>左侧</b>         200     35\\n<b>右侧</b>       200     35\\n<b>后部</b>        150     35\\n<b>炮塔</b>      220     35\\n\\n<b>总计</b>      990    175</color>\\n\\n<color=#ff0000>特性：主战坦克</color>	隆美尔坦克是一种 65 吨装甲战斗车辆，专精近距离作战和城市战。除了武器与装甲配置外，它在各方面都与它的孪生兄弟巴顿完全相同，主要服役于天琴联邦和里兰联盟。它以埃尔温·隆美尔元帅命名，这位传奇的装甲与机械化部队指挥官因在地球第二次世界大战中的战绩而闻名。隆美尔在 3000 年代初与巴顿同时设计，当时迪法恩斯工业认定需要一种能够替代机甲的装甲战斗车辆。由于机甲生产几乎停滞，生产并部署装甲车辆的能力成了每个继承国的必需。\\n\\n<b><color=#ffcc00>生物群系限制：无。</color></b>\\n\\n<b><color=#ffcc00>移动力：4/6 格 / 120/180 米。</color></b>\\n\\n<color=#ffcc00><b>装甲：</b>铁纤装甲\\n<b>结构：</b>结构\\n<b>数值       A        S  </b>\\n<b>正面</b>       220     35\\n<b>左侧</b>         200     35\\n<b>右侧</b>       200     35\\n<b>后方</b>        150     35\\n<b>炮塔</b>      220     35\\n\\n<b>总计</b>      990    175</color>\\n\\n<color=#ff0000>特性：主战坦克</color>
Kyle MacGlashan 对自己那辆 Kanga 的来历讳莫如深，而这款坦克理论上早已绝迹。但这件博物馆展品丝毫不因此减少几分危险，今年它已斩获8场胜利。Kyle 的 Kanga 为近身混战配置，相比原版型号经过大幅改装。改用燃料电池后，主炮得以升级为 LB-10X 型号。导弹挂架同样被换成两具 Streak SRM-2，一门小型激光则取代了机枪。\\n\\n<b><color=#ffcc00>生物群系限制：无。</color></b>\\n\\n<b><color=#ffcc00>移动：8/12 格 / 240/360 米。</color></b>\\n\\n<color=#ffcc00><b>装甲：</b>标准装甲\\n<b>结构：</b>标准结构\\n<b>数值       A        S  </b>\\n<b>前部</b>       150     25\\n<b>左侧</b>         110     25\\n<b>右侧</b>       110     25\\n<b>后部</b>        110     25\\n\\n<b>总计</b>      480    100</color>\\n\\n<color=#ff0000>特性：受保护机构</color>	凯尔·麦克格拉申对他的袋鼠从何而来非常讳莫如深，毕竟这种坦克理论上早已灭绝。但这并不妨碍这台博物馆藏品危险半分，今年它已经拿下 8 场胜利。为近身混战而装备，凯尔的袋鼠相比原版有了显著改装。改用燃料电池使主炮得以升级为 LB-10X 型号。导弹发射架同样换成了一对连环 SRM-2，一门小型激光取代了机枪。\\n\\n<b><color=#ffcc00>生物群系限制：无。</color></b>\\n\\n<b><color=#ffcc00>移动力：8/12 格 / 240/360 米。</color></b>\\n\\n<color=#ffcc00><b>装甲：</b>装甲\\n<b>结构：</b>结构\\n<b>数值       A        S  </b>\\n<b>正面</b>       150     25\\n<b>左侧</b>         110     25\\n<b>右侧</b>       110     25\\n<b>后方</b>        110     25\\n\\n<b>总计</b>      480    100</color>\\n\\n<color=#ff0000>特性：受保护机构</color>
作为“氏族克星”升级方案，射手 5CS 是 Comstar 的原型机，为装备将要在图卡伊德作战的部队而仓促投产。为了尽可能多地携带火力，额定 280 的 XL 发动机、内骨骼底盘与 DHS 的组合省出了装设 4 具 LRM-15 所需的吨位，以及一套 Artemis IV 火控系统。此外保留了两门中型激光，以备敌人逼近射手。\\n\\n<b><color=#e62e00>特性：战斗铁拳</color></b>\\n\\n<b><color=#e62e00>空投成本倍率：1.1</color></b>	作为一款"氏族克星"升级型，弓箭手 5CS 是通讯之星的原型机，为装备将在图卡伊德作战的部队而紧急投产。它追求尽可能强的火力：280 额定 XL 引擎、内钢骨架与 DHS 的组合腾出了所需吨位，用于装载 4 具带 Artemis IV 火控系统的 LRM-15。若敌人逼近弓箭手，还保留了一对中型激光。\\n\\n<b><color=#e62e00>特性：战斗铁拳</color></b>\\n\\n<b><color=#e62e00>投放成本倍率：1.1</color></b>
凤凰鹰 1bC 是一款“氏族杀手”升级型，是通讯之星利用继承自SLDF第112皇家骠骑兵团的受损凤凰鹰 1b 进行的改装。PHX-1bC 由270 XL引擎驱动，采用内钢骨架，装备一门增程大型激光和两门中型激光。Narc信标和4吨弹药使该机甲能为友方火炮与支援单位提供指引，而一具火焰喷射器则赋予其一定的反步兵能力。1b 的CASE和Guardian ECM得以保留。\\n\\n<b><color=#e62e00>特性：改良通讯</color></b>\\n\\n<b><color=#e62e00>出击成本系数：1.03</color></b>	作为一款"氏族克星"升级型，凤凰鹰 1bC 是通讯之星的改装型号，所用机体来自 SLDF 第 112 皇家骠骑兵团遗留的受损凤凰鹰 1b。PHX-1bC 由 270 XL 引擎驱动，采用内钢骨架，装备一门增程大型激光和两门中型激光。一具 Narc 信标与 4 吨弹药让该机甲能为友军炮兵与支援单位提供目标指示，而一具火焰喷射器则赋予其一定的反步兵能力。1b 型的 CASE 与守护者 ECM 得以保留。\\n\\n<b><color=#e62e00>特性：通讯改良</color></b>\\n\\n<b><color=#e62e00>投放成本倍率：1.03</color></b>
作为Ballista与Thumper火炮坦克的早期前身，原始版收割者自行火炮的历史可追溯到地球霸权早期。其前部车体装有一门Thumper火炮，配3吨弹药，并装有一门小型激光用于近距离自卫。\\n\\n<b><color=#ffcc00>生态限制：由于使用内燃机，本单位无法部署于月球或火星生态区。</color></b>\\n\\n<b><color=#ffcc00>移动：3/5 格 / 90/150 米。</color></b>\\n\\n<color=#ffcc00><b>装甲：</b>原始装甲\\n<b>结构：</b>原始结构\\n<b>数值       A        S  </b>\\n<b>正面</b>       200     30\\n<b>左侧</b>         195     30\\n<b>右侧</b>       195     30\\n<b>后方</b>        190     30\\n\\n<b>总计</b>      780    120</color>\\n\\n<color=#ff0000>特性：对空瞄准</color>	作为弩炮与Thumper火炮坦克的早期前身，原始版收割者自行火炮的历史可追溯到地球霸权早期。其前部车体装有一门Thumper火炮，配3吨弹药，并装有一门小型激光用于近距离自卫。\\n\\n<b><color=#ffcc00>生物群系限制：该单位使用内燃机（ICE），无法部署于月球或火星生物群系。</color></b>\\n\\n<b><color=#ffcc00>移动力：3/5 格 / 90/150 米。</color></b>\\n\\n<color=#ffcc00><b>装甲：</b>原始装甲\\n<b>结构：</b>原始结构\\n<b>数值       A        S  </b>\\n<b>正面</b>       200     30\\n<b>左侧</b>         195     30\\n<b>右侧</b>       195     30\\n<b>后方</b>        190     30\\n\\n<b>总计</b>      780    120</color>\\n\\n<color=#ff0000>特性：防空瞄准</color>
这是天龙联合体版本的 3053 型 Striker。SRM 发射器及其弹药被拆除，换成一座炮塔安装的 ER 中型激光；LRM-15 的弹药提升至 16 发；此外该坦克还配备了 Guardian ECM 套件与 C3 从属计算机。Striker 轻型坦克最初是 Valiant Systems 与 Wunderland Enterprises 在 Johnsondale 星球上的合作项目。两家公司联手成立了一家名为 Valiant Vehicles 的合资公司，Striker 便是其首款产品。这款低成本的轻型火力支援坦克在 31 世纪第一个十年推出后，迅速成为 AFFS 的中坚装备，Striker 的订单很快便超出了 Valiant 生产线的产能。\\n\\n<b><color=#ffcc00>生物群系限制：无。</color></b>\\n\\n<b><color=#ffcc00>移动力：5/8 格 / 150/240 米。</color></b>\\n\\n<color=#ffcc00><b>装甲：</b> 铁纤维\\n<b>结构：</b> 结构\\n<b>数值       A        S  </b>\\n<b>正面</b>       160     20\\n<b>左侧</b>         120     20\\n<b>右侧</b>       120     20\\n<b>后部</b>        100     20\\n<b>炮塔</b>      125     20\\n\\n<b>总计</b>      625    100</color>\\n\\n<color=#ff0000>特性：精准武器 - 导弹</color>	这是 3053 年 Striker 的天龙联合体版本。SRM 发射器及其弹药被拆除，换成炮塔上的一门 ER 中型激光；LRM-15 的弹药提升到 16 发；该坦克还获得了一套 Guardian ECM 组件和一台 C3 从属计算机。Striker 轻型坦克起初是 Valiant 系统公司与 Wunderland 企业在 Johnsondale 行星上的合资项目。两家公司合力组建了名为 Valiant 车辆的合资公司，Striker 便是他们的第一款产品。这款低成本轻型火力支援坦克在 31 世纪头十年推出后成为 AFFS 的中坚装备，Striker 的订单很快超出了 Valiant 生产线的产能。\\n\\n<b><color=#ffcc00>地形限制：无。</color></b>\\n\\n<b><color=#ffcc00>移动力：5/8 格 / 150/240 米。</color></b>\\n\\n<color=#ffcc00><b>装甲：</b>铁纤维\\n<b>结构：</b>结构\\n<b>Values       A        S  </b>\\n<b>正面</b>       160     20\\n<b>左侧</b>         120     20\\n<b>右侧</b>       120     20\\n<b>后方</b>        100     20\\n<b>炮塔</b>      125     20\\n\\n<b>总计</b>      625    100</color>\\n\\n<color=#ff0000>特性：精准武器 - 导弹</color>
这一改型以 3053/3058 版为基础，是 3054 年的型号，它通过舍弃 Artemis IV 制导系统，将 LRM 弹药储存舱的容量提升了 100%。同时还增加了半吨装甲防护。Striker 轻型坦克最初是 Valiant Systems 与 Wunderland Enterprises 在 Johnsondale 星球上的合作项目。两家公司联手成立了一家名为 Valiant Vehicles 的合资公司，Striker 便是其首款产品。这款低成本的轻型火力支援坦克在 31 世纪第一个十年推出后，迅速成为 AFFS 的中坚装备，Striker 的订单很快便超出了 Valiant 生产线的产能。\\n\\n<b><color=#ffcc00>生物群系限制：无。</color></b>\\n\\n<b><color=#ffcc00>移动力：5/8 格 / 150/240 米。</color></b>\\n\\n<color=#ffcc00><b>装甲：</b> 铁纤维\\n<b>结构：</b> 结构\\n<b>数值       A        S  </b>\\n<b>正面</b>       180     20\\n<b>左侧</b>         125     20\\n<b>右侧</b>       125     20\\n<b>后部</b>        100     20\\n<b>炮塔</b>      140     20\\n\\n<b>总计</b>      670    100</color>\\n\\n<color=#ff0000>特性：精准武器 - 导弹</color>	基于 3053/3058 版本，这一 3054 年型号通过取消 Artemis IV 制导系统，把 LRM 弹药储存舱容量提升了 100%，另外还增加了半吨装甲防护。Striker 轻型坦克起初是 Valiant 系统公司与 Wunderland 企业在 Johnsondale 行星上的合资项目。两家公司合力组建了名为 Valiant 车辆的合资公司，Striker 便是他们的第一款产品。这款低成本轻型火力支援坦克在 31 世纪头十年推出后成为 AFFS 的中坚装备，Striker 的订单很快超出了 Valiant 生产线的产能。\\n\\n<b><color=#ffcc00>地形限制：无。</color></b>\\n\\n<b><color=#ffcc00>移动力：5/8 格 / 150/240 米。</color></b>\\n\\n<color=#ffcc00><b>装甲：</b>铁纤维\\n<b>结构：</b>结构\\n<b>Values       A        S  </b>\\n<b>正面</b>       180     20\\n<b>左侧</b>         125     20\\n<b>右侧</b>       125     20\\n<b>后方</b>        100     20\\n<b>炮塔</b>      140     20\\n\\n<b>总计</b>      670    100</color>\\n\\n<color=#ff0000>特性：精准武器 - 导弹</color>
Striker 轻型坦克最初是 Valiant Systems 与 Wunderland Enterprises 在 Johnsondale 星球上的合作项目。两家公司联手成立了一家名为 Valiant Vehicles 的合资公司，Striker 便是其首款产品。这款低成本的轻型火力支援坦克在 31 世纪第一个十年推出后，迅速成为 AFFS 的中坚装备，Striker 的订单很快便超出了 Valiant 生产线的产能。\\n\\n<b><color=#ffcc00>生物群系限制：由于使用内燃机，该单位无法在月球或火星生物群系中部署。</color></b>\\n\\n<b><color=#ffcc00>移动力：5/8 格 / 150/240 米。</color></b>\\n\\n<color=#ffcc00><b>装甲：</b> 装甲\\n<b>结构：</b> 结构\\n<b>数值       A        S  </b>\\n<b>正面</b>       140     20\\n<b>左侧</b>         100     20\\n<b>右侧</b>       100     20\\n<b>后部</b>         90     20\\n<b>炮塔</b>      125     20\\n\\n<b>总计</b>      555    100</color>\\n\\n<color=#ff0000>特性：精准武器 - 导弹</color>	Striker 轻型坦克起初是 Valiant 系统公司与 Wunderland 企业在 Johnsondale 行星上的合资项目。两家公司合力组建了名为 Valiant 车辆的合资公司，Striker 便是他们的第一款产品。这款低成本轻型火力支援坦克在 31 世纪头十年推出后成为 AFFS 的中坚装备，Striker 的订单很快超出了 Valiant 生产线的产能。\\n\\n<b><color=#ffcc00>地形限制：由于使用内燃机，本单位无法部署于月球或火星地形。</color></b>\\n\\n<b><color=#ffcc00>移动力：5/8 格 / 150/240 米。</color></b>\\n\\n<color=#ffcc00><b>装甲：</b>装甲\\n<b>结构：</b>结构\\n<b>Values       A        S  </b>\\n<b>正面</b>       140     20\\n<b>左侧</b>         100     20\\n<b>右侧</b>       100     20\\n<b>后方</b>         90     20\\n<b>炮塔</b>      125     20\\n\\n<b>总计</b>      555    100</color>\\n\\n<color=#ff0000>特性：精准武器 - 导弹</color>
Striker 在 30 世纪 40 年代经历了一次重大改装：其内燃机被换成聚变引擎，原始的普通装甲由铁纤维装甲取代。该车的 LRM 发射器升级为 LRM-15，并以 Artemis IV 火控系统进一步增强。原本较大的 SRM 发射器则被换成一对 Streak SRM-2 发射器，由一吨弹药供弹。Striker 轻型坦克最初是 Valiant Systems 与 Wunderland Enterprises 在 Johnsondale 星球上的合作项目。两家公司联手成立了一家名为 Valiant Vehicles 的合资公司，Striker 便是其首款产品。这款低成本的轻型火力支援坦克在 31 世纪第一个十年推出后，迅速成为 AFFS 的中坚装备，Striker 的订单很快便超出了 Valiant 生产线的产能。\\n\\n<b><color=#ffcc00>生物群系限制：无。</color></b>\\n\\n<b><color=#ffcc00>移动力：5/8 格 / 150/240 米。</color></b>\\n\\n<color=#ffcc00><b>装甲：</b> 铁纤维\\n<b>结构：</b> 结构\\n<b>数值       A        S  </b>\\n<b>正面</b>       160     20\\n<b>左侧</b>         130     20\\n<b>右侧</b>       130     20\\n<b>后部</b>        105     20\\n<b>炮塔</b>      135     20\\n\\n<b>总计</b>      660    100</color>\\n\\n<color=#ff0000>特性：精准武器 - 导弹</color>	Striker 在 3040 年代经历了一次重大改装，其内燃机被换成聚变引擎，原有的标准装甲换成铁纤维装甲。车辆的 LRM 发射器升级为 LRM-15，并进一步加装 Artemis IV 火控系统增强。原本更大的 SRM 发射器被换成两具 Streak SRM-2 发射器，由一吨弹药供弹。Striker 轻型坦克起初是 Valiant 系统公司与 Wunderland 企业在 Johnsondale 行星上的合资项目。两家公司合力组建了名为 Valiant 车辆的合资公司，Striker 便是他们的第一款产品。这款低成本轻型火力支援坦克在 31 世纪头十年推出后成为 AFFS 的中坚装备，Striker 的订单很快超出了 Valiant 生产线的产能。\\n\\n<b><color=#ffcc00>地形限制：无。</color></b>\\n\\n<b><color=#ffcc00>移动力：5/8 格 / 150/240 米。</color></b>\\n\\n<color=#ffcc00><b>装甲：</b>铁纤维\\n<b>结构：</b>结构\\n<b>Values       A        S  </b>\\n<b>正面</b>       160     20\\n<b>左侧</b>         130     20\\n<b>右侧</b>       130     20\\n<b>后方</b>        105     20\\n<b>炮塔</b>      135     20\\n\\n<b>总计</b>      660    100</color>\\n\\n<color=#ff0000>特性：精准武器 - 导弹</color>
铆钉枪由 Sheridan Constructs 的 SC-M“Powerjoin”系列推广开来，能将白热化的铆钉高速射入建筑材料之中。它对战斗机甲装甲无效，却能击穿单兵装甲，并对已剥落装甲的部位造成严重的异物损伤。对于某个部位装甲已完全损失的机甲，铆钉可以穿透并直接损伤内部部件。绝望的机师曾用它们来控制人群，足以残忍地致残或成打地杀死无防护人员。	【Rivet Gun】铆钉枪因Sheridan建筑公司的SC-M“Powerjoin”系列而广为人知  能够高速发射炽热的铆钉穿透建筑材料. 虽然对战斗机甲装甲无效  但它们可以穿透个人护甲  并对装甲剥落部位造成严重的异物伤害. 对于某个部位的装甲已经全部损毁的机甲  铆钉可以直接穿透并对内部组件造成伤害. 走投无路的驾驶员也曾将其用于人群控制  能够将未受保护的人员成批严重致残甚至杀死.
枪声响起，喧嚣短暂地停了一瞬，随即整间酒馆炸开了锅，所有人争先恐后地往门口跑。Darius 和 Rance 一样震惊，两人在你手里冒烟的枪和那人衬衫上扩散的血迹之间来回看着。\\n\\nRance 脸上终于露出认出的神色。“{COMMANDER.FirstName} {COMMANDER.LastName}……”他只来得及说出这几个字，便倒了下去。\\n\\n这时 Darius 接手了局面，抓住你的手肘往厨房出口拖。“那么，指挥官，我是不是该改口叫你<i>魔鬼</i>了？”	枪声响起，餐厅里瞬间死寂，直到整个酒馆炸开锅，所有人夺门而逃。达里乌斯和兰斯一样震惊，两人一会儿看着你手中冒烟的枪，一会儿看着那人衬衫上蔓延开的血迹。\\n\\n兰斯脸上终于露出认出的神情。"{COMMANDER.FirstName} {COMMANDER.LastName}……"他只来得及说出这些就栽倒在地。\\n\\n这时，达里乌斯掌控了局面，一把抓住你的胳膊肘往厨房出口走。"我说，指挥官，我是不是该改口叫你<i>恶魔</i>了？"
今天就试试 Quicsell 的 Ferro 装甲吧！它甚至比广受欢迎的 Ferro-Fibrous 装甲更轻，体积也只略微增加。占用 12 个槽位。	今天就试试Quicsell的铁装甲吧! 它比广受欢迎的铁纤维装甲更轻，只是略微更占空间. 预留 12 个槽位.
Produced by Hilltopper Engineering (a spin off of the mercenary command Holt's Hilltoppers) for the Fronc Reaches' Colonial Marshals the TinStar came as a shock both to the Fronc Reaches' neighbors and the local pirate groups when it was introduced in 3086. The initial suit contained a mixture of Clan and Inner Sphere technology that, while being powerful, was regarded as undesirable by the Marshals due to its reliance on outside suppliers. Hilltopper Engineering would accommodate the Marshals request for a more production friendly variant which would lead to the first mass production line outside of vehicles for the Fronc Reaches at the time.	TinStar 由 Hilltopper Engineering（雇佣军指挥部 Holt's Hilltoppers 的衍生品）为 Fronc Reaches 的殖民元帅生产，在 3086 年推出时，震惊了 Fronc Reaches 的邻居和当地海盗集团。最初的套装混合了氏族和内部球体技术，虽然功能强大，但由于依赖外部供应商而被元帅们视为不受欢迎。 Hilltopper Engineering 将满足元帅们对生产更友好的变型的要求，这将导致当时 Fronc Reaches 车辆之外的第一条大规模生产线。
Produced on Shitara for The Republic of the Sphere, the Thunderbird II battle armor is an upgrade of the Thunderbird battle armor produced by Clan Nova Cat expats. The modular weapons mount of the original were replaced with a Detachable Weapon Pack in each arm. The left arm carries a single AP Gauss Rifle while the right arm carries a LB-X (Battle Armor). Reflective armor protects the Thunderbird II. What makes it so deadly in the Republic Armed Forces is the integrated Battle Armor C3 system.	Thunderbird II 战斗装甲是在 Shitara 为球体共和国生产的，是 Clan Nova Cat 外籍人士生产的 Thunderbird 战斗装甲的升级版。原版的模块化武器安装座被每个手臂上的可拆卸武器包所取代。左臂携带一把AP高斯步枪，右臂携带一把LB-X（战斗装甲）。反光装甲保护雷鸟 II。使它在共和国武装部队中如此致命的是集成战斗装甲 C3 系统。
"Sorry everyone, we just have too much on our plates right now. Let someone else handle the Raptors."	“抱歉大家，我们现在手头的事实在太多了。让别的什么人去对付猛禽吧。”
"There is no such thing as a wrong opinion" is the slogan of Kira Place, a premium center for education located on Home.	“没有所谓的错误观点”是位于Home的高端教育中心Kira Place的口号.
"Where the elite meet, greet, and satisfy their most wicked desires" is the slogan of Dustball, an inhospitable world that is vastly wealthy thanks to its pleasure palaces.	“精英们在此相聚、寒宣，并满足他们最邪恶的欲望”是Dustball的标语. Dustball是一个不宜居住的世界，却因其享乐宫殿而极其富有.
(Minimum Score: 0) At this rank, you are just starting out, and have no significant accomplishments.	(最低分数: 0) 在这个级别，你才刚刚开始，没有什么重大成就.
(Minimum Score: 160,000) You're a competent mercenary captain with many contracts under your belt.	(最低分数: 160，000) 你已经有了许多合约的经验，是个称职的佣兵队长.
(Minimum Score: 320,000) You're a well-known, capable mercenary, trusted by most of the major states of the Inner Sphere and Periphery.	(最低分数: 320，000) 你是个有才干的知名佣兵，内天体和外围的多数大国都信任你的实力.
(Minimum Score: 480,000) You're one of the best mercenary commanders around, and employers compete with each other to hire you.	(最低分数: 480，000) 你已经成为顶级佣兵指挥官的一员，雇主们争相雇佣你.
(Minimum Score: 640,000) Your reputation precedes you wherever you go, and opponents have been known to quit the field rather than face you.	(最低分数: 640，000) 你声名远扬，在战场上你的敌人都望风而逃.
In the dark, sight 射程 是significantly reduced. 该full moon, however, improves visibility by 10%. All units 拥有+1 Defense.	在黑暗中，视野范围显著缩短. 然而，满月将能见度提升了 10%，所有单位获得 +1 防御.
(Minimum Score: 760,000) Your skills are the stuff of legend, and you are peerless and unmatched on the battlefield. Your name is known across the Inner Sphere.	(最低分数: 760，000) 你已经是一位传奇人物，在战场上无可匹敌，你的大名传遍整个内天体.
(Minimum Score: 80,000) You've worked the Periphery as a mercenary for hire.	(Minimum Score: 80，000)你已经作为雇佣兵为外围效力.
[A time-limited contract will appear in the command center]	[一份限时合约将出现在指挥中心]
<color=#BFBFBF>Farah uploads the packet to navigation control. Thirteen systems are flagged with updated threat profiles and recent Tribe activity. One under Watch control. The war is spreading, and now you can see where.</color>	<color=#BFBFBF>法拉将数据包上传至导航控制系统. 十三个星系被标记为更新后的威胁区域，并附有近期部落活动记录. 其中一个星系处于监察部控制之下. 战争正在蔓延，而现在，你终于能看清它扩散的方向.</color>
<color=#BFBFBF>The attack on <i>Horgens</i> continues. You have to choose the next contract to attempt, only once all three are finished will the attack be successful.</color>	<color=#BFBFBF>对<i>Horgens</i> 的进攻仍在继续. 你必须选择下一份要执行的合约，只有完成全部三项任务，进攻才会成功.</color>
<color=#BFBFBF>The attack on <i>Rim Worlds Republic Outpost #11</i> continues. You have to choose the next contract to attempt, only once all three are finished will the attack be successful.</color>	<color=#BFBFBF>对<i>边缘世界共和国前哨站11号</i> 的进攻仍在继续. 你必须选择下一份要执行的合约，只有完成全部三项任务，进攻才会成功.</color>
<color=#BFBFBF>The attack on <i>Star Cluster 752</i> continues. You have to choose the next contract to attempt, only once all three are finished will the attack be successful.</color>	<color=#BFBFBF>对<i>星团752</i> 的进攻仍在继续. 你必须选择下一份要执行的合约，只有完成全部三项任务，进攻才会成功.</color>
<color=#BFBFBF>The crew returns to readiness. Fuel topped. 装甲 patched. Jump plotted. Whatever Arelle has to say, it won't be simple.</color>	<color=#BFBFBF>船员们恢复戒备状态. 燃料加满. 装甲修补完毕. 跃迁航线已规划. 无论阿蕾尔要说什么，都不会简单.</color>
<color=#BFBFBF>The defense of <i>Horgens</i> continues. You have to choose the next contract to attempt, only once all three are finished is the defense successful.</color>	<color=#BFBFBF><i>Horgens</i> 的防御仍在继续. 你必须选择下一份合约执行，只有三份都完成后，防御行动才算成功.</color>
<color=#BFBFBF>The defense of <i>Rim Worlds Republic Outpost #11</i> continues. You have to choose the next contract to attempt, only once all three are finished is the defense successful.</color>	<color=#BFBFBF><i>边缘世界共和国前哨11号</i> 的防御仍在继续. 你必须选择下一份合约执行，只有三份都完成后，防御行动才算成功.</color>
<color=#BFBFBF>The defense of <i>Star Cluster 752</i> continues. You have to choose the next contract to attempt, only once all three are finished is the defense successful.</color>	<color=#BFBFBF><i>星团752</i> 的防御仍在继续. 你必须选择下一份合约执行，只有三份都完成后，防御行动才算成功.</color>
<color=#BFBFBF>The supplies are soon added to the general inventory of the <i>Argo</i>, no trace left of what their source was.</color>	<color=#BFBFBF>这些补给很快被加入<i>阿尔戈号</i> 的常规库存中，不再留下任何关于它们来源的痕迹。</color>
<color=#BFBFBF>You are not sure what to do next as you wait for Arelle's next commands, but might as well look around while you are out here in the outer fringe of the Deep Periphery.</color>	<color=#BFBFBF>在等待阿蕾尔的下一步指示时，你还不确定接下来该做什么。不过，既然已经来到深空外围的边缘地带，倒不如趁此机会四处看看。</color>
<color=#BFBFBF>You consider the situation briefly before shaking your head at Darius.</color> "No, that just sounds far too shady. Let's not take such risk at the current time."	<color=#BFBFBF>你略一思忖，便朝达吕斯摇了摇头。</color>“不行，这听起来实在太可疑了。眼下咱们还是别冒这种险了。”
<color=#BFBFBF>You give the go ahead to Farah, you doubt any Ghost Bears are left unharmed on this planet with the ruthlessness of Joanna.</color>	<color=#BFBFBF>你示意法拉继续. 以Joanna的冷酷手段来看，你怀疑这颗星球上已经没有任何幸存的幽灵熊成员能安然无恙.</color>
<color=#BFBFBF>You head into the conference room and open a return channel on the same band. The response comes back immediately, as if he has been waiting.</color>	<color=#BFBFBF>你走进会议室，在同一波段上打开回传频道. 回复立刻传来，仿佛他一直在等待.</color>
A binary star system, the fifth world is nicknamed "Brimstone" by the natives; it has a large satellite world called Fire. The temperature range at the polar capital of Port Erebus can vary over 70 degrees in one day.	这是一个双星系统，第五颗行星被当地人昵称为“硫磺”；它有一颗巨大的卫星世界，名为“火”. 位于极地首府厄瑞玻斯港的气温在一天内变化可超过70度.
A Bondsman was a prisoner taken during combat by a Clan, of any caste or rank, who was held as an indentured servant. Bondsmen were bound by tradition, rather than chains, to work dutifully for their new masters. For a bondsman to purposefully neglect their responsibilities or even attempt escape stained not just their personal honor but the honor of their original Clan. Typically, a bondsman would either be released from their bond and sent back home, with little honor lost, or after a given period of time, be adopted and become a free, full member of their new Clan. When and whether an individual was released from their servitude varied between Clans and individuals: some only spent a token amount of time before being freed from their bondscord, while others would live out the rest of their lives as bondsmen.	俘虏是指在战斗中氏族捕获的囚犯，不论其种姓或军衔如何，都会被当作契约仆役关押. 俘虏受传统约束，而非锁链，必须为他们的新主人勤勉工作. 如果俘虏故意玩忽职守甚至试图逃跑，不仅会玷污其个人荣誉，也会玷污其原属氏族的荣誉. 通常，俘虏要么被解除束缚送回故乡，荣誉损失甚微; 要么在特定时期后被接纳，成为新氏族的自由正式成员. 个人何时以及是否被解除劳役，因氏族和个体而异: 有些人只度过象征性的短暂时间便被释放，而另一些人则会终其一生作为俘虏.
A Bondswoman was a prisoner taken during combat by a Clan, of any caste or rank, who was held as an indentured servant. Bondswomen were bound by tradition, rather than chains, to work dutifully for their new masters. For a bondswoman to purposefully neglect their responsibilities or even attempt escape stained not just their personal honor but the honor of their original Clan. Typically, a bondswoman would either be released from their bond and sent back home, with little honor lost, or after a given period of time, be adopted and become a free, full member of their new Clan. When and whether an individual was released from their servitude varied between Clans and individuals: some only spent a token amount of time before being freed from their bondscord, while others would live out the rest of their lives as bondswomen.	俘虏是指在战斗中氏族捕获的囚犯，不论其种姓或军衔如何，都会被当作契约仆役关押. 俘虏受传统约束，而非锁链，必须为他们的新主人勤勉工作. 如果俘虏故意玩忽职守甚至试图逃跑，不仅会玷污其个人荣誉，也会玷污其原属氏族的荣誉. 通常，俘虏要么被解除束缚送回故乡，荣誉损失甚微; 要么在特定时期后被接纳，成为新氏族的自由正式成员. 个人何时以及是否被解除劳役，因氏族和个体而异: 有些人只度过象征性的短暂时间便被释放，而另一些人则会终其一生作为俘虏.
A distant, abandoned, cousin of the Particle Projector Cannon, Tesla weapons use an ionizing beam to provide a conduit for an immensely powerful electric charge to strike the target. Tesla weapons deal little physical damage but play havoc with sensors and can have devastating effects on internal components.	【Tesla Rifle】作为粒子投射加农炮的一种久远且废弃的衍生技术  特斯拉武器使用电离束为极其强大的电荷提供导体  将其释放至目标. 特斯拉武器造成的物理伤害较低  但会严重干扰传感器  并可能对内部组件造成毁灭性影响.
A Emergency Coolant System developed by Clan Jade Falcon as a reaction towards Dezgra use of Heat Weapons. <b><color=#099ff2>VOLATILE!</color></b>.	这是玉鹰氏族针对敌人使用高热武器这一不荣誉行为而研发的紧急冷却系统. <b><color=#099ff2>易爆!</color></b>
A favorite amongst bold light mech pilots, the Light Cockpit compresses life support systems and advanced piloting controls into a smaller space and drastically drops the overall weight but at the cost of an ejection system.	【Light Cockpit (M)】轻型驾驶舱深受大胆的轻型机甲机师喜爱，它将生命维持系统和先进的驾驶控制装置压缩到更小的空间内，并大幅降低了整体重量，但代价是没有弹射系统.
A further adaptation of the Hardened Ferro-Fibrous armor by RISC, manage to increase the armor thickness even further at just a small increase in weight by using a special alloy of Ferro-Fibrous material and a extremely rare metal known has Wavehandium. However, due to the extensive space needs only superheavy 'Mechs can mount it and the exotic material can release energy outwards vigorously during a rapid expansion in volume upon heavy damage.	【Superheavy Ferro-Alloy】这是RISC对硬化铁纤维装甲的进一步改进版本，采用铁纤维材料与一种名为Wavehandium的极稀有金属制成的特殊合金，仅增加少量重量便进一步提升了装甲厚度. 然而，由于占用空间极大，只有超重型机甲才能安装. 此外，这种奇异材料在遭受重创时会迅速膨胀，并向外猛烈释放能量.
All '机甲s come equipped with a stock cockpit configuration, which can be upgraded for improved performance. The Heavy Cockpit is a common standard amongst Minnesota Tribe Battle机甲s; for most, the extra weight is worth it to have the added fire control gear and pilot in what is effectively an 装甲ed Ferro-Fibrous bathtub.	【Heavy Cockpit (M)】所有机甲都配备标准驾驶舱配置，可升级以提升性能. 重型驾驶舱是明尼苏达部落战斗机甲的常见标准配置; 对大多数人来说，额外的重量是值得的，因为可以获得附加的火控设备，并且机师实际上置身于一个装甲化的铁纤维浴缸中.
An actual outgrowth from the Lower Arms of this Leviathan that formed into lethal shredding claws capable of tearing anything apart.	【Reaper Claws】这头利维坦前臂上真正的增生组织  形成了致命的撕裂利爪  能够将任何东西撕碎.
An attempt to bring on-board guidance systems back to MRM munitions, Hunter-Killer missiles sacrifice yield and range for powerful fire-and-forget systems on each warhead that build upon targeting data provided from the 机甲-board Artemis IV FCS.  Upon receiving a Critical Hit, any remaining ammunition stored inside an 弹药 Bin will explode dealing damage to the install location. Risk can be mitigated with the use of C.A.S.E.	【Ammo MRM Hunter-Killer (C)】猎杀者导弹试图为MRM弹药重新引入机载制导系统  每枚弹头都配备了强大的发射后不管制导系统  并利用机甲搭载的阿尔忒弥斯IV火控系统提供的目标数据  以牺牲弹头威力和射程为代价换取更高的命中能力. 弹药箱受到暴击时  箱内剩余弹药会发生爆炸  对安装部位造成伤害. 使用C.A.S.E.可降低此风险.
An improvement upon Star League M.A.S.C. technology, Enhanced M.A.S.C. accelerates nearly all of the myomers within a Battle机甲. While this increases speed and melee power, actuators were not built for this kind of stress, and prolonged usage of EMASC systems can damage the actuators of a Battle机甲. Although this is unlikely to incapacitate the Battle机甲 outright, the danger of destroyed actuators is enough for cautious warriors to limit their use in battle. <b><color=#099ff2>Activatable: DEALS DAMAGE AND CRIT TO LIMBS ON FAILURE</color></b>	作为星盟M.A.S.C.技术的改进型，增强型M.A.S.C.能加速战斗机甲内几乎所有的人工肌纤维. 虽然这能提升速度和近战威力，但驱动器并非为承受这种压力而设计，长时间使用EMASC系统可能会损坏战斗机甲的驱动器. 尽管这不太可能直接导致战斗机甲丧失行动能力，但驱动器被毁的危险足以让谨慎的战士在战斗中限制其使用.<b><color=#099ff2>可激活: 故障时对肢体造成伤害和暴击</color></b>
An otherwise unremarkable planet on the spinward edge of the Combine, Brihuega has become known as "The planet of spies" due to its "use" as a training ground for Commonwealth agents operating out of Farstar.  	作为联合体顺旋边缘一颗原本毫不起眼的行星，Brihuega因其被“用作”以Farstar为基地活动的共同体特工的训练场，而被称为“间谍行星”.
An unremarkable, self-sufficient planet only notable because the Capellan's seem to have an interest in it.  Aucara seems to have an unusual amount of "alleged" Maskirovka agents captured on it - which the Capellans deny.	一颗平平无奇、自给自足的行星，唯一值得注意的是卡佩拉人似乎对它感兴趣. Aucara上似乎有异常多的“据称”马斯基罗夫卡特工被抓——卡佩拉人对此予以否认.
Another "Breadbasket" world deep in Lyran territory, Brooloo is a laid back world of large farms untouched by conflict.	另一个深处于天琴领地中的“粮仓”世界，Brooloo是一个悠闲的世界，遍布着未受冲突波及的大型农场.
Another "quiet and unremarkable" Lyran world, known for its large areas of strong but slow growing native trees, the production of a particularly smooth single malt whisky, and a native fish similar to the sardine that grows to weigh 600lb.	又一颗“安静而平平无奇”的天琴世界，以其大片坚硬但生长缓慢的原生树木、一种口感格外顺滑的单一麦芽威士忌的酿造，以及一种类似沙丁鱼、能长到600磅重的原生鱼类而闻名.
Antallos III is an arid world with two moons. Following the collapse of the Star League, civilization on Antallos collapsed quickly, and by the thirty-first century the barren wastes ("Free Zones") are home to the worst of humanity.	Antallos III是一颗拥有两颗卫星的干旱世界. 星际联盟崩溃后，Antallos上的文明迅速瓦解，到了三十一世纪，荒芜的废土（“自由区”）已成为人类中最恶劣之辈的栖身之所.
As a commander, you know that to keep your mechwarriors alive, you need to fit the most tonnage onto your mechs that you can, and at Quicsell, we've found a way to help with that. Tradidional life support systems are completely overbuilt, so we stripped them down to half the weight. Your mechwarriors can put up with a little discomfort, right?	身为指挥官，您很清楚，要让机甲战士活下来，就得尽可能往机甲里塞更多的东西. 而在Quicsell，我们找到了帮您达成目标的方法. 传统的生命维持系统被过度强化了，所以我们将其精简至一半重量. 您的机甲战士稍微忍忍不适，没问题的，对吧?
Ashkum is a minor planet on the Fed/Capellan border.  Recently conquered by the Feds, it remains a typical "border world" - under开发 and over garrisoned.	Ashkum是联邦与卡佩拉边界上的一颗次要星球. 最近被联邦征服后，它仍是一个典型的“边境世界”——欠发达且驻军过多.
At Quicsell, we understand that the bottom line is more important than anything, so we've 设计ed our mech's structure to be as cheap and easy to repair as possible. It's even lighter as a side benefit. Win, win!	【Structure QS】在Quicsell，我们深知利润底线高于一切，因此我们设计的机甲结构力求成本最低、维修最易. 作为附加好处，它还更轻. 双赢!
At Quicsell, we understand that the bottom line is more important than anything, so we've 设计ed our mech's structure to be as cheap and easy to repair as possible. It's even lighter as a side benifit. Win, win!	在Quicsell，我们深知利润底线高于一切，因此我们设计的机甲结构力求成本最低、维修最易. 作为附加好处，它还更轻. 双赢!
Aubisson, due to being a moderately important agricultural and manufacturing world on the Combine/Commonwealth border, has changed hands numerous times through its history.  Recently "reclaimed" from the Commonwealth, for now...	Aubisson，由于是位于联合体/共同体边境上的一个中等重要的农业与制造业世界，在其历史上曾多次易手. 最近它从共同体手中被“收复”，至少目前如此……
Ayn Tarma is often described in Colonist's Brochures as a "lucrative mining world" - without mentioning that it is vitally dependent on a lifeline of iceships supplied by Curtiss Hydrosystems - the cost of which is enormous.	Ayn Tarma在《殖民者宣传册》中常被描述为“利润丰厚的矿业世界”——却未提及它极其依赖由Curtiss Hydrosystems供应的冰船生命线——而这条生命线的成本高得惊人.
Balkan was always listed in early Lyran charts as "Marginally Habitable".  When the Combine captured it during the 3rd succession war, they soon discovered what a drain on resources it was, and abandoned it shortly thereafter.	Balkan在早期的天琴星图中一直被列为“勉强宜居”. 当天龙联合体在第三次继承战争期间夺取它时，他们很快发现它有多么消耗资源，并在此后不久放弃了它.
Bass has an excentric orbit, which results in temps varying seasonally up to +/- 70° from a mean of just 5°C.  Most dwellings are in disused mining shafts, including the "Dungeons" - one of Bass's more popular tourist spots for BDSM practitioners.	Bass的轨道偏心，导致温度随季节变化，相较于仅 5°C的平均值上下浮动可达 ±70°C. 大多数住所都位于废弃的矿井竖井中，其中包括“地牢”——Bass较受BDSM实践者欢迎的旅游景点之一.
Battle Armor Mechanical Jump Boosters share the advantages and limitations of their larger cousins. They offer a very limited jump capability and they're hard to steer when in flight. However, the Mechanical Jump Boosters used on Battle Armor offers one significant advantage over their 'Mech sized cousins: They allow the armored infantry soldier to replace the normal walking gait with a longer "bouncing" gait that allows the battle armored trooper to cover more ground.	战斗装甲机械跳跃助推器继承了其大型版本的优点与局限. 它们提供的跳跃能力非常有限，并且在飞行过程中难以操控. 然而，用于战斗装甲的机械跳跃助推器相比安装在机甲上的同类设备具有一个显著优势: 它们允许装甲步兵用更长距离的‘弹跳’步态替代正常行走步态，使战斗装甲士兵能够覆盖更大的移动范围.
Being deep in Fed space has allowed Capac a "more or less peaceful" existence over the years, which is one of the reasons it was chosen to house a large prison complex.	由于地处联邦空间深处，Capac多年来得以维持“大致和平”的存在状态，这也是它被选中容纳一座大型监狱综合体的原因之一.
Black Earth was intended to be a "hedgehog", a giant fortified firebase that the Rim Worlds Republic  forces could use to slow the advance of any invading force. Black Earth was conquered by the Lyran Commonwealth during Republic-Commonwealth War.	Black Earth原本被设想为一座“刺猬”，一个巨大的设防火力基地，边缘世界共和国的部队可用它来迟滞任何入侵部队的推进. Black Earth在共和国-共同体战争期间被天琴共同体征服.
Brocchi's Cluster contains what appears to be the remnants of a large planet in the "green zone" of this Class M star, which at some point has exploded into a large asteroid belt.  Over 40 inhabited planetoids and constructs exist in the area. 	Brocchi's Cluster中似乎包含一颗位于这颗M型恒星“绿区”内的大型行星的残骸，这颗行星在某时爆炸，形成了一条巨大的小行星带. 该区域内存在 40 多个有人居住的小行星体和构造物.
Butzfleth (AKA "Butt Flesh"), is a minor FWL planet only important because it contains one of the largest prisons in FWL space.  The inhospitable planet is otherwise only inhabited by miners and local support businesses.	Butzfleth（又名“Butt Flesh”）是自由世界联盟的一颗次要行星，其重要性仅在于它拥有自由世界联盟境内最大的监狱之一. 这颗不宜居的行星除此之外只居住着矿工和当地配套商业.
By 2890 the world was marked as associated with the short lived "Duchy of Don't", though by 3022 it was no longer in the maps	到2890年，该星球被标记为与短命的“Duchy of Don't”有关联，尽管到3022年它已不再出现在地图上.
Candiear is a very "liberal" planet, who's fertile farmlands are just as likely to be producing plants for "recreational purposes" as they are food.  The net result is a distinct "hippy" feel to the planet, and a small tourist trade.	Candiear是一颗非常“自由开放”的星球，其肥沃的农田既可能用于生产粮食，也同样可能用于种植“消遣用途”的植物. 最终结果是这颗星球带有一种独特的“嬉皮士”氛围，以及小规模的旅游业.
Capra was the headquarters world of the XXIII Corps (Star League) of the Star League Defense Force during the final years of the Star League.  As a result, there are the usual rumours of a "hidden cache" that always surround former SLDF bases.	Capra曾是星际联盟末年星际联盟防卫军第XXIII军（星际联盟）的司令部所在星球. 因此，这里也流传着那种总是围绕着前SLDF基地出现的关于“隐秘储备库”的常见传闻.
Captain, this piece is either from a genius or a moron. The maniac put a filter on the output to essentially ''brand'' the target. Even worse they wrote a random generator to always 'paint' something else ... eff these punks!	船长，这玩意儿不是出自天才之手就是个蠢货造的. 那疯子居然在输出端加了个滤镜，等于给目标“烙上烙印”. 更离谱的是他们还写了个随机生成器，每次都要“画”点不一样的花样……我操这些混蛋!
Carry weight represents the total carry capacity of a 'Mech on top of the normal chassis weight internal capacity. Each hand actuator allows to carry an equivalent of up to 5% chassis maximum tonnage. If a melee weapon is too heavy for a single arm, it can be held two-handed by combining both hands carry capacities.	携带重量表示机甲在底盘正常内部承载容量之外，额外可携带的总重量. 每个手臂驱动器最多可携带相当于机甲最大底盘吨位 5% 的重量. 如果某件近战武器的重量超过单个手臂的承载能力，则可以通过双手合并携带容量来双手使用该武器.
Cassias is a tropical world located on the Draconis Combine/Federated Suns border. It also acted as the border between the "Outback" and the more densely populated inner systems of the Federated Suns. 	Cassias是一颗位于天龙联合体/恒星联邦边境的热带星球. 它也曾是恒星联邦“内陆”与人口更稠密的内层星系之间的边界.
Cerillos is one of the so-called "Southwestern Worlds", an association of three worlds in the Free Worlds League. These agrarian worlds have a unique culture descended from North American Indian and Hispanic peoples. 	Cerillos是所谓的“西南世界”之一，这是自由世界联盟中由三个世界组成的联合体. 这些农业世界拥有一种源自北美印第安人和西班牙裔民族的独特文化.
Coming from the same project that experimented with Capacitors on PPCs, this was an attempt to increase the effective range of the Light PPC. Achieving nearly 50% Range increase, it does suffer from a slow Charge Time and increased Minimum Range.	【Light ER PPC】来自同一个曾在PPC上进行电容器实验的项目  这是一次旨在提高轻型PPC有效射程的尝试. 该武器的射程提升了近 50%  但代价是充能时间较长以及最小射程增加.
Converts a Mech's <b>Cooling System</b> to Clan DHS.  The Radical Heat Sink System increases the ability of the heat sink to flush excess heat, much like Coolant Pods. Radical Heat Sinks can fail through repeated use, especially if used continuously.	【Radical Heat Sink Kit (C)】将机甲的<b>冷却系统</b>转换为氏族双散热器. 激进散热系统可增强散热器排出多余热量的能力，其效果类似于冷却液舱. 激进散热器可能会因反复使用而失效，尤其是在持续使用时.
Converts an SHS engine to Quicsell DHS. A Mech' <b>Cooling System</b> provides heat dissipation for components inside the mech and compatible extension points for additional heat sinks throughout the mech. It differs from the closed cooling system of the engine.	将单散热(SHS)引擎转换为QS双散热(QS DHS)引擎. 机甲的<b>散热系统</b>为机甲内部的组件提供散热，并为遍布机甲的额外散热器提供兼容扩展点. 它不同于引擎本身的封闭式冷却系统.
Converts an SHS engine to Radical CHS. A Mech' <b>Cooling System</b> provides heat dissipation for components inside the mech and compatible extension points for additional heat sinks throughout the mech. It differs from the closed cooling system of the engine.	将单散热(SHS)引擎转换为激进型紧凑散热(激进型CHS)引擎. 机甲的<b>散热系统</b>为机甲内部的组件提供散热，并为遍布机甲的额外散热器提供兼容扩展点. 它不同于引擎本身的封闭式冷却系统.
Converts an SHS engine to Radical PDHS. A Mech' <b>Cooling System</b> provides heat dissipation for components inside the mech and compatible extension points for additional heat sinks throughout the mech. It differs from the closed cooling system of the engine.	将单散热(SHS)引擎转换为激进型原型双散热(激进型PDHS)引擎. 机甲的<b>散热系统</b>为机甲内部的组件提供散热，并为遍布机甲的额外散热器提供兼容扩展点. 它不同于引擎本身的封闭式冷却系统.
Described as "The happiest place in Lyran space", Breukelen's native flora release pollens that are mildly euphoric to humans.  This has resulted in a significant tourism industry, and a "hippy" culture on the planet.	被描述为“天琴空间中最幸福的地方”，Breukelen的原生植物会释放令人类产生轻度欣快感的花粉. 这造就了庞大的旅游业，以及该行星上的“嬉皮士”文化.
Desert biomes decrease heat sinking efficiency to 85%. After heating up for most of the day, the warm sand increases heat by an additional 4 per turn.	沙漠环境将散热效率降低至 85%. 经过大半天的高温炙烤，滚烫的沙地每回合额外增加 4 点热量.
Desert biomes decrease heat sinking efficiency to 85%. In the dark, sight range is significantly reduced.	沙漠环境将散热效率降低至 85%. 在黑暗中，视野范围显著缩短.
Desert biomes decrease heat sinking efficiency to 85%. In the dark, sight range is significantly reduced. The fog lowers visibility to 70%, and all units have +1 Defense.	沙漠环境将散热效率降低至 85%. 在黑暗中，视野范围显著缩短. 雾气将能见度降至 70%，所有单位获得 +1 防御.
Desert biomes decrease heat sinking efficiency to 85%. In the dim light, sight range is reduced. The fog lowers visibility to 80%, and all units have +1 Defense.	沙漠环境将散热效率降低至 85%. 在昏暗光线下，视野范围缩小. 雾气将能见度降至 80%，所有单位获得 +1 防御.
Desert biomes decrease heat sinking efficiency to 85%. In the dim light, sight range is reduced. The setting sun lowers visibility by 10%, and all units have +1 defense.	沙漠环境将散热效率降低至 85%. 在昏暗的光线下，视野范围缩小. 落日将能见度降低 10%，所有单位获得 +1 防御.
Desert biomes decrease heat sinking efficiency to 85%. The current extreme weather has further significant impact. Visibility and sensor efficiency are reduced to 50%. Land units take 20% more stability damage and VTOL units have -2 evasion. Weapon scatter radius is increased by 10%. Ballistic and missile weapons have their range reduced by 10%. Maximum jump distance is decreased by 30%. Heat generation is increased by 15%. All units gain +3 defense due to very poor visibility.	沙漠环境将散热效率降低至 85%. 当前的极端天气带来了进一步显著影响. 能见度与传感器效能降低至 50%. 地面单位承受的稳定性伤害增加 20%，垂直起降飞行器单位闪避值 -2. 武器散布半径扩大 10%. 实弹与导弹武器射程缩短 10%. 最大跳跃距离减少 30%. 热量生成增加 15%. 由于能见度极差，所有单位获得 +3 防御.
Desert biomes decrease heat sinking efficiency to 85%. The extremely high temperature brought on by the heat wave increases heat generation by an additional 25% and 8 heat per turn.	沙漠环境将散热效率降低至 85%. 热浪带来的极端高温使热量生成额外增加 25%，且每回合额外增加 8 点热量.
Desert biomes decrease heat sinking efficiency to 85%. The heavy winds cause land units to take 10% more stability damage, and the scatter radius of weapons is increased by 15%. The amount of dust and particles flying around also reduces visibility and sensor efficiency to 90%. All VTOL units have -1 evasion due to more engine thrust needed for stabilizing maneuvers.	沙漠环境将散热效率降低至 85%. 强风导致地面单位承受的稳定性伤害增加 10%，武器散布半径扩大 15%. 飞扬的沙尘和颗粒物还将能见度和传感器效能降低至 90%. 所有垂直起降单位因需要更多引擎推力来稳定机动，闪避值 -1.
Desert biomes decrease heat sinking efficiency to 85%. The high amounts of salt and other minerals improve sensor efficiency by 5% and energy weapon damage by 10%. The flat ground makes it easier for '机甲s and wheeled 载具s to move around, reducing their movement cost by 10%.	沙漠环境将散热效率降低至 85%. 高浓度的盐分和其他矿物质将传感器效能提升 5%，能量武器伤害提高 10%. 平坦的地面使机甲与轮式车辆移动更便捷，移动消耗降低 10%.
Desert biomes decrease heat sinking efficiency to 85%. The large amounts of dry quicksand increase movement cost for '机甲s and wheeled 载具s by 10% and stability damage for all land units by 20%.	沙漠环境将散热效率降低至 85%. 大量干燥流沙使机甲和轮式车辆的移动消耗增加 10%，所有地面单位承受的稳定性伤害增加 20%.
Desert biomes decrease heat sinking efficiency to 85%. This area has experienced some form of nuclear explosion in the past and the heavy, lingering radiation has many detrimental effects. Heat sinking is reduced by 12 per turn, and all units take 20% more damage. Sensors are heavily scrambled and only work at 40% efficiency, and fire control systems have trouble locking on, resulting in -2 accuracy.	沙漠环境将散热效率降低至 85%. 此区域过去曾经历过某种形式的核爆炸，残留的强烈辐射带来了诸多有害影响. 每回合散热能力降低 12 点，所有单位承受伤害增加 20%. 传感器受到严重干扰，效能仅剩 40%，火控系统难以锁定目标，导致命中精度 -2.
Desert biomes decrease heat sinking efficiency to 85%. Whipping dust reduces visibility and sensor efficiency to 60%, and all units have +2 Defense. Strong winds result in land units taking 20% more stability damage, while VTOL units have -2 max evasion. Heat generation is increased by 10%.	沙漠环境将散热效率降低至 85%. 漫天沙尘将能见度与传感器效能降至 60%，所有单位获得 +2 防御. 强风导致地面单位承受的稳定性伤害增加 20%，而垂直起降飞行器单位的最大闪避值 -2. 热量生成增加 10%.
Developed by Howa Machinery Company Ltd. for the King Dragon, the experimental Ryujin Superheavy Flamer utilizes a totally new concept for delivery of the flammable substance. The weapon charges a 'cloud' of inert nano-particles with an positive charge, which then binds a special ionized highly flammable substance between the particles. Upon impact with a surface the bindings of the nano-particles and the flammable substance are broken, resulting in the ignition of the fluid by the released electrical charge. This allows the flamer to reach much further distances, but also means the heat explosion is considerably less at shorter distances as the kinetic impact will rupture less of the bindings. If the weapon is handled incorrectly it could lead to an incorrect charging sequence resulting in the flammable substance igniting upon firing, causing a large heat explosion. <b><color=#F79232>使用 Superheavy Flamer 弹药.</color></b>	【Ryuujin Superheavy Flamer】由Howa Machinery Company Ltd.为King Dragon研发的实验型龙神超重型喷火器采用了一种全新的可燃物质投送方式. 该武器会为一团惰性纳米粒子“云”充入正电荷  然后让一种特殊的电离高可燃性物质结合在粒子之间. 撞击表面时  纳米粒子与可燃物质之间的结合会断裂  释放的电荷随即点燃液体. 这使喷火器能够达到远得多的射程  但也意味着在较短距离下产生的热爆炸会明显减弱  因为动能冲击只能破坏较少的结合. 如果操作不当  可能导致错误的充能过程  使可燃物质在开火时被点燃  从而引发剧烈的热爆炸. <b><color=#F79232>使用超重型喷火器弹药.</color></b>
Developed by the Clans, Enhanced Imaging or EI is an advanced targeting and piloting system for use with humanoid shaped combat 载具s such as Battle机甲s, battle 装甲 and Proto机甲s. While offering considerable advantages, as well as serving as the only viable control method for Proto机甲s, EI inflicts serious side effects on the user, including possible mental instability, nerve damage and death.	增强成像（EI）由氏族研发，是一种先进的瞄准与驾驶系统，适用于人形战斗车辆，如战斗机甲、战斗装甲和原型机甲. 虽然它提供了显著的优势，并且是操控原型机甲唯一可行的方式，但EI也会对使用者造成严重的副作用，包括可能的精神不稳定、神经损伤甚至死亡.
Developed to fulfill the Star League's requirement for a quick response VTOL aircraft that could carry a squad of infantry and their equipment, the Ripper normally carries elite infantry or Jump Infantry that need quick deployment or retrieval.  The Ripper, built from proven components for maximum reliability, uses a fusion engine to give the 载具 a significant range, as well as a high top speed, so much so that the infantry compartment is equipped with special acceleration couches to handle the strain of a high speed combat insertion. While the Ripper is heavily 装甲ed for a transport VTOL, carrying one and a half tons of Aldis Heavy ferro-fibrous plating to survive the high G maneuvers that are the hallmark of the craft, a small laser or even a well-equipped infantry squad can down the 载具 in short order.	撕裂者（Ripper）是为满足星盟对一种快速响应VTOL航空器的需求而开发的，该航空器能够搭载一个步兵小队及其装备. 撕裂者通常搭载需要快速部署或撤离的精锐步兵或跳跃步兵. 撕裂者采用经过验证的组件制造，以实现最大可靠性，并使用聚变引擎为车辆提供较远的航程以及极高的速度. 因此，其步兵舱配备了特殊的加速座椅，以承受高速战斗部署时产生的巨大过载. 虽然作为一款运输型VTOL，撕裂者拥有相当厚重的装甲，装备了1.5吨Aldis重型铁纤维装甲，以承受这种飞行器标志性的高G机动，但一门小型激光，甚至一支装备精良的步兵小队，都能在短时间内将其击落.
El Dorado was vital to the commercial empire being built by Adam Davion and which laid much of the groundwork for the future Federated Suns. Has a number of "Super Lakes"	El Dorado对亚当·戴维恩正在建立的商业帝国至关重要，该帝国为未来的恒星联邦奠定了大量基础. 拥有多个“超级湖泊”.
Enhanced Imaging Neural Implants formed part of the Clans' Enhanced Imaging system and were useful only when combined with a Battle机甲, Proto机甲 or Battle 装甲 equipped with an Enhanced Imaging Display. The implants themselves consisted of electronic sensors, fiber-optic wires and contact points connected to a warrior's central nervous system. Implanted just below the skin they were visible as faintly luminous lines in colors such as red, blue or green.	增强成像神经植入物是氏族增强成像系统的一部分，只有在与配备增强成像显示器的战斗机甲、原型机甲或战斗装甲结合时才能发挥效用. 植入物本身由电子传感器、光纤导线和连接至战士中枢神经系统的接触点组成. 它们被植入皮下，外观呈现为淡红色、蓝色或绿色的微光纹路.
Ferro Spall Shielding is reminiscent of ancient bluewater battleship citadel armoring schemes where critical components are armored far more heavily; where this would normally be catastrophically too heavy, Ferro Spall Shielding utilizes both Endo-Steel and Ferro-Fibrous technologies to significantly reduce the burden.	【Ferro Spall Shield】铁鳞护盾让人联想到古代蓝水海军战列舰的核心区装甲方案，即对关键部件进行远比其他区域更厚重的装甲防护; 若采用传统方式，这种设计通常会重得难以承受，而铁鳞护盾同时采用钢内骨结构和铁纤维技术，大幅减轻了这一负担.
Fire selected weapons at any target within this unit's current firing arc.	向本单位当前射界内的任意目标使用选定武器开火.
For collecting one of each unique chassis in the game, you gain a bonus of 25,000 points. This value is then multiplied by the score modifier. This does not include chassis introduced in expansion content.	游戏中集齐全部的独特机体时，你会获得25，000分. 然后这一分数再乘以总分系数. 这里不包括扩展包中引入的机体.
For completing every Argo upgrade, you gain a bonus of 25,000 points. This value is then multiplied by the score modifier.	完成阿尔戈号所有升级后，你会获得25，000分. 然后这一分数再乘以总分系数.
For each 10,000 C-Bills earned over your entire career, you gain 1 point. This value is then multiplied by the score modifier.	在你的整个职业生涯中，每挣到10，000星币，你会获得1分. 然后这一分数再乘以总分系数.
For each 100 points of experience earned by a pilot currently in your Barracks, you gain 2 points. This value is then multiplied by the score modifier.  Your Commander does not live in the Barracks, and does not count towards this score.	在你营房里的每个机师每获得100点经验值，你会获得2分. 然后这一分数再乘以总分系数. 你的指挥官并不住在营房，不会计入这一分数.
For each active Alliance, you gain 7500 points. This value is then multiplied by the score modifier.	对于每个生效的同盟，你会获得7500分. 然后这一分数再乘以总分系数.
For each completed Argo upgrade, you gain 2000 points. This value is then multiplied by the score modifier.	对于每项已完成的阿尔戈号升级项目，你会获得2000分. 然后这一分数再乘以总分系数.
For each contract completion, you gain 50 points per point of difficulty of the contract. This value is then multiplied by the score modifier.	对于每个已完成的合约，每一级合约难度你会获得50分. 然后这一分数再乘以总分系数.
For each faction with whom your reputation is at the maximum or minimum value, you gain a bonus of 10,000 points. This value is then multiplied by the score modifier.	对于每个与你的声望达到最大值或最小值的派系，你会获得10，000分. 然后这一分数再乘以总分系数.
For each point of Mercenary Review Board reputation, you gain 45 points. This value is then multiplied by the score modifier.	对于每一点佣兵评委会评级，你会获得45分. 然后这一分数再乘以总分系数.
For each point of Morale, you gain 500 points. This value is then multiplied by the score modifier.	对于每一点士气，你会获得500分. 然后这一分数再乘以总分系数.
For each point of negative reputation with any faction, you gain 100 points.  This value is then multiplied by the score modifier.	对于每一点任一派系的负面声望，你会获得100分. 然后这一分数再乘以总分系数.
For each point of positive reputation with any faction, you gain 100 points.  This value is then multiplied by the score modifier.	对于每一点任一派系的正面声望，你会获得100分. 然后这一分数再乘以总分系数.
For each star system you've visited (up to 170 star systems), you gain 500 points. This value is then multiplied by the score modifier.	对于每个你造访过的星系(最多有170个星系)，你会获得500分. 然后这一分数再乘以总分系数.
For each unique chassis in your Mech Bay or cargo hold, you earn 1273 points. This value is then multiplied by the score modifier. This does not include chassis introduced in expansion content.	对于你机甲舱或仓库里的每一种独特机体，你都会获得1273分. 然后这一分数再乘以总分系数. 这里不包括扩展包中引入的机体.
For each weight class of 'Mech (Assault, Heavy, Medium, or Light) for which you've collected every unique chassis, you gain a bonus of 10,000 points per weight class completed.   This value is then multiplied by the score modifier.	对于你集齐每种独特机体的机甲重量级别(袭击型、重型、中型或轻型)，每个集齐的重量级别你会获得10，000分. 然后这一分数再乘以总分系数.
For reaching the maximum MRB rating, you gain a bonus of 25,000 points.  This value is then multiplied by the score modifier.	当达到佣兵评委会最高评级时，你会获得25，000奖励分. 然后这一分数再乘以总分系数.
For visiting 170 star systems, you gain a bonus of 25,000 points. This value is then multiplied by the score modifier.	当造访了170个星系时，你会获得25，000奖励分. 然后这一分数再乘以总分系数.
Hardened Armor is a thicker armor type that uses multiple overlapping plates to provide additional protection against enemy fire. Though capable of diverting more damage than standard armor, the increased number of armor plates and their lack of flexibility makes any unit employing it more difficult to pilot, and can affect the speed as well. <b><color=#099ff2>Activatable: DEALS DAMAGE AND CRIT TO CENTER TORSO ON FAILURE</color></b>	加固装甲是一种更厚的装甲类型，使用多层重叠的装甲板来提供额外的防护以抵御敌方火力. 尽管它能比标准装甲偏转更多伤害，但增加的装甲板数量及其缺乏灵活性使得使用它的任何单位更难以驾驶，并且也会影响速度. <b><color=#099ff2>可激活: 失败时对中央躯干造成伤害和暴击</color></b>
Having trouble spotting those sneaky Capellans without breaking the bank with overpriced sensors? Try Quicsell's integrated Sensors Searchlight today and see exactly how screwed you are!	是不是觉得那些昂贵的传感器太烧钱，可又总发现不了那群鬼鬼祟祟的卡佩拉佬? 今天就试试Quicsell的一体化传感器探照灯，亲眼看清楚自己到底有多狼狈!
Ion Stream Projectors an offshoot of PPC development where, rather than focusing the ion and proton streams into a single devastating shot, ISPs only have the minimum of field inhibitors and beam focusing equipment. With supplemental superheated plasma from the engine, this results in a spray of energized particles that more closely resembles a flamer than a traditional PPC.	【Ion Stream Projector】离子流投射器是PPC发展的一个分支，它不像传统PPC那样将离子和质子流聚焦成单一毁灭性射击，而是只配备最低限度的场抑制器和光束聚焦设备. 借助来自引擎的补充过热等离子体，这会产生一片高能粒子喷流，看起来更像是火焰喷射器而非传统PPC.
Is that...11 laser tags...held together by rubber bands and glue...mounted to the rotating shaft from the remains of lathe? I give up. Pirates are truly insane.	那是……十一个激光TAG……用橡皮筋和胶水绑在一起……装在一台车床残骸的旋转轴上? 我认输了. 海盗们真是一群疯子.
It looks like someone combined the burned out and broken parts of two PPCs to create one barely-functional PPC. The electromagnetic field generation is unstable. You're likely to get zapped if you walk too close to this thing. 	【PPC (P)】看起来有人把两门PPC烧毁且损坏的部件拼凑在一起，制造出了一门勉强能运作的PPC. 电磁场生成极不稳定. 你最好不要离这东西太近，否则很可能会被电到.
It's a small gesture, but even a little attention helps. Soon requests come pouring in from the crew for books and periodicals originating in systems all across the Periphery and the Inner Sphere.	这虽是个小举动，但即使一点点关注也会有所帮助. 很快，船员对产自外围和内天体各个星系的书籍和期刊的需求就蜂拥而至.
It's not a 'containment failure', it's a 'surprise feature'! Now you'll have a much easier time hitting moving targets with a ppc.	这不是“约束失效”，这是“惊喜功能”! 现在你用PPC击中移动目标会容易得多.
It's not hard to find an unoccupied corner of the <i>Argo</i> big enough to lay out a spread of food and an impromptu dance floor. Although the mercenaries are from all corners of the Periphery and the Inner Sphere, drink and music manage to bridge all differences, and a good time is had by all.	在<i>阿尔戈号</i> 上，找到一个足够大，可以摆下各种食物和一个临时舞池的空置角落并不难. 虽然雇佣兵们来自外围和内天体的各个角落，但饮料和音乐成功弥合了所有差异，让所有人都度过一段美好时光.
Jubka has been described as a "lucrative mining world" that is however vitally dependant on a lifeline of iceships supplied by Curtiss Hydrosystems.	Jubka被描述为一个“利润丰厚的采矿星球”，但它却极其依赖由Curtiss Hydrosystems供应的冰船生命线.
Jump Jet Lite! Only half the weight, and nearly the same power as a normal jumpjet. Buy a value pack today and get double discounts!	轻量版跳跃喷口！重量仅一半，动力与普通跳跃喷口几乎相同. 今天就买超值套装，享受双倍折扣！
Kirei Na Niwa ("Beautiful Garden") is a world whose economy is largely based on agriculture. The broad plains and fertile soil allow many crops to be grown here year round.	Kirei Na Niwa（“美丽花园”）是一个经济主要依赖农业的星球. 广袤的平原和肥沃的土壤使这里全年都能种植多种作物.
Large amounts of rubble and debris increase stability damage and movement cost by 10%. All units have +1 Defense.	大量碎石瓦砾使稳定性伤害与移动消耗增加 10%. 所有单位获得 +1 防御.
Larger than LRMs, Fire and Forget missiles utilize their size to house a stronger payload and better guidance systems.	【Ammo Fire and Forget】发射后不管导弹比LRM更大，利用其尺寸容纳更强的有效载荷和更好的制导系统.
Later that week, Dr. Murad enters your office. "Bad news, Commander. The patch only partially worked. To maintain minimal gravity support, I'm going to insist we shut down the rotation for several hours each day until we can get a permanent fix. I let the staff know about the situation, and they seemed annoyed for some reason. But on the bright side, no MechWarriors were incapacitated by this!"	本周晚些时候，穆拉德博士走进你的办公室.“坏消息，指挥官. 修复并不完全成功. 为了维持最基本的重力支撑，我必须坚持每天关闭旋转舱数小时，直到我们能找到永久解决方案. 我已经把情况告诉了机组人员，他们似乎因此感到不满. 但好消息是，没有任何机甲机师因此失能！”
Leave it to Pirates to fail at fixing up a Emergency Coolant System and instead hotwire it externally directly into the coolant System.... <b><color=#099ff2>VOLATILE!</color></b>.	也只有海盗能把紧急冷却系统修砸了，反而从外部直接把它搭线接到冷却系统上…… <b><color=#099ff2>易爆!</color></b>
Massive rounds, designed for devastating impact, to be used in the Yang artillery.	巨型炮弹，专为毁灭性打击而设计，用于杨氏火炮.
Massive rounds, designed for interfering with enemy internal systems, to be used in the Yang artillery.	巨型炮弹，专为干扰敌方内部系统而设计，用于杨氏火炮.
Mech Grenade Launcher rounds are low-velocity, high-explosive projectiles able to damage several units on impact. Upon receiving a Critical Hit, any remaining ammunition stored inside an Ammo Bin will explode dealing damage to the install location. Risk can be mitigated with the use of C.A.S.E.	机甲榴弹发射器子弹是低速、高爆炸弹，能够在撞击时损坏多个单位。受到致命一击后，弹药箱内储存的任何剩余弹药都会爆炸，对安装位置造成伤害。使用 C.A.S.E 可以降低风险。
Mia Thompson, callsign "Reaper", was drafted into the Steiner military after her family was killed in a pirate raid. Mia, as a 12-year-old child, climbed into her father's AgroMech - a Cattlemaster used for farming - and fought off the pirates alone for over an hour before help arrived. After that, she was drafter and raised in the military. Her natural talent and understanding has seen her quickly rise through the ranks as a respected MechWarrior. These days, however, she prefers to choose her own path, and left Steiner after her last campaign.\\n\\n	米娅·汤普森（Mia Thompson），呼号“死神”，在她的家人在一次海盗袭击中丧生后被征召入伍。 12 岁的米娅 (Mia) 爬进了父亲的 AgroMech（一种用于耕种的 Cattlemaster），独自与海盗战斗了一个多小时，然后救援人员才赶到。此后，她成为起草者并在军队长大。她的天赋和理解力使她迅速晋升为受人​​尊敬的机甲战士。然而如今，她更愿意选择自己的道路，并在上次竞选后离开了施泰纳。\\n\\n
Michael Fastback, renowned as "Razor", is a battle-hardened MechWarrior known for his lightning-fast reflexes and precision in combat. Hailing from a lineage of MechWarriors, he inherited an affinity for piloting BattleMechs at an early age. Today, his expertise in piloting and tactical finesse make him a formidable adversary, able to swiftly engage and disengage with deadly efficiency.\\n\\n	迈克尔·法斯特巴克（Michael Fastback），绰号“剃刀”，是一位久经沙场的机甲战士，以其闪电般的反应速度和战斗精确度而闻名。他出身机甲战士血统，从小就继承了驾驶战机的爱好。如今，他在驾驶和战术技巧方面的专业知识使他成为令人畏惧的对手，能够以致命的效率快速交战和脱离交战。\\n\\n
Wheeled units 拥有their movement cost reduced by 5% 在 urban environments. In the dark, sight 射程 是significantly reduced. 该fog reduces visibility 以 70%, 和 all units 拥有+1 Defense.	在城市环境中，轮式单位的移动消耗降低 5%. 在黑暗中，视野范围显著缩短. 雾气将能见度降至 70%，所有单位获得 +1 防御.
Wheeled units 拥有their movement cost reduced by 5% 在 urban environments. In the dim light, sight 射程 是reduced. 该fog reduces visibility 以 80%, 和 all units 拥有+1 Defense.	在城市环境中，轮式单位的移动消耗降低 5%. 在昏暗光线下，视野范围缩小. 雾气将能见度降至 80%，所有单位获得 +1 防御.
Quicsell's Double Autocannons have all the power of a top of the line Ultra Autocannon for a fraction of the price, and your second shot is guaranteed to follow your first. \\n\\n<b><color=#ffcc00>Uses AC5 Ammo.</color></b> 	Quicsell 的双自动炮拥有顶级超级自动炮的所有威力，而价格却只是其一小部分，并且保证您的第二次射击会紧接着您的第一次射击。 \\n\\n<b><color=#ffcc00>使用AC5弹药。</color></b>
Quicsell's innovative LBX laser series makes it much more likely to hit a moving target. The accusations from our competitors that we are simply looking for a way to use up cracked focusing chambers from sub-par construction techniques are slander, pure and simple.	Quicsell 的创新 LBX 激光器系列使其更有可能击中移动目标。我们的竞争对手指责我们只是在寻找一种方法来利用低于标准的施工技术的破裂聚焦室，这是纯粹的诽谤。
Quicsell's patented 'Guard-dog' Electronic Warfare Suite is guaranteed to be just as powerful at protecting your hide as our overpriced competitors.	Quicsell专利“看门狗”电子战套件，保证拥有与那些价格高得离谱的竞争对手产品同等强大的防护能力.
Quicsell's strongest energy punch. Smack someone from across the map with the damage of an AC20! The ultimate in long range firepower. \\n\\n <b><color=#00ffff>Damage reduced dramatically at close range.</color> </b>	奎塞尔最强的能量拳。用 AC20 的伤害打击地图另一边的某人！终极远程火力。 \\n\\n <b><color=#00ffff>近距离伤害大幅降低。</color> </b>
Quizel Narf has been described as either one of the greatest or one of the worst pirate lords to have ever graced the history books.\\n\\nBorn on a backwater world in the Circinus Federation, Narf grew up hearing stories of daring raids, buried treasure, and fortunes won and lost. Enthralled by these tales, even if most weren't true, Narf quickly decided the pirate's life was for him and, at the young age of 17, joined his first pirate crew.\\n\\nThere Narf stood above his peers, proving to be both cunning, fearless, and a natural at finding hidden 'booty'. These qualities soon found Narf rising through the ranks of command until the age of 26, when the entire crew he was serving under was wiped out in a Lyran sting operation.\\n\\nBarely escaping himself, Narf decided to start his own crew instead of joining someone else's. It was here that Narf's true talent was discovered: his ability to recruit people to his cause. Such was his talent that before his 30th birthday, Narf found himself a pirate lord, having recruited enough people to create and run no less than a dozen different crews - all under his command.\\n\\nDespite his disdain for politics, Narf's power meant he was a household name within the loosely governed Federation, and he soon found himself a central figure of it. It is here that the Federation's craze with raccoons is said to have come from, as Narf was so fond of the Terran raccoon that he underwent numerous surgeries in the nearby Magistracy of Canopus until he outwardly looked like one.\\n\\nUpon learning of the Clan invasion of the Inner Sphere, Narf fantasized of leading the Federation to become a Clan itself, less out of a desire to be recognized as a member of a warrior-people and more because he thought it would be funny and would annoy other Clans to no end. A mere five years later, taking full advantage of the Word of Blake's Jihad, Narf and his crews manged to pull off one of the greatest feats any pirate ever has: not only landing on - but sacking - Strana Mechty itself. While Clan reinforcements drove the pirates off-world within hours and years later altered their histories to state the sacking never happened, it did not stop Narf from proclaiming himself Khan of a new Clan known as "Skull-Squid". While no Clan would ever recognize the claim - in fact, some actively attempted to kill the now infamous pirate lord - it did not stop Narf or his crews from using the term whenever possible.\\n\\nThat is not to say all of Narf's plans went off without a hitch, and one of his greatest failures came with his alliance to Hans O'Reilly and his attempt to help place him on the throne of the Marian Hegemony. When the Circinus invasion badly backfired, Narf's legendary status within the Federation was dimmed for several years.\\n\\nNarf's final fate is not clear. What is known is that the Republic of the Sphere attacked and tried to murder him during his own wedding, successfully assassinating his bride-to-be. Reports from the time are hazy, and it is not clear one way or another if Narf himself was killed. For years after the incident, sightings of the famous Raccoon-Pirate continued to occur, and the Federation itself grew fat off the pirate activity as it preyed on the helpless Free Worlds League. However, none of these sightings could ever be confirmed, nor could the enrichment of the Federation be directly tied to Narf.\\n\\nIn the end however, perhaps it doesn't matter if Narf died that day or lived to plunder for years more. His stories were already out there, his exploits both real and made up inspiring new generations of pirates. And after we are gone, our stories are what remain.\\n\\n	奎泽尔·纳尔夫被描述为历史书上最伟大的海盗领主之一，或者是最糟糕的海盗领主之一。\\n\\n纳尔夫出生在马戏努斯联邦的一个偏僻世界，他从小就听着大胆的袭击、埋藏的宝藏以及财富得失的故事长大。纳尔夫被这些故事所吸引，尽管大多数故事都不是真的，但他很快就决定海盗的生活适合他，并在 17 岁时加入了他的第一批海盗船队。\\n\\n在那里，纳尔夫站在同龄人之上，事实证明他既狡猾、无所畏惧，又天生擅长寻找隐藏的“战利品”。这些品质很快让纳夫在指挥队伍中不断晋升，直到 26 岁，他手下的所有船员都在一次天琴星诱捕行动中被消灭。\\n\\n勉强逃脱的纳夫决定组建自己的船员，而不是加入别人的队伍。正是在这里，纳尔夫的真正才能被发现了：他招募人才加入他的事业的能力。纳夫的天赋如此之高，以至于在他的 30th 生日之前，纳夫发现自己是一名海盗领主，招募了足够多的人来创建和管理至少十几个不同的船员 - 全部都在他的指挥之下。\\n\\n尽管他蔑视政治，纳夫的权力意味着他在管理松散的联邦中是家喻户晓的人物，他很快就发现自己成为了联邦的核心人物。据说联邦对浣熊的狂热正是源于这里，因为纳夫非常喜欢人族浣熊，以至于他在附近的卡诺普斯裁判官接受了无数次手术，直到他外表看起来像浣熊。\\n\\n在得知族群入侵内层后，纳夫幻想着领导联邦本身成为一个族群，更多的是因为他认为这会很有趣，而且会永远惹恼其他族群。仅仅五年后，纳尔夫和他的船员充分利用了布莱克圣战的话语，成功地完成了海盗有史以来最伟大的壮举之一：不仅登陆，而且洗劫了斯特拉纳·梅赫蒂本身。虽然部落增援部队在数小时内将海盗赶出了世界，几年后又改变了他们的历史，声称这次劫掠从未发生过，但这并没有阻止纳夫宣称自己是一个名为“骷髅乌贼”的新部落的可汗。虽然没有一个氏族会承认这一说法——事实上，有些氏族积极试图杀死这位现在臭名昭著的海盗领主——但这并没有阻止纳尔夫或他的船员们尽可能地使用这个词。\\n\\n这并不是说纳尔夫的所有计划都顺利进行，他最大的失败之一是他与汉斯·奥莱利结盟，并试图帮助他登上玛丽安霸权的王座。当Circinus入侵严重适得其反后，纳尔夫在联邦中的传奇地位被暗淡了好几年。\\n\\n纳尔夫的最终命运尚不清楚。已知的是，球体共和国在他自己的婚礼上袭击并试图谋杀他，成功刺杀了他的准新娘。当时的报道很模糊，也不清楚纳尔夫本人是否被杀。事件发生后的许多年里，著名的浣熊海盗的目击事件不断发生，而联邦本身也因海盗活动而发财，因为它掠夺了无助的自由世界联盟。然而，这些目击事件都无法得到证实，联邦的富裕也不能与纳尔夫直接联系起来。 \\n\\n然而，最终，也许纳尔夫是在那一天去世还是继续掠夺多年并不重要。他的故事已经广为人知，他的功绩既真实又鼓舞了新一代的海盗。当我们离开后，我们的故事仍然存在。\\n\\n
Rackam's ragtag crew of pirates arrive with little fanfare. As Yang escorts them to the Mech Bay, they stare in awe at the <i>Argo</i>.\\n\\nRackam limps over and offers his hand. "Always a tough negotiator, {COMMANDER.FirstName}! But our mutual friends have told me good things about your recent activities." Gesturing to the Argo, "So who'd you scam to get this bird? I've got time to hear the whole story."\\n\\nOver the course of the next couple weeks, Rackam's 'Mechs get repaired and his professional scoundrels get to know the <i>Argo</i>'s crew. While they don't initially have much in common, Rackam's vast selection of hard-to-find Holovids gives them plenty to talk about.	拉卡姆的一群乌合之众海盗悄然抵达。当杨护送他们前往机甲湾时，他们敬畏地盯着 <i>Argo</i>。\\n\\n拉卡姆一瘸一拐地走过去，伸出了手。 “{COMMANDER.FirstName}，总是一个强硬的谈判者！但我们共同的朋友告诉我关于你最近的活动的好消息。”指着阿尔戈号，“那么你骗了谁来得到这只鸟？我有时间听听整个故事。”\\n\\n在接下来的几周里，拉卡姆的机甲得到修复，他的职业恶棍们开始了解 <i>Argo</i> 的船员。虽然它们最初并没有太多共同点，但拉卡姆精选的大量难以找到的全息灯让它们有很多值得讨论的地方。
Rackam's ragtag crew of pirates arrive with little fanfare. As Yang escorts them to the Mech Bay, they stare in awe at the <i>Argo</i>.\\n\\nRackam limps over. "You've got a very interesting bird here, {COMMANDER.FirstName}. Do I get a tour?"\\n\\n"Of course. I only wish I could provide more support from the Mech Bay." Gesturing broadly as you make your way deeper into the ship, "Even with all of this, there's one thing that hasn't changed. It's the 'Mechs that make the money."	拉卡姆的一群乌合之众海盗悄然抵达。当杨护送他们前往机甲湾时，他们敬畏地盯着 <i>Argo</i>。\\n\\n拉卡姆一瘸一拐地走了过来。 “这里有一只非常有趣的鸟，{COMMANDER.FirstName}。我可以参观吗？”\\n\\n“当然。我只希望我能从机甲湾提供更多支持。”当你深入飞船时，你做了一个大手势，“即使发生了这一切，有一件事没有改变。那就是‘赚钱的机甲’。”
Raised on a mercenary stronghold on Cassia, Julia grew up surrounded by BattleMechs with her sister Amanda. They were both later trained at the renowned Blackstar Academy, becoming highly skilled MechWarriors. Julia's elegant finesse and innately protective nature earned her the moniker "Angel", while her sister's fiery nature and daring approach earned her the callsign "Firefly". A falling-out over the morality of a complex mission caused the sisters to go their seperate ways. However, they still hold an unbreakable bond, and maybe one day they will reconcile.\\n\\n	朱莉娅在卡西亚的一个雇佣兵据点长大，与姐姐阿曼达一起在机甲战车的包围下长大。他们后来都在著名的黑星学院接受训练，成为技艺高超的机甲战士。朱莉娅优雅的技巧和与生俱来的保护性为她赢得了“天使”的绰号，而她姐姐火热的性格和大胆的做法为她赢得了“萤火虫”的呼号。姐妹俩因执行一项复杂任务的道德问题而发生争执，结果分道扬镳。然而，他们仍然保持着牢不可破的联系，也许有一天他们会和解。\\n\\n
Raising your voice, you say, "Well, that last contract was <i>brutal</i>. I didn't think we'd make it back."\\n\\nDarius stifles his confusion and plays along. "Yeah, that was a rough one. We had to hose good MechWarriors out of their cockpits."\\n\\nYou glance at your captive, silent audience.\\n\\n"We'll need <i>fresh meat</i>. Those kids look like they know their way around a BattleMech. Hey! Want to join our mercenary company? You'll go to interesting planets, meet interesting people, and shoot them."\\n\\nThe nobles fall over themselves to pay the tab and flee the bar.\\n\\nDarius finally lets loose laughter he'd been holding in. "{COMMANDER.FirstName}, not every noble is cut out for a life of excitement. Probably for the best."	你提高声音说：“嗯，最后一份合同是 <i>brutal</i>。我不认为我们会回来。”\\n\\nDarius 抑制住了他的困惑，继续玩下去。 “是的，这很艰难。我们必须把优秀的机甲战士从他们的驾驶舱里赶出来。”\\n\\n你看了一眼被俘虏的、沉默的观众。\\n\\n“我们需要 <i> 新鲜的肉</i>。那些孩子看起来他们熟悉机甲战。嘿！想加入我们的雇佣兵连吗？你会去有趣的星球，遇到有趣的人，然后射击\\n\\n贵族们拼命付账，然后逃离了酒吧。\\n\\n大流士终于放声大笑起来。“{COMMANDER.FirstName}，并不是每个贵族都适合过刺激的生活，也许是最好的。”
Ray Headley, or "Jockstrap", had it all - the fame, the fortune, and the love of the crowd. He's best known as the Star Gladiator for the Golden Suns, a Solaris team with an impressively high record of coring out 'Mech engines. He unceremoniously earned his nickname when, during a match against an opposing team of Urbanmechs, a bump on the cockpit of his Firestarter dislodged the MechWarrior from his seat right into his good-luck trophy. The object slammed between him and the cockpit, opening mic channels and breaking his communications relay as he yelled out to world those infamous words: "...Thank God I remembered my Jockstrap!"\\n\\n	雷·海德利（Ray Headley），又名“Jockstrap”，拥有一切——名声、财富和群众的喜爱。他最出名的身份是金太阳队的明星角斗士，这是一支索拉里斯队，在机甲引擎方面有着令人印象深刻的高记录。在与对方的 Urbanmechs 队的比赛中，他的 Firestarter 驾驶舱发生碰撞，将 MechWarrior 从座位上撞到了他的好运奖杯上，因此他毫不客气地赢得了这个绰号。该物体猛烈地撞击在他和驾驶舱之间，打开了麦克风通道并中断了他的通讯中继，同时他向世界喊出了那些臭名昭著的话语：“……感谢上帝，我记得我的护体裤！”\\n\\n
Realizing he will get no handouts from your table, Rance moves on. The stench of fear and desperation lingers long after he's gone.\\n\\nGlancing at your face, Darius cocks an eyebrow. "Why do I get the feeling there's a story here?"\\n\\nBy the time you finish your tale of betrayal and revenge, the table is covered with empty glasses and the lights are low.\\n\\nDarius finally leans back and whistles appreciatively. "Commander, I don't know if I would've shown such restraint if I were in your shoes. That said, he'll never stop running. You've given him a lifetime of looking over his shoulder."	兰斯意识到他不会从你的桌子上得到任何施舍，于是继续前进。在他离开后，恐惧和绝望的恶臭依然挥之不去。\\n\\n德莱厄斯看了一眼你的脸，扬起一边眉毛。 “为什么我感觉这里有一个故事？”\\n\\n当你讲完你的背叛和复仇的故事时，桌子上摆满了空玻璃杯，灯光昏暗。\\n\\nDarius 终于向后靠了靠，赞赏地吹了声口哨。 “指挥官，我不知道如果我是你，我是否还会表现得如此克制。话虽如此，他永远不会停止奔跑。你给了他一生的监视。”
Recently taken from the Combine, Asta is a world that refuses to die, in spite of being ravaged by WMD in the days of the Amaris Empire, and being a battleground recently.  It is a highly agrarian "breadbasket" planet.	Asta最近刚从联合体手中被夺取，它是一个拒绝死亡的世界，尽管在阿马里斯帝国时期曾遭到大规模杀伤性武器的揉躏，并且最近还成为了战场. 它是一颗高度农业化的“粮仓”行星.
Regardless of an AutoMech's design, it receives three CPU critical slots in its Head hit location. Two of these slots - replacing the Life Support Slots on a standard BattleMech cockpit - are identified as Secondary CPUs, while the third - replacing the Cockpit critical slot - is the Primary CPU. Collectively, these represent the AutoMech's brain.	无论 AutoMech 的设计如何，它的头部命中位置都会接收三个 CPU 关键插槽。其中两个插槽（替换标准 BattleMech 驾驶舱上的生命支持插槽）被识别为辅助 CPU，而第三个插槽（替换驾驶舱关键插槽）是主 CPU。总的来说，这些代表了 AutoMech 的大脑。
Regardless of an Automech's design, it receives three CPU critical slots in its Head hit location. Two of these slots - replacing the Life Support Slots on a standard BattleMech cockpit - are identified as Secondary CPU's, while the third - replacing the Cockpit critical slot - is the primary CPU. Collectively, these represent the Automech's brain.	无论 Automech 的设计如何，它的头部命中位置都会接收三个 CPU 关键插槽。其中两个插槽（替换标准 BattleMech 驾驶舱上的生命支持插槽）被识别为辅助 CPU，而第三个插槽（替换驾驶舱关键插槽）是主 CPU。总的来说，这些代表了 Automech 的大脑。
Regardless of an AutoMech's design, it receives three CPU critical slots in its Head hit location. Two of these slots - replacing the Life Support Slots on a standard BattleMech cockpit - are identified as Secondary CPUs, while the third - replacing the Cockpit critical slot - is the Primary CPU. Collectively, these represent the AutoMech's brain. This Primary CPU has been augmented with a command Module to assist in coordination of movement of mass haulers. It also is very capable of waging an extended war.	无论 AutoMech 的设计如何，它的头部命中位置都会接收三个 CPU 关键插槽。其中两个插槽（替换标准 BattleMech 驾驶舱上的生命支持插槽）被识别为辅助 CPU，而第三个插槽（替换驾驶舱关键插槽）是主 CPU。总的来说，这些代表了 AutoMech 的大脑。该主 CPU 已通过命令模块进行了增强，以协助协调土方搬运车的移动。它也非常有能力发动长期战争。
Remove UNSTEADY and end this unit's turn. Gain BULWARK (20% damage reduction against ranged attacks to the front and side) and ENTRENCHED (50% stability damage reduction).	移除失衡状态并结束本单位的回合. 获得“戒备”(减免20%正面与侧面受到的远程攻击伤害) 和“稳固”(稳定性伤害减免50%).
Remove UNSTEADY and end this unit's turn. Gain GUARDED (10% damage reduction against ranged attacks to the front and side) and ENTRENCHED (50% stability damage reduction).	移除失衡状态并结束本单位的回合. 获得“戒备”(减免10%正面与侧面受到的远程攻击伤害) 和“稳固”(稳定性伤害减免50%).
Resisting the urge to randomly turn off individual systems, you give the single emergency shut-off a decisive pull. The emergency breaker kicks in with an audible pop.\\n\\nA disquieting silence fills the Mech Bay. Yang casts a discerning eye over the {SCN_UNIT.Chassis.Description.Name} and the other 'Mechs in this bay, then calls down to you. "Sorry Boss, but our current projects are going to be in the shop longer than planned."	为了抵制随机关闭单个系统的冲动，您对单个紧急关闭施加了决定性的推动力。紧急断路器随着一声爆裂声启动。\\n\\n机甲湾充满了令人不安的寂静。杨以敏锐的目光审视了这个海湾中的 {SCN_UNIT.Chassis.Description.Name} 和其他机甲，然后向下呼叫你。 “抱歉，老板，我们目前的项目在商店里的停留时间将比计划的要长。”
RISC Engineers took a retake on the 'failed' NAIS Silver Bullet Gauss Rifle and refit it to fire a extremely dense cluster of shots, showering the target area in a dense deadly shrapnel shroud. <b><color=#ffcc00>Uses Heavy Gauss Ammo.</color></b> <b><color=#099ff2>VOLATILE!</color></b>	RISC的工程师们重新审视了NAIS银弹高斯步枪这一“失败”方案，将其改造为可发射一簇极高密度弹丸的武器，以致命的弹片云覆盖目标区域. <b><color=#ffcc00>使用重型高斯弹药.</color></b> <b><color=#099ff2>易爆!</color></b>
Rob Werner, callsign "Toga", lacks finesse in the finer aspects of war, but more than makes up for it sheer brutality. Often seen charging headfirst into the enemy line, Toga revels in flanking the enemy backline and having his way with the rear and side armor of long-range artillery units. He paints his trademark green striped camouflage, Omega Toga Pattern, on his 'Mechs, which he believes is the key to successfully fooling opponent. To his foes, it's as if he just springs up from around them, seemingly out of thin air, preceding the blood-curdling screams which in turn are followed by complete radio silence.\\n\\n	罗布·沃纳（Rob Werner），呼号“Toga”，在战争的细节方面缺乏技巧，但足以弥补其纯粹的残酷。人们经常看到托加一头冲进敌方阵线，他热衷于从侧翼包抄敌人的后线，并利用远程炮兵部队的后部和侧面装甲。他在自己的“机甲”上涂上了自己标志性的绿色条纹迷彩“欧米茄托加图案”，他认为这是成功愚弄对手的关键。对于他的敌人来说，他就像是从他们周围突然出现，似乎是凭空而来，在令人毛骨悚然的尖叫声之后，接下来是完全的无线电静默。\\n\\n
Rolling clouds of heavy pollution decrease heat sinking efficiency to 95%. Visibility and sensor efficiency is reduced to 80%. All units have +1 Defense.	滚滚而来的重度污染云雾将散热效率降低至 95%. 能见度与传感器效能降至 80%. 所有单位获得 +1 防御.
Ruby Rhod is a famous host of a 2 hour radio show hosted on and sponsored by the travel company Fhloston Paradise, with over fifty billion people of The Federated Commonwealth's population listening to his show. He has very unorthodox wardrobe and exotic fashion sense. In many ways, he acts in a girlish manner when exposed to combat or is simply annoyed by your presence. 	Ruby Rhod 是旅游公司 Fhloston Paradise 主办并赞助的两小时广播节目的著名主持人，联邦联邦人口超过 500 亿人收听他的节目。他有非常非正统的衣柜和异国情调的时尚感。在很多方面，当他遇到战斗时，或者只是因为你的存在而感到恼火时，他的行为举止都像女孩子一样。
S.H.I.T.S. : Severe Hazardous Irritable Taco Syndrome is a medical condition wherein a persons inner gut has an inflamatory reaction to the ingredients used when attempting to create a Taco Truck Taco without the proper recipe.	S.H.I.T.S.: 严重危险刺激性塔可综合征是一种医学状况，即当一个人在没有正确配方的情况下尝试制作塔可餐车塔可时，其肠道内壁对所用食材产生炎症反应.
Safely back on the Argo, Sumire watches the {TGT_SYSTEM.Name} news feeds. "Looks like this particular pop-up shop is shut down. It's on all the networks. I give the cabal 24 hours before a new one opens, though."\\n\\nDarius is reading updates from less public information sources. "Bad news, team. From the rumblings on the pirate forums, they're linking the raid back to us."\\n\\nYang crosses his arms over his chest. "Dammit people! <i>Iron Beard</i> will have to retire. This reflects poorly on his criminal character."	安全返回阿尔戈号后，堇观看了 {TGT_SYSTEM.Name} 新闻推送。 “看起来这个特定的快闪店被关闭了。它在所有网络上都有。不过，我给阴谋集团 24 小时时间，然后再开一家新店。”\\n\\nDarius 正在从不太公开的信息来源阅读更新。 “坏消息，团队。从海盗论坛上的传言来看，他们正在将这次袭击与我们联系起来。”\\n\\n杨将双臂交叉在胸前。 “可恶的人啊！<i>铁胡子</i>要退役了，这太不符合他的犯罪性格了。”
Safely back on the Argo, Sumire watches the {TGT_SYSTEM.Name} news feeds. "Looks like this particular pop-up shop is shut down. It's on all the networks. I give the cabal 24 hours before a new one opens, though."\\n\\nDarius is reading updates from less public information sources. "The pirate forums don't have much more information. Fortunately, no one is linking the raid back to us."\\n\\nYang crosses his arms over his chest. "Okay, okay, but <i>Iron Beard</i> doesn't feel good about playing both sides like this. It reflects poorly on his criminal character."	安全返回阿尔戈号后，堇观看了 {TGT_SYSTEM.Name} 新闻推送。 “看起来这个特定的快闪店被关闭了。它在所有网络上都有。不过，我给阴谋集团 24 小时时间，然后再开一家新店。”\\n\\nDarius 正在从不太公开的信息来源阅读更新。 “海盗论坛没有更多信息。幸运的是，没有人将这次袭击与我们联系起来。”\\n\\n杨双臂交叉在胸前。 “好吧好吧，但是<i>铁胡子</i>这样两边打的感觉不太好，这很不符合他的犯罪性格。”
Sargeant Devin Chaste, callsign "Bugaboo", woke up one day in his barracks and realized he had grown weary of leading brash, young MechWarriors to their doom under the uncaring gaze of his commanding officer in the Steiner army. After finally receiving his discharge paperwork for a decorated career in service, he used his connections, along with his pension, to escape into mercenary life. Bugaboo has since proven himself a respectable addition to any mercenary company looking for a lance leader capable of coordinating tactical alpha strikes to the his employer's enemies.\\n\\n	德文·查斯特中士（呼号“Bugaboo”）有一天在军营中醒来，意识到自己已经厌倦了在施泰纳军队指挥官漠不关心的目光下带领傲慢的年轻机甲战士走向灭亡。在最终收到光荣服役生涯的退役文件后，他利用自己的关系和养老金，逃入了雇佣兵生活。自此，Bugaboo 证明了自己是任何雇佣兵公司中值得尊敬的新成员，他们正在寻找一位能够协调对雇主的敌人进行战术性阿尔法打击的长矛领袖。\\n\\n
Sarge's incredible skill with this mech improves its damage reduction by 10%.	中士对这台机甲的令人难以置信的技能将其伤害减免提高了 10%。
Sumire reports a call for help from a nearby ship. "It's another ship that's contracted the Periphery Pox ."\\n\\nDarius begins to speak, but Dr. Murad cuts him off. "I know what our XO will say." She continues in a perfect imitation of Darius, "We went to the trouble of developing this serum, let's make back some of that investment!"\\n\\nWith a smile, Darius plays along. "Speaking for our dear Dr. Murad, we've suffered from the Pox ourselves. Let's give away our serum, and maybe the locals will smile at us afterward."\\n\\nDr. Murad finishes with, "If we do sell the serum, I think we could easily get ¢80k."	堇报告附近一艘船只发出求救信号。 “这是另一艘感染了外围痘的船。”\\n\\nDarius 开始说话，但 Murad 博士打断了他。 “我知道我们的 XO 会说什么。”她完美地模仿了大流士，继续说道：“我们不辞辛劳地开发了这种血清，让我们收回一些投资吧！”\\n\\n大流士面带微笑，配合着。 “代表我们亲爱的 Murad 博士发言，我们自己也曾患过痘病。让我们捐出我们的血清，也许之后当地人会对我们微笑。”\\n\\nDr. Murad Murad 最后说道：“如果我们出售血清，我认为我们可以轻松获得 ￠80k。”
Sumire takes the Leopard for a low altitude circuit of the moon, relaying her findings back to the <i>Argo</i>'s computers.  Over the course of the week she works with the collected data, then delivers her report.\\n\\n"Commander, the scientists I've been talking with are really excited about the data we've acquired. Apparently, it contains proof of a rare ore of scholastic interest." She shrugs. "Not my wheelhouse. In any case, I've negotiated an excellent price for the full scans, so everybody can celebrate."	堇带着 Leopard 进行了月球低空环游，将她的发现传回 <i>Argo</i> 的计算机。  在一周的时间里，她处理收集到的数据，然后提交报告。\\n\\n“指挥官，与我交谈的科学家们对我们获得的数据非常兴奋。显然，它包含了学术界感兴趣的稀有矿石的证据。”她耸耸肩。 “不是我的驾驶室。无论如何，我已经为全面扫描协商了一个优惠的价格，所以每个人都可以庆祝。”
Sumire takes the Leopard for a low altitude circuit of the moon, relaying her findings back to the <i>Argo</i>'s computers. Over the course of the week she works with the collected data, then delivers her report.\\n\\n"Commander, we aren't the only ones who were curious about this moon. I identified an abandoned facility, completely destroyed and then buried. Whoever it was, I wonder what they were doing."	堇带着 Leopard 进行了月球低空环游，将她的发现传回 <i>Argo</i> 的计算机。在这一周的时间里，她处理收集到的数据，然后提交报告。\\n\\n“指挥官，我们并不是唯一对这颗卫星感到好奇的人。我发现了一个废弃的设施，被完全摧毁，然后被掩埋。无论是谁，我想知道他们在做什么。”
Sumire takes the Leopard for what is supposed to be no more than a low altitude fly-by of the ruins, though some of her photos seem suspiciously close to the ground. After the trip, she spends a week cataloging the collected data and then delivers her report.\\n\\n"Commander, look at this! See those shadows? And this indentation? That's an underground complex nobody's ever found before! And there's a symposium of historians willing to pay a mint to preempt the general release of our findings.\\n\\nYou whistle at the sum and say, "Are you leaving us to become an archaeologist now?"\\n\\nShe only grins at you before returning to her work.	堇拍摄的豹子本应只是低空飞越废墟，但她的一些照片看起来离地面很近，令人怀疑。旅行结束后，她花了一周的时间对收集到的数据进行编目，然后提交报告。\\n\\n“指挥官，看看这个！看到那些阴影了吗？还有这个凹痕？那是一个以前没有人发现过的地下建筑群！还有一个历史学家研讨会愿意花点钱抢先公布我们的发现。\\n\\n你看着这个数字，吹口哨说：“你要离开我们去当考古学家吗？现在？”\\n\\n她只是对你笑了笑，然后就继续工作了。
Surrounded by the scent of growing things, you remember the laughter around the salad bar the night before. "Darius, I know you're trying to help us make ends meet here, but I don't want to go back to how things were."\\n\\nYou grab a berry from Darius's basket and pop it into your mouth. Delicious juice reinforces your decision. "Decline the trade. The morale of the crew is more important right now."	被植物的香气包围着，你还记得前一天晚上沙拉吧周围的笑声。 “Darius，我知道你想帮助我们维持收支平衡，但我不想回到原来的样子。”\\n\\n你从Darius的篮子里抓起一个浆果，然后把它放进嘴里。美味的果汁会强化您的决定。 “拒绝交易。现在船员的士气更重要。”
'Thank you for taking the Quicsell product demonstration tour! If you look over there, you'll see one of our most ambitious projects, the Speedy Leg total actuator replacement package! Why, look at how fast that mech can move! We've increased sprint speed by almost twenty percent, and' -CRASH- 'Oh dear. He's fallen over again. Um... If you will please quickly move along, I can show you the <i>next</i> product. Away from here.'	“感谢各位参加快销公司的产品演示之旅! 请往那边看，那里是我们最具雄心的项目之一——迅捷腿部驱动器替换件! 哇，瞧瞧那台机甲跑得多快! 我们把冲刺速度提升了近二十个百分点，而且——哐当——哎呀. 它又摔倒了. 呃……请各位快速移步，我带你们看看<i>下一款</i> 产品. 离这儿远点.”
The "south" direction of the known universe is called rimward. It's the direction that points away from the galaxy's center.	已知宇宙的“南”方向被称为缘向（Rimward）. 它是指向远离银河系中心的方向.
The Angst Clear View 1A was 设计ed for the Solaris Market. Each Clear View 1A system had to be painstakingly calibrated to the Pilot's Neurohelm. Coupled with a movement prediction algorithm, it allowed the '机甲 to engage in lightning fast strikes without telegraphing the intent of the Pilot, closing the Enemies' dodging window by around half.	【FCS Berserker】Angst清晰视野1A型是为索拉里斯市场设计的. 每套清晰视野1A系统都必须经过精心校准，以匹配机师的神经头盔. 结合一套移动预测算法，它能使机甲发动闪电般的快速打击，而不会暴露机师的意图，将敌人的闪避窗口缩短了大约一半.
The Ares Target Projection Suite steps above dedicated fire control systems and targeting computers by utilizing dozens of parallel computational systems and a series of laser-based sensory equipment to assess where a target is and to predict where it will be when the ballistic projectile would arrive on-target. While this affords a superior accuracy for pilots, the inability to override the FCS lock-out is controversial amongst many veteran pilots.	【Ares TPS Attachment】阿瑞斯目标投射套件超越了专用的火控系统和目标计算机，它利用数十个并行计算系统以及一系列基于激光的传感设备，来评估目标的位置，并预测弹道射弹抵达目标时目标会在哪里. 虽然这为机师提供了卓越的精度，但无法覆盖火控系统的锁定，这在许多资深机师中颇具争议.
The barrel of this flamer has been crimped at the end, probably in some moronic attempt to make it shoot farther.  You'll be lucky if it doesn't just blow up in your face.	这具火焰喷射器的炮口被压扁了，大概是某个蠢货想让它射得更远. 它没在你脸上炸开就算你走运了.
The blizzard increases heat sinking efficiency by 20%, and by an additional 12 heat per turn. In the snow, visibility and sensor efficiency is reduced to 60%, and all units have +2 Defense. Due to the the high winds, stability damage for land units is increased by 15%, movement cost for '机甲s and wheeled 载具s is increased by 20%, and VTOL units have -1 evasion.	暴风雪使散热效率提升 20%，且每回合额外降低 12 点热量. 在雪地中，能见度和传感器效率降至 60%，所有单位获得 +2 防御. 由于强风影响，地面单位的稳定性伤害增加 15%，机甲和轮式车辆的移动消耗增加 20%，垂直起降单位闪避 -1.
The Bounty Hunter and his Associates have near-perfect Called Shots and deal [AMT] more damage with all attacks.	赏金猎人及其伙伴的精准射击近乎完美，并且所有攻击会多造成[AMT]伤害.
The Bounty Hunter and his Associates have near-perfect Called Shots and deal 20% more damage with all attacks.	赏金猎人及其伙伴的精准射击近乎完美，并且所有攻击会多造成20%的伤害.
The Bounty Hunter's attacks bypass 装甲 and deal structure damage to the target.	赏金猎人的攻击会无视装甲，对目标造成结构伤害.
The Chameleon Light Polarization Shield was 设计ed to make a '机甲 invisible to the naked eye. By using a primitive mimetic system, the outline of the '机甲 carrying it was broken up, blending into the surrounding terrain. The Chameleon was very effective because unlike the Null Signature System it worked against sensor systems and visual observation.	变色龙偏振护盾旨在让装备它的机甲在人眼中隐形. 通过使用一种原始的拟态系统，它能够打乱机甲的轮廓，使其融入周围地形. 变色龙系统非常有效，因为不同于零特征系统，它不仅能够对抗传感器系统，也能干扰视觉观察.
The Dagda system consists of an F9V class primary named "Tuath" orbited by eight worlds.	Dagda星系由一颗名为“Tuath”的F9V级主星以及环绕其运行的八颗行星组成.
The Emergency Coolant System 开发 by the Republic Institute of Strategic Combat is a further advancement of the Radical Heat Sink System. It is intended to last longer by automatically activating whenever the Battle机甲 exceeds a certain heat level. The system overall worked, but it had a tendency to fail catastrophically, and potentially destroy the engine in the process. Fortunately, it was configured in such a way that it couldn't be activated manually, which helped reduce the negative consequences of overusing the system. This is the Superheavy, even further improved version of the system, which practically can not be removed from the chassis due to how heavily fused into the structure it is.<br><br><b><color=#099ff2>VOLATILE!</color></b>.	紧急冷却系统由共和国战略战斗研究所开发，是激进散热系统的进一步升级. 它旨在通过每当战斗机甲超过一定热量水平时自动激活，来延长持续时间. 该系统总体有效，但存在灾难性故障的倾向，并可能在此过程中摧毁引擎. 幸运的是，其配置方式使其无法手动激活，这有助于减少过度使用该系统带来的负面影响. 这是超重型版本，是该系统的进一步改进型，由于其与结构高度融合，实际上无法从底盘上拆除. \\n\\n<b><color=#099ff2>易爆!</color></b>
The Enhanced Imaging Display is a modular Heads-Up Display based on the Star League's Brain Wire program.[1] Forming part of the Clans' Enhanced Imaging system, the EI display is an advanced battle computer which simplifies the warrior's battlefield view with an enhanced virtual reality display. By combining sensor information from surrounding friendly units with preloaded terrain data, the EI display constructs a virtual view of the battlefield which clearly identifies all targets as friendly or hostile and allows technical data on a selected unit to be called up with a simple command. Besides removing the need to look down at cockpit controls and preventing the warrior from being overloaded with unnecessary data, the virtual display also presents a moveable perspective, allowing the warrior to change his point-of-view to observe any area of the battlefield from any angle.	增强成像显示器（EI Display）是一种模块化平视显示器，其技术源自星际联盟的“脑线”计划. [1] 作为氏族增强成像系统的一部分，EI显示器是一种先进的作战电脑，通过增强虚拟现实显示来简化战士的战场视野. 它将周围友方单位的传感器信息与预载的地形数据相结合，构建出一幅战场虚拟视图，能清晰地将所有目标识别为友方或敌方，并可通过简单指令调取所选单位的技术数据. 除了免去低头查看驾驶舱仪表的必要，并防止战士被无用数据淹没之外，这种虚拟显示还提供可移动的视角，使战士能够改变观察角度，从任意方向观察战场上的任何区域.
The king of the battlefield, absolutely ruined by pirates. They've cut off half the barrel, made it hot-load two slugs at a time, and scratched obscenities all over it. They've basically turned this AC/20 into a sawed-off shotgun. <b><color=#099ff2>VOLATILE!</color></b>	战场上的王者，被海盗彻底毁了. 他们锯掉了半截炮管，让它能一次热装填两发弹丸，还在上面刻满了污言秽语. 他们基本上把这门AC/20改成了一把锯短了的霰弹枪. <b><color=#099ff2>易爆!</color></b>
The Mech generates +100% weapon heat for 2 turns. Does not stack.	机甲武器产生的热量 +100%，持续2回合. 效果不可叠加.
The Mech's Movement is reduced by 50% for 2 turns. Does not stack.	机甲的移动力降低 50%，持续 2 回合. 效果不可叠加.
The Mercury is a fast, well-armed scout and raider BattleMech, praised for its modular weapon system and balance of speed and protection. Initially exclusive to elite units, it nearly vanished after widespread factory destruction. Later, it was unexpectedly revived, with production restarted and updated variants extending its service for decades.	水星是一种高速、武装精良的侦察与突袭型战斗机甲，以其模块化武器系统以及速度与防护之间的平衡而备受赞誉. 最初仅配属精英部队，在工厂大面积被毁后几乎绝迹. 后来，它出人意料地得以复兴，生产线重启，并推出了多种改进型号，使其服役期延续了数十年.
The Particle Recycler Module is an extra component that can be added to most types of IS or CE Particle Projector Cannons. The module captures excess energy and reuses it for follow-up shots; effectively, lowering weapon heat generation per shot.	【Particle Recycler Module】粒子回收模块是一种额外组件，可加装到大多数类型的内天体或氏族粒子加农炮上. 该模块捕获多余能量并将其用于后续射击; 实际上降低了每次射击的武器热量产生.
The population of Borghese was self-sustaining, providing its own food crops and famed for its exotic fish export known as the "mermaid" fish. The planet's capital was named Houston, which was also its largest city.	Borghese的人口自给自足，自行种植粮食作物，并因出口一种名为“美人鱼”的奇异鱼类而闻名. 该行星的首府名为休斯顿，同时也是其最大的城市.
The pouring rain increases heat sinking by 12 per turn. Visibility and sensor efficiency is reduced to 70%, and all units have +3 Defense. Hurricane winds cause land units to take 30% more stability damage, hover units have their movement cost increased by 50%, VTOL units have -2 evasion, and the scatter radius of weapons is increased by 40%.	倾盆暴雨使每回合散热增加 12 点. 能见度与传感器效能降至 70%，所有单位获得 +3 防御. 飓风导致地面单位承受的稳定性伤害增加 30%，悬浮单位移动消耗增加 50%，垂直起降飞行器单位闪避 -2，武器散布半径扩大 40%.
The Queen's supply of eggs, ready to hatch and eviscerate any enemy in their way.  Not to be used in omelets.	【Egg Clutch】女王储备的卵  随时可以孵化  并将挡在它们面前的任何敌人开膛破肚. 禁止用于制作煎蛋卷.
The REDMIC, or REmote Delivery Magnetic Inhibitor Cannon, is a cutting edge experimental prototype weapon focused on delivering highly magnetically charged soft slugs onto enemy mechs. Upon impact the slug deforms and attaches itself to the target unit, causing their gyros to overload with resulting large stability issues. Developed by a former RISC team for the Scorpion Empire, the only currently known platform is specially modified Tercio Superheavy 'Mechs.	REDMIC，即远程投送磁力抑阻加农炮，是一种尖端的实验性原型武器，专注于将高磁性软质弹丸发射到敌方机甲上. 命中时弹丸会变形并附着于目标单位，导致其陀螺仪过载，从而引发严重的稳定性问题. 该武器由前RISC团队为天蝎帝国研发，目前已知的唯一搭载平台是经过特殊改装的Tercio超重型机甲.
This is a....huge tree trunk. But it seems the tree is either extremely dense or was petrified at some point of its life.	这是一棵……巨大的树干。但这棵树似乎要么极其茂密，要么在其生命的某个阶段被石化了。
This is basically a C3 Master module, but it's been overcharged and reconfigured to hijack <i>all</i> C3 networks on the battlefield, replacing their targeting data with what appears to be continuous recordings of an Anti-Missile System firing. Oh, and the whole thing is packed inside a brick of plastic explosives, "for stability" if you believe the message scrawled on the bottom. Yeah. It's incredibly sophisticated; too bad it's also incredibly stupid.	这基本上是一个 C3 主模块，但它被过度充电并重新配置为劫持战场上的 <i>all</i> C3 网络，用反导弹系统发射的连续记录替换其目标数据。哦，整个东西都装在一块塑料炸药里，“为了稳定”，如果你相信底部潦草地写着的话。是的。它非常复杂；太糟糕了，这也非常愚蠢。
This is obviously going to be a fight, so you get things started early by sucker punching the group's leader in the gut. Meanwhile, {TGT_MW.Callsign} slugs another thug in the gut. Then the rest charge, and you're quickly overwhelmed by sheer numbers. The fight is going poorly enough that when the local police arrive, you're relieved.\\n\\nThree hours later, you've paid a ¢100,000 fine, the medics are done treating {TGT_MW.Callsign}'s injuries, and you're both on your way back to the <i>Argo</i>. {TGT_MW.SUBJ_C} {TGT_MW.Gender?NonBinary:say|Default:says}, "Sorry about that, Commander. I didn't think that the Syndicate was still looking for me."	显然这将是一场战斗，所以你可以通过猛击该组织领导者的腹部来尽早开始行动。与此同时，{TGT_MW.Callsign} 猛击另一个暴徒的肠道。然后剩下的人就会发起进攻，你很快就会被庞大的数字淹没。战斗进展得很糟糕，当当地警察到达时，你松了口气。\\n\\n三个小时后，你支付了 100,000 英镑的罚款，医务人员完成了 {TGT_MW.Callsign} 伤势的治疗，你们俩都在返回 <i>Argo</i> 的路上。 {TGT_MW.SUBJ_C} {TGT_MW.Gender?NonBinary:say|Default:says}，“抱歉，指挥官，没想到辛迪加还在找我。”
This is obviously going to be a fight, so you get things started early by sucker punching the thug sent after [[TGT_MW,{TGT_MW.Callsign}]]. Meanwhile, {TGT_MW.Callsign} slugs another thug in the gut. Then the rest charge, and everything devolves into a confusion of fists and arms and heavy boots.\\n\\nSome time later, you're swinging at someone's bloody face as he backs away, and you realize he's the last enemy left. {TGT_MW.Callsign} is bent over trying to catch {TGT_MW.DET} breath and the groups leader is gone, along with most of his gang. "Go on, get out of here!" you tell the last one. He turns and runs.\\n\\nYou offer {TGT_MW.Callsign} your hand. {TGT_MW.SUBJ_C} {TGT_MW.Gender?NonBinary:say|Default:says}, "That was a good scrap, Commander. But we'd better go, too."	这显然会是一场战斗，所以你可以通过对 [[TGT_MW,{TGT_MW.Callsign}]] 之后派出的暴徒进行猛击来尽早开始行动。与此同时，{TGT_MW.Callsign} 猛击另一个暴徒的肠道。然后剩下的人发起冲锋，一切都变成了拳头、手臂和沉重靴子的混乱。\\n\\n过了一段时间，当某人后退时，你向他血淋淋的脸挥舞，你意识到他是最后一个敌人了。 {TGT_MW.Callsign} 弯下腰试图喘口气，但该组织的领导者和他的大部分团伙都消失了。 “走吧，离开这里！”你告诉最后一个。他转身就跑。\\n\\n你向 {TGT_MW.Callsign} 伸出你的手。 {TGT_MW.SUBJ_C} {TGT_MW.Gender?NonBinary:say|Default:says}：“指挥官，打得不错，不过我们也走吧。”
This is terrible. A pirate finds pulse technology and in an effort to improve it, cracks open the focusing chamber and hot-wires the capacitors into a feedback loop. You've got to stop bringing me this crap.	【L. Pulse Laser (P)】这东西糟透了. 一个海盗弄到了脉冲技术，为了改进它，竟然把聚焦腔打开，还把电容器硬接成了反馈回路. 你别再把这种破烂东西拿给我了.
This is the pride and joy of some Periphery pirate. While I'll freely admit the specifications for the fire rate and overall damage are impressive, it comes at the cost of accuracy and this impossible to source custom ammo. We can make the stuff, but supplies are always going to be tight.	这是一些外围海盗的骄傲和喜悦。虽然我坦率地承认射速和总体伤害的规格令人印象深刻，但它是以准确性为代价的，而且不可能采购定制弹药。我们可以制造这些东西，但供应总是会紧张。
This Marauder strucrure have been heavily tinkered with, using materials and technologies typicaly used in LAMs <b><color=#0066ff>Reserves 2 Slots</color></b>	这种掠夺者结构已经过大量修改，使用了 LAM <b><color=#0066ff> 中典型使用的材料和技术，保留 2 个插槽</color></b>
This marvel of engineering has been violated in so many ways. I cannot begin to decipher what its been through.  And no, the fake magazine attached to its underside cannot be removed. It is somehow integrated into the containment field that keeps this thing from blowing up when fired. <b><color=#099ff2>VOLATILE!</color></b>	【ER PPC (P)】这件工程奇迹已经被以各种方式改造得面目全非. 我根本无法想象它到底经历了什么. 还有，不，安装在它底部的假弹匣无法拆除. 它不知为何已经整合进了约束场系统中，而这个系统正是防止这东西在开火时发生爆炸的关键. <b><color=#099ff2>易爆！</color></b>
This note certifies the temporary transfer to the bearer of 1,000,000 c-bills from Discount Dan's Savings and Loan LLC. Bearer is responsible for repayment of the full amount plus applicable fees and interest within 60 days. Interest on this loan is 10% of the loan value, deducted from the bearer's account monthly. A further 10% fee is deducted upon repayment.	本票据证明从 Discount Dan's Savings and Loan LLC 向持票人临时转账 1,000,000 张银行票据。持票人有责任在 60 天内偿还全额金额以及适用的费用和利息。该贷款的利息为贷款价值的 10%，每月从持有人账户中扣除。还款时还要扣除10%的费用。
This pilot feels unappreciated from having to sleep in shifts. Hotbunking sucks.	由于被迫轮班睡觉，这名机师感到未受赏识. 轮铺制度可真够受的.
This pilot has a broken jaw, and generates 20% less resolve due to hampered communications.	该机师下颌骨折，因通讯受阻，产生的决心值减少 20%.
This pilot has a collapsed lung and has a penalty to Guts.	该机师肺萎陷，意志属性受到惩罚.
This pilot has a punctured lung and has a penalty to Guts.	该机师肺部穿孔，意志属性受到惩罚.
This pilot has been severely burned and is suffering a penalty to Evasion.	该机师遭受严重烧伤，并承受闪避值惩罚.
This pilot has been trained to operate battle armour	该机师受过操作战斗装甲的训练
This pilot has broken ribs and receives a debuff to Evasion.	该机师肋骨骨折，闪避值受到减益.
This pilot has lost a lot of blood. Things are spinny. Initiative Decreased.	这名机师失血过多. 眼前天旋地转. 主动权降低.
This pilot has severe burns to the head. Sight distance is impaired.	该机师头部严重烧伤，视野距离受损.
This pilot has suffered barotrauma to the head. Initiative decreased.	该机师头部遭受气压伤，主动权降低.
This pilot has suffered minor blood loss and has gone into minor shock, reducing accuracy.	该机师因轻度失血而陷入轻度休克，命中精度降低.
This pilot is annoyed from sleeping on the floor. Hotbunking sucks.	由于被迫打地铺，这名机师感到烦躁不已. 轮铺制度真让人受不了.
This pilot is concussed. Things are spinny. Initiative Decreased	该机师遭受脑震荡，眼前天旋地转. 主动权降低
This pilot is depressed from having no personal space in the barracks. Hotbunking sucks.	由于在营房毫无个人空间，这名机师情绪低落. 轮铺制度真让人受不了.
This pilot is suffering from internal bleeding and receives a debuff to Evasion.	该机师正遭受内出血，闪避值受到减益.
This pilot is tired from sleeping in s坦克 ass sheets someone else used. Hotbunking sucks.	该机师因睡在别人用过的臭烘烘床单上而感到疲惫不堪. 轮铺制度真让人受不了.
This specially modified directional thruster modified for the special MAD-DER Marauder variant works in conjunction with the L.A.M. system strapped into the mech's chassis, while it wasn't possible to remove all the weight cost from the thruster, its lighter then its normal counterparts. But due to the procedure, it has been linked directly into the engine core, making it impossible to be removed without risking either destroying the engine enclosure or the thruster, but its destruction won't affect the engine core itself due to the extra bulk and safeguards.	这种专门修改的定向推进器是针对特殊的 MAD-DER Marauder 变型而修改的，与 L.A.M. 配合使用。系统绑在机甲的底盘上，虽然不可能消除推进器的所有重量成本，但它比普通推进器更轻。但由于该过程，它已直接连接到发动机核心，因此不可能在不损坏发动机外壳或推进器的情况下将其移除，但由于额外的体积和防护措施，其破坏不会影响发动机核心本身。
This 'Tail' is a collection of myomer supported sawblades with a piercing blade at the front mounted alongside the mechs spine.	【Tail】这条“尾巴”是一组由肌纤维支撑的锯片  前端带有穿刺刀刃  安装在机甲脊柱旁.
This target was Narc'ed. +1 to hit and +2 with Missiles.	这个目标被缉毒了。击中+1，导弹+2。
This type of drop slot can be used for LAMs	此类空降槽位可用于部署陆空两用机甲（LAM）
This type of drop slot can be used for vtols	此类空降槽位可用于部署垂直起降飞行器（VTOL）
This type of drop slots can be used for battle armors	此类空降槽位可用于部署战斗装甲（BA）
This type of drop slots can be used for BattleArmor	此类空降槽位可用于部署战斗装甲（BA）
This type of drop slots can be used for ground vehicles	此类空降槽位可用于部署地面车辆
This type of drop slots can be used for vehicles	此类空降槽位可用于部署各类车辆
This unit can generate an additional evasion pip (+1 Max).	该单位可以产生额外的回避点（+1最大）。
This unit ignores landmines and fire this turn.	该单位本回合无视地雷和火焰.
This unit is an elite MechWarrior whose skill prevents the ability to hit their cockpit with attacks.	该单位是精锐机甲战士，他的技艺能阻挠击中他们驾驶舱的技能.
This unit is so massive that hitting anything critical is highly unlikely	这个单位太大了，击中任何关键物体的可能性极小
This unit stood in a Smoke Cloud and has 25% Vision until the end of it's next activation.	该单位曾处于烟幕中，在其下次行动结束前视野降至 25%.
This Vibrosword seems to be made out of some sort of proto-metal. It is strong but flexible.	这把振动剑似乎是由某种原始金属制成的。它坚固但灵活。
This 'was' a Large Pulse Laser, and someone hot-wired a TAG straight into the system, overloaded the capacitors and then managed to break the focusing system anyway.	【Death Stare】这“曾经”是一门大型脉冲激光  而某人竟然把TAG直接硬接进了系统  使电容器过载  最后还把聚焦系统给弄坏了.
This WAS an LRM20, they somehow managed to override any safeties, removed the guidance computer, and sped up the feeding mechanism. If this explodes and sends you after Kerensky don't ask me to fix it. \\n\\n <b><color=#ffcc00>Uses LRM Ammo.</color></b>	这是一架LRM20，他们设法超越了所有安全装置，拆除了制导计算机，并加快了进给机构的速度。如果这件事爆发并让你追随克伦斯基，不要要求我解决它。 \\n\\n <b><color=#ffcc00>使用LRM弹药.</color></b>
Though they do inflict damage directly on a target, what makes these munitions so effective is their secondary effects. The warheads blanket the target in electromagnetic noise, causing the target to move more slowly, overheat, and interfere with sensor systems.  Upon receiving a Critical Hit, any remaining ammunition stored inside an Ammo Bin will explode dealing damage to the install location. Risk can be mitigated with the use of C.A.S.E.	尽管它们确实会直接对目标造成伤害，但这些弹药之所以如此有效，是因为它们的次级效应。弹头在电磁噪声中覆盖目标，导致目标移动更慢、过热并干扰传感器系统。  受到致命一击后，弹药箱内储存的任何剩余弹药都会爆炸，对安装位置造成伤害。使用 C.A.S.E 可以降低风险。
Though this may look like an SRM4, it's not. Some moron welded together two SRM2s, and then stuck on some red LEDs that blink randomly and for no apparent reason. \\n\\n <b><color=#ffcc00>Uses SRM Ammo.</color></b>	虽然这可能看起来像 SRM4，但事实并非如此。一些白痴将两个 SRM2 焊接在一起，然后粘在一些红色 LED 上，这些 LED 会无缘无故地随机闪烁。 \\n\\n <b><color=#ffcc00>使用SRM弹药.</color></b>
Tired of those pesky Clanners keeping all the 全向Mechs to themselves? Now you can get your own! Quicsell brand discount 全向Mechs can be fixed in in a fraction of the time! Even comes with genuine 全向Pods!	受够了那些讨厌的氏族佬把万能机甲都据为己有? 现在你也能拥有自己的了! Quicsell品牌万能机甲折扣型，维修时间只需一小部分! 甚至还附带正宗的万能挂载点!
Tired of your shots being ruined by recoil? Try the Quicsell Recoil reducing FCS today. By applying a constant downwards motion to your weapons in every situation, recoil is reduced by more than any other FCS on the market!	厌倦了后坐力破坏你的射击效果? 现在就试试Quicsell减后坐力火控系统吧. 通过在任何情况下都让你的武器持续向下运动，后坐力的影响将比市场上任何其他火控系统都降低得更多!
Tiverton is a lush water world, with archipelagos of volcanic islands strewn all around the surface. Fishing and algae farming are the backbone industries, but it's also known for being a haven for organized crime and piracy.	郁郁葱葱的水系星球蒂弗顿遍布着由火山岛组成的群岛. 渔业和藻类养殖是星球上的支柱产业，但这里同时也是著名的有组织罪犯与海盗的避风港.
Tor Vizsla is a Mandalorian warrior who was the first leader of the Death Watch, founding it after Jaster Mereel ascended to the rank of Mand'alor.\\n\\n	托尔·维兹拉是一名曼达洛战士，他是死亡守望者的第一任领导者，在贾斯特·梅里尔晋升曼达洛后创立了死亡守望者组织。\\n\\n
Trex "Kamea" Arano was the daughter of Kamea Arano. Trex was often simply called Kamea the Second due to her near identical looks to her mother, so much so that historians have difficulty figuring out which holo-images to attribute to either one. \\n\\nBorn only a few years after her mother's victory over Santiago Espinosa's Directorate, Trex grew up watching as her people struggled in the post-wars years to rebuild and became determined to help her people no matter the cost.\\n\\nTrex ascended to the throne at the age of 19 when her mother decided that she had ruled long enough and stepped down as High Lady of the Reach. Like her mother before her, Trex proved a natural leader, and she was able to inspire her people to not only make the Aurigan Reach prosperous for a Periphery state, but to successfully defend it and even launch a counteroffensive against the Capellan Confederation. It is said that Trex herself planned and led the campaign that seized chancellor Slippy's personal salt mine and drove him insane.\\n\\nAfter the war, Trex returned her focus on making her nation the best that it could be before handing down the throne to a new generation of leadership like her mother before her - setting a tradition within the Reach of voluntarily giving up power before old age and world-weariness caught up with the High Lord/Lady.\\n	特雷克斯·“卡米亚”·阿拉诺是卡米亚·阿拉诺的女儿。特雷克斯经常被简单地称为卡米亚二世，因为她的长相与她的母亲几乎一模一样，以至于历史学家很难弄清楚哪些全息图像应该归属于其中任何一个。 \\n\\n在她母亲战胜圣地亚哥·埃斯皮诺萨的理事会几年后出生，特雷克斯看着她的人民在战后的岁月中为重建而奋斗，并决心不惜一切代价帮助她的人民。\\n\\n特雷克斯在 19 岁时登上王位，当时她的母亲认为她已经统治了足够长的时间，并辞去了河湾高级女士的职务。就像她的母亲一样，特雷克斯证明了自己是一位天生的领导者，她不仅能够激励她的人民使阿里根河区成为外围国家的繁荣，而且能够成功保卫它，甚至对卡佩伦联邦发起反攻。据说，特雷克斯亲自策划并领导了一场夺取财政大臣斯利皮私人盐矿并把他逼疯的运动。\\n\\n战后，特雷克斯将注意力集中在让她的国家尽可能成为最好的国家，然后将王位交给像她母亲那样的新一代领导层 - 在高领主/女士年老和厌世之前，在范围内树立了自愿放弃权力的传统。\\n
Tropical biomes increase heat sinking efficiency by 10% due to moisture clinging to exhaust vents.	热带环境因排气口附着湿气，散热效率提升 10%.
Tropical biomes increase heat sinking efficiency by 10% due to moisture clinging to exhaust vents. A light mist reduces visibility to 90%.	热带环境因排气口附着湿气，散热效率提升 10%. 薄雾将能见度降至 90%.
Tropical biomes increase heat sinking efficiency by 10% due to moisture clinging to exhaust vents. Clouds of pollen obscure everything, reducing visibility and sensor efficiency to 70%. All units have +2 Defense and take 5% more damage.	热带环境因排气口附着湿气，散热效率提升 10%. 弥漫的花粉遮蔽万物，能见度与传感器效能降至 70%. 所有单位获得 +2 防御，但承受伤害增加 5%.
Tropical biomes increase heat sinking efficiency by 10% due to moisture clinging to exhaust vents. Heavy rain provides 12 extra heat sinking per turn, but lowers visibility and sensor efficiency to 70%. The extreme winds increase stability damage for land units by 30% and movement cost for non-hover units by 20%. VTOL units have -2 evasion. All units have +3 Defense, and weapon scatter radius is increased by 40%.	热带环境因排气口附着湿气，散热效率提升 10%. 暴雨每回合额外提供 12 点散热，但能见度与传感器效能降至 70%. 极端强风使地面单位承受的稳定性伤害增加 30%，非悬浮单位移动消耗增加 20%. 垂直起降飞行器单位闪避 -2. 所有单位获得 +3 防御，武器散布半径扩大 40%.
Tropical biomes increase heat sinking efficiency by 10% due to moisture clinging to exhaust vents. In the dark, sight range is significantly reduced. All units have +1 Defense.	热带环境因排气口附着湿气，散热效率提升 10%. 在黑暗中，视野范围显著缩短. 所有单位获得 +1 防御.
Tropical biomes increase heat sinking efficiency by 10% due to moisture clinging to exhaust vents. In the dim light, sight range is reduced. The fog reduces visibility to 80%, and all units have +1 Defense.	热带环境因排气口附着湿气，散热效率提升 10%. 在昏暗光线下，视野范围缩小. 雾气将能见度降至 80%，所有单位获得 +1 防御.
Tropical biomes increase heat sinking efficiency by 10% due to moisture clinging to exhaust vents. In the dim light, sight range is reduced. The setting sun lowers visibility to 90%.	热带环境因排气口附着湿气，散热效率提升 10%. 在昏暗光线下，视野范围缩小. 落日将能见度降至 90%.
Tropical biomes increase heat sinking efficiency by 10% due to moisture clinging to exhaust vents. The large number of tar pits here increases movement cost by 10% for 'Mechs and wheeled vehicles, and stability damage by 15% for all land units.	热带环境因排气口附着湿气，散热效率提升 10%. 此处大量的焦油坑使机甲与轮式车辆的移动消耗增加 10%，所有地面单位承受的稳定性伤害增加 15%.
Tropical biomes increase heat sinking efficiency by 10% due to moisture clinging to exhaust vents. The pouring rain helps sinking an additional 12 heat per turn, but decreases visibility to 80% and sensor efficiency to 90%.VTOL units have -1 evasion. All units have +1 Defense. The wet ground increases move and sprint cost by 10% for all non-hover land units.	热带环境因排气口附着湿气，散热效率提升 10%. 倾盆大雨每回合额外散去 12 点热量，但能见度降至 80%，传感器效能降至 90%. 垂直起降飞行器单位闪避 -1. 所有单位获得 +1 防御. 湿滑地面使所有非悬浮地面单位的移动与冲刺消耗增加 10%.
Tropical biomes increase heat sinking efficiency by 10% due to moisture clinging to exhaust vents. This area is filled with swamps and bogs, which reduce movement for all units except VTOL and hovercraft. Light and medium units have their movement cost increased by 20%, while heavy and above have 30%.	热带环境因排气口附着湿气，散热效率提升 10%. 该区域遍布沼泽与泥潭，除垂直起降飞行器和悬浮车辆外，所有单位的移动力均受影响. 轻型与中型单位移动消耗增加 20%，重型及以上单位增加 30%.
Try the Quicsell Laser Anti Missile System today! It's got better range, damage, and accuracy than our competitors, thanks to our sophisticated tracking hardware and improved laser strength!	今天就试试Quicsell激光反导系统吧! 凭借先进的追踪硬件和更强的激光功率，它的射程、伤害和精准度都优于竞争对手的产品!
Tundra biomes increase heat sinking and sensor efficiency by 20%.	冻原环境将散热效率与传感器效能提升 20%.
Typical of a border world, Cammal has seen frequent raids from the Confederation ever since the system was taken over by the Federation during the Second Succession War.  Such raids have always had "Plausable Deniability", as such raids always do...	作为边境世界的典型，自第二次继承战争期间该星系被联邦接管以来，Cammal便频繁遭到来自邦联的袭击. 此类袭击一向都有“合理推诿”的余地，就像这类袭击一贯如此……
Vacuum decreases heat sinking efficiency to 65%. Reduced gravity results in ballistic and missile weapons and jump jets having 15% more range.	真空环境将散热效率降低至 65%. 低重力使实弹与导弹武器以及跳跃推进器的射程增加 15%.
Vacuum decreases heat sinking efficiency to 65%. Reduced gravity results in ballistic and missile weapons and jump jets having 20% more range. Solar flares add 4 heat per turn and reduce sensor efficiency to 40%. VTOL units have 400% movement cost and -2 evasion. 	真空环境将散热效率降低至 65%. 低重力使实弹与导弹武器以及跳跃推进器的射程增加 20%. 太阳耀斑每回合额外增加 4 点热量，并将传感器效能降至 40%. 垂直起降飞行器单位的移动消耗增加至 400%，且闪避值 -2.
Vacuum decreases heat sinking efficiency to 65%. Reduced gravity results in ballistic and missile weapons and jump jets having 30% more range.	真空环境将散热效率降低至 65%. 低重力使实弹与导弹武器以及跳跃推进器的射程增加 30%.
Vacuum decreases heat sinking efficiency to 65%. VTOL units have 300% movement cost due to the lack of atmosphere. Reduced gravity results in ballistic and missile weapons and jump jets having 30% more range. Unstable terrain increases stability damage for all land units by 10%, and movement cost for tracked or wheeled units as well as heavy, assault and superheavy 'Mechs by 10%.	真空环境将散热效率降至 65%. 由于缺乏大气，垂直起降飞行器单位的移动消耗增至 300%. 低重力使实弹与导弹武器以及跳跃推进器的射程增加 30%. 不稳定地形使所有地面单位承受的稳定性伤害增加 10%，履带或轮式单位以及重型、袭击型和超重型机甲的移动消耗增加 10%.
Vacuum decreases heat sinking efficiency to 65%. VTOL units have 350% movement cost due to the lack of atmosphere. Reduced gravity results in ballistic and missile weapons and jump jets having 25% more range. Huge clouds of dust increase heat generation by 10%, decrease heat sinking by 8 per turn, and reduce visibility and sensor efficiency to 70%. All units have +2 Defense. 	真空环境将散热效率降低至 65%. 由于缺乏大气，垂直起降飞行器单位的移动消耗增加至 350%. 低重力使实弹与导弹武器以及跳跃推进器的射程增加 25%. 巨大的尘云使热量生成增加 10%，每回合散热能力降低 8 点，并将能见度与传感器效能降至 70%. 所有单位获得 +2 防御.
Vacuum decreases heat sinking to 65%. VTOL units have 300% movement cost due to the lack of atmosphere. Reduced gravity results in ballistic and missile weapons and jump jets having 30% more range.	真空环境将散热效率降低至65%. 由于缺乏大气，垂直起降飞行器单位的移动消耗增加至 300%. 低重力使实弹与导弹武器以及跳跃推进器的射程增加 30%.
Vacuum decreases heat sinking to 65%. VTOL units have 300% movement cost due to the lack of atmosphere. Reduced gravity results in ballistic and missile weapons and jump jets having 30% more range. In the dark, sight range is significantly reduced.	真空环境将散热效率降至 65%. 由于缺乏大气层，垂直起降飞行器单位的移动消耗增至300%. 低重力使弹道武器、导弹武器及跳跃推进器的射程提升 30%. 在黑暗中，视野范围显著缩小.
Vakarel is an ice world with a turbulent atmosphere of perpetual blizzards called the "Star Veil". Native fauna includes the predatory Ugmar. There are rumours that Qaere Crystals are found in great quantity on Vakarel, but not officially confirmed.	Vakarel是一颗冰封星球，大气动荡，终年暴雪，被称为“星幕”. 本土动物群中有掠食性的Ugmar. 有传言称，Vakarel上蕴藏着大量Qaere晶体，但未获官方证实.
Why waste valuble space and weight on fancy sensors or IFF 设计ators or stealth when you can have more EXPLOSIVES in your mines? Quicsell mines strip out all that useless stuff in exchange for doing much more damage! Upon receiving a Critical Hit, any remaining ammunition stored inside an 弹药 Bin will explode dealing damage to the install location. Risk can be mitigated with the use of C.A.S.E. 	何必把宝贵的空间和重量浪费在花哨的传感器、敌我识别或潜形装置上? 不如让你的地雷多装点炸药! Quicsell地雷把所有那些没用的玩意儿统统拆掉，换来了更可观的杀伤力! 弹药箱遭受暴击时，储存的任何剩余弹药都会爆炸，对安装部位造成损伤. 此风险可通过使用C.A.S.E.系统来降低.
With a wave of your hand, you concede the argument. "I feel dirty agreeing to this, but let's pay up. I don't see us getting into the good graces of the pirates any time soon."	你挥了挥手，示意放弃争论.“答应这件事让我觉得不太舒服，但还是付钱吧. 我看咱们一时半会儿也讨不到海盗们的欢心.”
With a wave of your hand, you concede the argument. "I feel dirty agreeing to this, but let's pay up. We might not find ourselves on better terms with the pirates than we are right now."	你挥了挥手，示意放弃争论.“答应这件事让我觉得不太舒服，但还是付钱吧. 我们未必能比现在更讨海盗的喜欢.”
With a wave of your hand, you quiet the room. "I feel dirty agreeing to this, but it's time to dig into our savings again."	你挥了挥手，让房间安静下来.“答应这件事让我觉得不太舒服，但又到了动用我们的积蓄的时候了.”
With a wave of your hand, you quiet the room. "I feel dirty agreeing to this, but let's pay up. I don't see us getting into the good graces of the pirates any time soon."	你挥了挥手，让房间安静下来.“同意这事儿让我觉得心里膈应，但还是付钱吧. 我看咱们一时半会儿也讨不到海盗们的欢心.”
With a wave of your hand, you quiet the room. "I feel dirty agreeing to this, but let's pay up. We might not always being on good terms with the pirates."	你挥了挥手，让房间安静下来.“同意这事儿让我觉得心里膈应，但还是付钱吧. 毕竟我们未必总能和海盗搞好关系.”
With a wave of your hand, you quiet the room. "That's a steep price, but it could be worse, considering. Let's take the deal on the table."	你挥了挥手，让房间安静下来.“这要价确实不低，但考虑到种种情况，也不算最坏的. 我们就把这笔摆在台面上的买卖敲定吧.”
You have changed your settings to lower the difficulty modifier.  If you save these settings your modifier will be permanently lower.  Changing your settings to raise the modifier later will have no effect.	你已更改设置以降低难度修正因子. 如果保存这些设置，你的修正因子会永久降低. 稍后更改设置以提高修正因子会没有效果.
You reread the message a few times before making up your mind and hitting the <color=#028A00>REQUEST ONSITE QUOTE</color> button. A few moments later you get a response stating a representative will arrive tomorrow to inspect and quote on the cost of upgrading the Beta Pod.	你将信息反复读了几遍，才下定决心按下了<color=#028A00>申请现场报价</color>按钮。片刻后，你收到回复，称一名代表将于明日抵达，对贝塔舱段的升级成本进行勘察和报价。
You reread the message a few times before making up your mind and hitting the <color=#028A00>REQUEST ONSITE QUOTE</color> button. A few moments later you get a response stating a representative will arrive tomorrow to inspect and quote on the cost of upgrading the Gamma Pod.	你把这条消息反复读了几遍，最终下定决心，点击了<color=#028A00>申请现场报价</color>按钮。几分钟后，你收到回复，称一名代表将在明天到访，检查伽玛舱段并评估升级所需的费用。
You reread the message a few times before making up your mind and hitting the <color=#FF9500>DECLINE</color> button. You file the message for later when you have more time.  For now, there are other parts of the Argo that take priority.	你将消息反复读了几遍，才下定决心按下了<color=#FF9500>拒绝</color> 按钮。你将消息归档，留待日后有空再说。眼下，阿尔戈号还有其他部分更需优先处理。
You shake your head. "I'm sorry, Sumire. We simply can't spare any MechWarriors right now. They'll just need to adjust to the pace of things here, and work on their own ways to improve morale."	你摇了摇头.“抱歉，苏米尔. 我们现在实在抽不出机甲战士. 他们只能自己适应这儿的节奏了，另外想辙提升士气吧.”
You shake your head. "No, Doctor. As much as it pains me to see them in the MedBay, I know that they're in good hands. And we should be able to get along fine until they're on the mend. Let's save your grand experiment for when we're in truly desperate straits."	你摇了摇头.“不，博士. 虽说看着他们躺在医务室里让我很不好受，但我知道他们得到了很好的照料. 而且在他们痊愈之前，我们应该也能应付得来. 还是把你那宏大的实验留到真正山穷水尽的时候吧.”
You shake your head. "Not this time, Yang. Unfortunately, we can't spare the resources, despite the AgroMechs." Yang sighs. He lets the argument drop, but spends a few days wistfully looking at Technical Readouts with his crew.	你摇了摇头.“这次不行，杨. 虽然那些农业机甲挺诱人的，但我们眼下实在腾不出资源.”杨叹了口气. 他没再争辩，但接下来好几天，他总跟手下的技术员们一起翻着各种技术参数图册，眼神里全是心驰神往.
Introduced in the late 31st Century on Solaris VII, the Combat Shield is a movable piece of armor that can be mounted on BattleMechs. The shield was first introduced as a method to add protection for a MechWarrior fighting in the arenas of Solaris. Shields are primary defensive equipment used to protect a 'Mech from Weapons fire and some forms of physical attacks. Equipping more than 1 wont yield additional effects, does not stack with other combat shields.	战斗护盾于31世纪晚期在索拉里斯七号首次出现，是一种可安装在战斗机甲上的可动式装甲组件. 该护盾最初是为了在索拉里斯竞技场中为机甲战士增添防护而引入的. 护盾属于主要防御装备，用于保护机甲免受武器射击以及某些形式的物理攻击. 装备超过一面不会产生额外效果，也不与其他战斗护盾叠加.
Quicsell brand ammunition is guaranteed to be able to deliver higher potential damage than normal ammunition or your money back!* \\n\\n <size=80%> *Damage may vary from round to round, warranty void upon firing. <size=100%> \\n\\n Upon receiving a Critical Hit, any remaining ammunition stored inside an Ammo Bin will explode dealing damage to the install location. Risk can be mitigated with the use of C.A.S.E.	Quicsell 品牌弹药保证能够比普通弹药造成更高的潜在伤害，否则退款！* \\n\\n <size=80%> *伤害可能因回合而异，射击后保修失效。 <size=100%> \\n\\n 收到致命一击后，弹药箱内储存的任何剩余弹药都会爆炸，对安装位置造成损坏。使用 C.A.S.E 可以降低风险。
You turn back to Darius shaking your head,  "That MechWarrior failed the Trial, as well as ended up in the infirmary.  I have no need of one such as them within our ranks."	你转头向达吕斯摇了摇头:“那名机甲战士输掉了试炼，还进了医务室. 我的队伍中不需要这样的人.”
Odin Manufacturing built this for former KungsArmé soldiers after they got folded into the Ghost Bear Dominion. Those veterans wanted something that fit how they fought and the Dengier delivered. Ten official variants by 3155, which tells you how well the base chassis worked. Ghost Bear warriors eventually started using it too, which is about as good an endorsement as you can get.	奥丁制造公司为前 KungsArmé 士兵在加入鬼熊领地后建造了这个。那些退伍军人想要一些适合他们战斗方式的东西，而丹吉尔交付了。 3155 的十个官方变体，告诉您基础底盘的工作情况如何。鬼熊战士最终也开始使用它，这几乎是你能得到的最好的认可。
Startled by Darius' question, you take a minute before responding, "Sorry, I was doing the budget in my head.  Have Farah and her team begin the repairs on the console."\\nDarius turns to the computer to type up the work order, "On to it, Commander."	你被达里厄斯的问题吓了一跳，过了一会儿才回答，“抱歉，我正在脑子里做预算。让法拉赫和她的团队开始在控制台上进行维修。”\\n达里厄斯转向电脑输入工单，“开始吧，指挥官。”
 A Jihad-era variant, this Hitman drops all the standard armament and gyroscope. In their place engineers installed an XL Gyro, MML-7, and dual ER Medium Lasers.	这是一款圣战时代的杀手变体，舍弃所有标准武装和陀螺仪，改装XL陀螺仪、MML-7和双联ER中型激光器。
 Boss... This mech is based on Seraph, however version is fully packed with experimental technologies. I don't know where you got it, but I smell troubles.	老板……这台机甲基于炽天使，但该版本充满实验技术。我不知道你从哪弄来的，不过我感觉麻烦不小。
Crab 27s fulfill an oft overlooked role, that of a skirmisher with firepower. Wielding strong energy weapons, the Crab delivers a punch at nearly all ranges, with no ammunition constraints. The blend of firepower, heat efficiency, and speed make the Crab the perfect '机甲 to raid enemy positions.	“螃蟹 27”机甲扮演着一个经常被低估的角色: 一个拥有大量火力的散兵.“螃蟹”拥有强大的能量武器，它几乎可以在任何距离发挥作用而不依赖于弹药. 火力、热效率和速度的结合使“螃蟹”成为了突袭敌人阵地的完美机甲.
Cyclops 10-Qs are strong support units. Lacking the close in weapons and command suite of the 10-Z variant, this model instead capitalizes on a longer range weapon configuration and added 装甲. The protection and expanded missile racks make the 10-Q a significant threat at range in the right hands.	“独眼巨人 10-Q”机甲是强大的支援单位. 它可能没有10-Z变体那样的短程武器，但该模型具有强大的远程武器和额外的装甲. 增强的保护和扩展的导弹发射架使10-Q成为了真正的威胁.
Micheal Coleman, a Periphery Militia Captain, was able to beat a Clanner in a Batchall and Won this Jaguar out of it. Looking at the Mech, and at the Available Resources, he Created this. On first Looks, the Mech itself seems very Archaic, yet it Still Works. Coleman Reportedly Blasted Multiple Enemies to Pieces in this Jaguar, untill one day the Knockback from the Howitzers Proved too much, Knocked the Mech over and Hurt Coleman Fatally.	外围民兵队长迈克尔·科尔曼 (Micheal Coleman) 在一场批量比赛中击败了一名部落成员，并赢得了这辆美洲虎。看着机甲和可用资源，他创造了这个。乍一看，机甲本身看起来非常古老，但它仍然有效。据报道，科尔曼驾驶这辆美洲虎将多个敌人炸成碎片，直到有一天，榴弹炮的击退效果实在太严重，将机甲撞翻，科尔曼身受重伤。
More closely in line with the traditional Annihilator, the 4A carried two LB-X Autocannon/10s from the 2A, but removed two to make room for a pair of Heavy PPCs. Two Light Autocannon/2s from the 3A provide defense against conventional troops. A Compact Gyro freed up enough room for fifteen double heat sinks that kept heat from being completely out of control.	与传统的歼灭者更接近的是，4A 从 2A 上携带了两架 LB-X Autocannon/10s，但去掉了两架，以便为一对重型 PPC 腾出空间。 3A 中的两架轻型 Autocannon/2s 提供对常规部队的防御。紧凑型陀螺仪为十五个双散热器腾出了足够的空间，防止热量完全失控。
More flexible than the 3S at the cost of more wasteful ammunition usage, but the longer strike distance makes it a better variant.	比 3S 更灵活，但弹药使用更浪费，但更长的打击距离使其成为更好的变体。
More of a 'what was on hand' refit of a SLDF-era Mech, this Steel Viper unit was made as a last hope reinforcement that never saw the light of day. Equipped with Clan spec gear and pre-Clan weaponry, it is a hodge podge of technology that would be a nightmare to keep working. Even in the Inner Sphere, this thing would be a rarity to encounter.	这台钢蝰蛇装置更像是对 SLDF 时代机甲的“现有”改装，它是作为最后希望的加固而制造的，但从未见过世面。它配备了部落规格的装备和部落前的武器，这是一个技术大杂烩，继续工作将是一场噩梦。即使在内天界，这种东西也很少见。
Mostly a Museum piece was this Shadow Hawk rebuild on request for a Paladins 'Special Associate', sporting upgrades sourced from basically everywhere is it able to strike unseen basically anywhere at anytime even during Planet wide Engagements.	主要是博物馆的一件作品，是根据圣骑士“特别助理”的要求重建的暗影鹰，其运动升级基本上来自任何地方，即使在全球范围内的交战中，它也能够基本上随时随地进行看不见的攻击。
Named after a mythological Pirate from pre-spaceflight Terra, this one has been given extensive upgrades in every direction. A heavier Hatchet lets this refit cleave 'Mechs of the same weight class apart with ease. Stealth armor makes it hard to detect while it's closing in, and the 330-rated engine makes sure it doesn't take long. Five Medium Lasers and a SRM6 see to it that it's also a dangerous brawler for its weight class. Fifteen Double Heat Sinks ensure this Buccaneer won't die of heatstroke out in the sun - or of a trigger happy mech-jock.	这艘船以太空飞行前的泰拉神话中的海盗命名，在各个方面都进行了广泛的升级。较重的斧头让这款改装可以轻松地将相同重量级别的机甲分开。隐形装甲使其在接近时难以被发现，而 330 级发动机确保它不会花费很长时间。五个中型激光器和一个 SRM6 使其在重量级别上也是一个危险的争斗者。十五个双散热器确保这款海盗不会在阳光下因中暑而死亡，也不会因快乐的机甲运动员而死亡。
Named after a stealth fighter, and it's easily the best armed of the whole Shattered Skies line. Every weapon system on it was top shelf for the era, Artemis IV, Streak SRMs, pulse lasers, the works. Heaviest of the four too at 55 tons. Same story as its siblings in the end though, chewed up by the civil war and gone from almost every army by 2850.	以隐形战斗机命名，它无疑是整个破碎天空系列中武装最好的。其上的每一个武器系统都是那个时代的顶级武器系统，Artemis IV、Streak SRM、脉冲激光器等等。四者中最重的也是 55 吨。不过，最终的故事和它的兄弟姐妹一样，都受到内战的摧残，到 2850 年几乎从每支军队中消失。
Named for some supposedly ancient Warrior of Terran mythology does this experimental No-Dachi carry a reforged Large Vibroblade and is equipped with advanced Myomer.	这款实验性的 No-Dachi 以一些所谓的古代人类神话战士的名字命名，它携带着重铸的大型振动刀，并配备了先进的 Myomer。
Named for the legendary spy plane, and it lived up to that reputation with a Guardian ECM fit for staying hidden. Heavier than the Voodoo but still built around scouting first, fighting second. Same fate as the rest of the project though, nearly wiped out in the civil war and mostly gone by 2850.	以传奇的间谍飞机命名，它凭借适合隐藏的 Guardian ECM 名副其实。比 Voodoo 重，但仍然以侦察为先，战斗为其次。不过，与该项目其余部分的命运相同，在内战中几乎被消灭，到 2850 年大部分都消失了。
Never seen this model of Goliath before, Boss - must be some mercenary unit's custom job. Not that we'd know anything about that, am I right?	以前从来没有见过这个模型的歌利亚，Boss——肯定是某个雇佣兵部队的定制工作。并不是说我们对此一无所知，对吗？
Nightstars are normally pretty scary but this version might take the cake. That Hyper PPC will rip of tons of armor at a time while the Flechettes tear into everything beneath.	夜星通常非常可怕，但这个版本可能更胜一筹。 Hyper PPC 会一次撕裂成吨的装甲，而箭弹会撕裂下面的一切。
Nimakachi built this one specifically for the Draconis Combine as a security mech. Saw a lot of use keeping Rasalhague worlds in line before they got their independence. Has a real ugly reputation honestly. The Fluid Gun was supposed to be non-lethal but that's not really how it played out in practice. Fell out of favor after the Clan Invasion when actual BattleMechs started costing the same. Production came back during the Jihad when parts got scarce.	Nimakachi 专门为 Draconis 联合体建造了这个作为安全机甲。在拉萨尔哈格世界获得独立之前，我们看到了很多让它们保持一致的用途。老实说，名声确实很丑陋。流体枪本来应该是非致命性的，但实际上却并非如此。在氏族入侵之后，当实际的 BattleMech 开始花费相同的价格时，它就失宠了。圣战期间，零件短缺，生产恢复了。
No surprise pirates got their Hands on a Trashcan, it is a surprise how they managed to 'repair' the mangled and broken Autocannon and welded 2 RocketLauncher onto the poor thing.	毫不奇怪，海盗们拿到了一个垃圾桶，令人惊讶的是他们如何设法“修复”受损和破损的自动加农炮，并将 2 个火箭发射器焊接到这个可怜的东西上。
No. This is a bad idea. I don't care how cool it would be to see this thing flying in from above and planting those two harpoons into something. See that little sticker there? It says that the Mech will explode if I don't feed it. Feed it what? I don't know, they scratched that bit off.	不，这是一个坏主意。我不在乎看到这个东西从上面飞来并将那两个鱼叉插入某个东西会有多酷。看到那里的小贴纸了吗？它说如果我不给它喂食，机甲就会爆炸。喂它什么？我不知道，他们把那一点刮掉了。
Nope, I can't agree with this refit. It is a clear downgrade, the ability to use different ammunition types does not make up for the loss of the Ultra.	不，我不能同意这次改装。这是明显的降级，使用不同弹药类型的能力并不能弥补Ultra的损失。
Normally I'd say that the Royal BattleMaster is about as quintessential a BattleMech as you'll ever see. Guess the Clans didn't see it that way and felt they could improve on it. Well ... they tried, I suppose. This thing'd run hot as hell if not for all this extra gear, but I suppose they were limited on space, too. This baby is <i>crammed</i> to the gills.	通常我会说皇家战斗大师是您所见过的最典型的战斗机甲。我想族群并不这么认为，并认为他们可以改进。嗯……我想他们尝试过。如果没有这些额外的装备，这东西会热得要命，但我想它们的空间也有限。这个宝贝是<i>crammed</i>到腮帮子的。
Not Much is known about this Mech, It handles just like a Normal Ostscout. The Engine has been Upgraded, and it was up Armoured. According to the Onboard Logs, the Targeting System for the Laser is Advanced, but i cant see anything Special about it. Maybe it gets better if a Certain person Pilots it?	关于这个机甲我们知之甚少，它的操作方式就像普通的东侦察兵一样。发动机已升级，并且已加装装甲。根据机载日志，激光瞄准系统很先进，但我看不出有什么特别之处。如果由某个人来驾驶的话，也许情况会更好？
Not often you find one of these, Boss; this is a custom job, for sure. None of the Pulverizers I've ever heard of ran a full compliment of this kind of weaponry. She pales in comparison to what the Clans field today, but back in her day I bet she was a force to be reckoned with.	老板，你很少能找到这样的人；当然，这是一项定制工作。我听说过的粉碎机都没有对这种武器进行充分的赞美。与今天的族群相比，她相形见绌，但在她那个时代，我敢打赌她是一股不可忽视的力量。
Not really that useful for us, this 'Mech is all about those LMGs.	对我们来说并不是那么有用，这个机甲就是那些轻机枪。
Not sure what the purpose is here. Combining a single Clan tech level weapon with two machine guns doesn't make the most impressive variant, even if it has good speed.	不确定这里的目的是什么。将单一氏族科技级武器与两挺机枪结合起来并不能产生最令人印象深刻的变体，即使它具有良好的速度。
Not sure why anybody'd go to the trouble of redesigning a chassis as old as this, but I guess profit is profit for somebody. The -03 carries a pair of MML-7 launchers and an ER Large Laser, so it can put the hurt on at any range you want.	不知道为什么有人会不厌其烦地重新设计这么老的底盘，但我想利润对某些人来说就是利润。 -03 携带一对 MML-7 发射器和一个 ER 大型激光器，因此它可以在您想要的任何范围内造成伤害。
Nothing really makes this variant different from other recent Wolverines. That Heavy PPC does suffer a bit from shorter range, but overall the 'Mech does just fine on the battlefield.	这个变种与其他最近的狼獾没什么区别。重型 PPC 确实因射程较短而受到一些影响，但总的来说，“机甲”在战场上表现得很好。
Now this I can work with, boss. No finicky pulse lasers or high tech missile launchers to babysit, just honest guns even a Periphery wrench-turner can keep running. Cheap, tough, and it still hides behind that big shield. VEST knew their market.	现在我可以合作了，老板。没有挑剔的脉冲激光器或高科技导弹发射器来照顾，只有诚实的枪支，即使是外围扳手也可以继续运行。便宜、坚固，而且它仍然隐藏在那个大盾牌后面。 VEST 了解他们的市场。
Now this is a proper upgrade. The original Penetrator suffered from heat issues that prevented it to reach a good level of damage over long engagements. More heat sinks, a battle computer and some longer weaponry will make some good differences.	现在这是一次适当的升级。最初的穿甲弹遭遇过热问题，导致其在长时间交战中无法达到良好的伤害水平。更多的散热器、战斗计算机和一些更长的武器将会带来一些好的变化。
Now this is pretty much a thing of nightmares, a stealthy Jinggau with advanced ECM and sensors. It'd be always stalking, but whenever you look behind you, it can not be seen!	现在这几乎是一场噩梦，一个拥有先进 ECM 和传感器的隐形 Jinggau。它总是在跟踪，但每当你回头看时，它就看不见了！
Now this is what i call a Engineer's dream, fully upgraded Void Mimetic Systems, Command and Control System able to guide a whole company, the finest Electronics available and its all coming pretending to be just a old Longbow	现在，这就是我所说的工程师的梦想，完全升级的虚空拟态系统，能够指导整个连队的命令和控制系统，可用的最好的电子设备，而这一切都假装是一把旧的长弓
Now would'ya look at this, this thing must have been kept alive and be loved for Hundreds of Years, It 'is' a Mackie, but they managed to cram Endo Steel and more modern tech into it, every piece shows signs of being repaired dozens if not hundreds of times. Theres also a '<3 Nature' sticker on the Engine!	现在你看看这个，这个东西肯定已经被保存并被人们喜爱了数百年，它“是”麦基，但他们设法将远藤钢和更现代的技术塞进里面，每件作品都显示出被修复了数十次甚至数百次的迹象。引擎上还有一个“<3 Nature”贴纸！
Old is the new new? Wolverines have been around for ages and with the continued refreshes it seems like they will not go away anytime soon.	旧的就是新的吗？狼獾已经存在很多年了，随着不断的更新，它们似乎不会很快消失。
On one hand, that PPC is putting a lot of eggs into a particular basket but, on the other hand, that is one helluva big PPC.	一方面，PPC 将很多鸡蛋放入特定的篮子中，但另一方面，这是一个巨大的 PPC。
Once again it is proven that the best 'Mechs are created on the battlefield, not in the design lab. These changes are much more to my liking than the -6M variant.	事实再次证明，最好的机甲是在战场上制造的，而不是在设计实验室中制造的。这些更改比 -6M 变体更符合我的喜好。
Once the Republic Institute of Strategic Combat found out about the Urbiestator, they immediately acquired a number of them and created the UMS-R9999 experimental variant. Even though filled with a lot of the cutting edge technology, such as Superheavy Ferro-Alloy Armor, the design was never seen as of any real value due to its huge issues with heat management, but the existing copies can still be found on the battlefield.	共和国战略作战研究所发现Urbiestator后，立即购买了一批并创建了UMS-R9999实验变体。尽管充满了许多尖端技术，例如超重型铁合金装甲，但由于其热管理方面的巨大问题，该设计从未被视为具有任何实际价值，但现有的副本仍然可以在战场上找到。
One hell of a speed beast, with some decent weapons.	一只速度猛兽，拥有一些像样的武器。
One of only 50 of its kind, this 'Mech is supposedly a large improvement over the earlier variants. At least if you ask the Duke that designed it. Personally, I say it as good or bad as any other Bandersnatch.	这种机甲是仅有的 50 架同类机甲之一，据说比早期的变种有了很大的改进。至少如果你问设计它的公爵的话。就我个人而言，我认为它与其他《潘达斯奈基》一样好或坏。
One of the best first generation ProtoMechs, the Centaur combines high speed, decent armor, and a varied weapons mix. These features make it a flexible combatant, able to keep up with scout 'Mechs while supporting them. Centaur 3 drops all weapons and a considerable amount of armor for a single ER Medium Laser.	半人马是最好的第一代原型机甲之一，它结合了高速、体面的装甲和多样化的武器组合。这些功能使其成为灵活的战斗人员，能够在支持侦察机甲的同时跟上它们。 Centaur 3 会为单个 ER 中型激光器掉落所有武器和大量装甲。
One of the best first generation ProtoMechs, the Centaur combines high speed, decent armor, and a varied weapons mix. These features make it a flexible combatant, able to keep up with scout 'Mechs while supporting them. Developed during the 3060s, this variant utilizes then-newly developed Heavy Laser technology.	半人马是最好的第一代原型机甲之一，它结合了高速、体面的装甲和多样化的武器组合。这些功能使其成为灵活的战斗人员，能够在支持侦察机甲的同时跟上它们。该变体是在 3060s 期间开发的，采用了当时新开发的重型激光技术。
One of the best known BattleMechs in the Inner Sphere for its low production and operation costs, the Locust is also well known in the Clans. In 2832, Clan Mongoose unleashed an upgraded version of the venerable 'Mech on the Clans, known as the Locust IIC. The Z variant  is a Society refit that replaces the engine with a 200SL engine and replaces the weapons payload with 6 Small Supra Lasers and a Nova CEWS.	蝗虫因其低廉的生产和运营成本而成为内层界最知名的战机之一，在氏族中也广为人知。 2832 年，猫鼬氏族释放了古老的氏族机甲的升级版，称为蝗虫 IIC。 Z 变体是协会改装的，将发动机替换为 200SL 发动机，并将武器有效载荷替换为 6 个小型 Supra 激光器和一个 Nova CEWS。
Pretty boring mech to be honest. Other than their knock-off stealth system, it's just a bog standard LRM40 boat crammed into a 30 ton mech. Due to weight limitations for the ammo, it'll struggle with extended engagements.	老实说，相当无聊的机械。除了他们的山寨隐形系统之外，它只是一艘塞进 30 吨机械的沼泽标准 LRM40 船。由于弹药的重量限制，它很难适应长时间的交战。
Pretty rare build you've found here, Boss. Judging by the serial number on some of these parts, only a handful of these things were made. Not surprised, honestly. Back then, some of these parts were expensive as hell. That and the whole Star League exploding thing.	老板，你在这里找到的建筑相当罕见。从其中一些零件的序列号来看，这些东西只生产了极少数。老实说，并不感到惊讶。当时，其中一些零件非常昂贵。那和整个星际联盟的爆炸事件。
Produced by Cosara Weaponries for the Word of Blake following their capture of the facility in 3069, the 008 uses the latest technologies available at the time. The autocannons have been upgraded to Heavy PPCs. The powerful weapons are backed up by paired Light Autocannon/2s, sharing one-ton of ammo in CASE-protected ammunition bin. Two ER Medium Lasers back up these guns. Like other Blakist units, a C3i Computer is included.A Guardian ECM Suite is also included. With seventeen double heat sinks and Jump Jets, this unit can jump and fire both of its main guns even with some heat to spare. Luckily this variant can be visually distinguished from others based on its more streamlined chassis, giving opponents some measure of warning.	008 是由 Cosara Weaponries 在 3069 年占领该设施后为布莱克之言生产的，采用了当时最新的技术。自动加农炮已升级为重型 PPC。这些强大的武器由成对的 Light Autocannon/2s 提供支持，在受 CASE 保护的弹药箱中共享一吨弹药。两台 ER 中型激光器为这些枪提供支持。与其他 Blakist 装置一样，还包括 C3i 计算机。还包括 Guardian ECM 套件。凭借十七个双散热器和跳跃喷气机，该装置可以跳跃并发射其两门主炮，即使有一些余热。幸运的是，由于其更流线型的底盘，该变体可以在视觉上与其他变体区分开来，从而给对手一定程度的警告。
Produced during the Jihad, this configuration employs pair of ER Medium Lasers in left torso, while fitting pair of Light PPCs in each arm actuator slot.	该配置是在圣战期间生产的，在左躯干中采用了一对 ER 中型激光器，同时在每个手臂致动器插槽中安装了一对轻型 PPC。
Produced in secret by 'The Society', an organization of Rogue Scientists within the Clans, this prototype testbed Griffin carries advanced Technology and weapons.	这个格里芬原型测试台由部落内的流氓科学家组织“协会”秘密生产，携带着先进的技术和武器。
Produced in the last years of the Amaris Civil War for the SLDF, the Thunder Hawk emphasizes firepower over speed. A 100-ton mech, the Thunder Hawk TDK-7S is built around a 300-rated Light Engine and is armed with a trio of Gauss Rifles, with a pair of Medium Lasers as back up weapons.	雷霆鹰是在阿马里斯内战最后几年为 SLDF 生产的，它强调火力而不是速度。雷霆鹰 TDK-7S 是一款重达 100 吨的机甲，围绕 300 级光引擎打造，配备三把高斯步枪，以及一对中型激光器作为备用武器。
Renewing the Mad Cat legend, the Mk IV used some of the most powerful configurations of its grand brother, while also incorporating easier to find and replace components. Clan Sea Fox expected to experience the same success with this model, as it had with previous ones. This specific variant was a prototype non-Omni stolen by Clan Jade Falcon.	Mk IV 延续了 Mad Cat 的传奇，使用了其祖父的一些最强大的配置，同时还融入了更易于查找和更换的组件。海狐氏族希望通过该模型获得与之前模型相同的成功。这个特定变体是翡翠隼氏族偷来的非 Omni 原型。
Riley Centrella built this herself in 3060, the first upgrade she ever worked on before Firefly Foundry even existed. Stripped the Hammerhands down and replaced everything. Twin Ultra AC/10s, Streak SRM 6, ER lasers, double heat sinks. She piloted it through operations on Carmichael, Palm and Novo Tressida until 3079 when Word of Blake's Shadow Division finally cornered her on Ur Cruinne. She lured them into an oil refinery and took them all out with her. This mech went with her. What you have in the bay is something that should not exist.	Riley Centrella 在 3060 年亲自建造了这个，这是她在 Firefly Foundry 存在之前进行的第一次升级。拆除了锤手并更换了一切。 Twin Ultra AC/10s、Streak SRM 6、ER 激光器，双散热器。她在卡迈克尔、帕姆和新特雷西达的行动中驾驶着它，直到 3079 年，布莱克的影子部队的消息最终将她逼到了乌尔克鲁因。她将他们引诱到炼油厂，并将他们全部带了出去。这台机甲跟她一起去了。你在海湾里拥有的东西是不应该存在的。
Riley's Rangers, Magistracy-affiliated mercenaries, built this one themselves out of Firefly Foundry before they had proper facilities, which tells you something about how much the Blackjack meant to them. The BJ-1 bones are all still there but everything worth keeping got upgraded. LB-Xs instead of the old AC/2s, ER lasers, double heat sinks. It's a labor of love as much as a fighting machine. Rangers flew this thing with pride and honestly, looking at it, I get why.	莱利的游骑兵是隶属于治安官的雇佣兵，他们在拥有适当的设施之前就在萤火虫铸造厂中自己建造了这个，这告诉你二十一点对他们来说有多么重要。 BJ-1 骨头仍然存在，但所有值得保留的东西都已升级。 LB-Xs 代替旧的 AC/2s、ER 激光器，双散热器。这是一种爱的劳动，就像一架战斗机一样。流浪者队自豪地驾驶着这架飞机，老实说，看着它，我明白为什么。
RISC engineers have turned this model into a close range brawling specialist mounting a Snubnose PPC in each arm along with a massive Rotary AC/20 Autocannon. Mobility is enhanced by the inclusion of three improved jump jets.	RISC 工程师将该模型变成了近距离格斗专家，在每只手臂上安装了 Snubnose PPC 以及大型旋转 AC/20 自动炮。三个改进的跳跃喷气机增强了机动性。
RISC engineers, deciding that the standard version of the Uziel just didn't shout loud enough, went to their glass drawing boards and completely reimagined the beast.  Now equipped with a pair of Light PPCs in the arms, and a total of 30 launch tubes of their now (in)famous MMLs, the UZL-RX was considered to be a premier skirmisher with it's capabilities to provide hell on earth at both short and long ranges.	RISC 工程师认为 Uziel 的标准版本不够大声，于是他们走到玻璃绘图板上，完全重新想象了这头野兽。  现在，UZL-RX 的手臂上配备了一对轻型 PPC，以及总共 30 个现在（臭名昭著）的 MML 发射管，UZL-RX 被认为是顶级的散兵，具有在短距离和长距离提供人间地狱的能力。
Rockets, rockets and more rockets. So many rockets that no sane person could need more.	火箭，火箭，还有更多的火箭。如此多的火箭，任何理智的人都不需要更多。
Rotary AC/5, Streak SRM-6 and a Medium X-Pulse Laser. That is some nice tech for a Wolverine.	旋转 AC/5、Streak SRM-6 和中型 X 脉冲激光器。对于金刚狼来说，这是一些不错的技术。
Seemingly raided from the DCMS was this mauler refit to accomodate a load of Jury Rigged Artillery. 	这辆重锤改装车似乎是从 DCMS 上突袭而来，可容纳大量临时装备火炮。
Seriously boss, I pity anything this thing targets when it's carrying it's full weapons load. There's 180 rocket tubes on this mech in addition to the PPCs and Lasers.	说实话，老大，当这东西满载武器时，我很同情它所瞄准的任何目标。除了 PPC 和激光器之外，该机甲上还有 180 个火箭管。
Similar in some respects to the Dominus, the Infernus also mounts a Heavy PPC in the arm, but the other arm contains two Light PPCs. The weight saved allows the Archangel B to carry two Snub-Nose PPCs.	在某些方面与 Dominus 类似，Infernus 还在手臂上安装了重型 PPC，但另一只手臂包含两个轻型 PPC。减轻的重量使得大天使 B 能够携带两个塌鼻子 PPC。
Similar to the -12K, it is a clear upgrade over the earlier variants. Find a good scenario for it and its performance might surprise you.	与 -12K 类似，它是对早期变体的明显升级。为它找到一个好的场景，它的表现可能会让你大吃一惊。
Similar to the 5M2, this variant works as a very efficient scout.	与 5M2 类似，该型号是一种非常高效的侦察机。
Similar to the B variant, the G uses five ER Medium Lasers and a HAG 20.	与 B 型号类似，G 使用五个 ER 中型激光器和一个 HAG 20。
Similar to the original Thor's Prime Configuration, this arrangement of weaponry comes with of pair of side-torso LRM Launchers; large 15-tubed and a smaller 5-tubed model. Found in the Configuration's arms is a LB 10-X Class Autocannon and Extended Range Particle Projection Cannon, found in left and right arm actuators respectively. Also equipped in the Configuration is Five Jump Jets for tactical mobility.	与原来的雷神 Prime 配置类似，这种武器装备配有一对侧躯干 LRM 发射器；大型 15 管型号和较小的 5 管型号。该配置的手臂中装有 LB 10-X 级自动炮和增程粒子投射炮，分别位于左臂和右臂执行器中。配置中还配备了五架跳跃式喷气机，用于战术机动。
Smart fix, Boss. Gauss slugs can be a nightmare to find past the Periphery line, but AC/5 rounds? Every two-bit depot from here to Tortuga keeps a crate or two. She hits a little softer now, sure, but a gun that shoots beats a gun that sits empty.	聪明的修复，老板。越过外围线寻找高斯弹头可能是一场噩梦，但是 AC/5 子弹？从这里到托尔图加的每个两位仓库都保留一两个板条箱。当然，她现在打得轻了一些，但是一把能射击的枪胜过一把空枪。
So boss, this thing may look like a scout with it's ability to hit 130kph in a sprint without even using its supercharger, but its not. It is an assassin that is quickly able to maneuver around an opposing Mech and deliver a knockout blow to foes even twice its size.	所以老板，这东西可能看起来像一个侦察兵，它有能力在冲刺中击中 130kph，甚至不使用其增压器，但事实并非如此。它是一名刺客，能够快速绕过敌方机甲，并对两倍大小的敌人造成致命一击。
So this is a worse MTR-6K. Sure, it has more weapons, but it will overheat so fast it is practically useless in any prolonged engagement. Not a 'Mech I'd keep, Boss. Better to refit it a -6K than cook yourself inside this thing.	所以这是一个更糟糕的MTR-6K。当然，它有更多的武器，但它会过热得如此之快，以至于在任何长时间的交战中几乎毫无用处。我不会保留机甲，老大。最好把它改装成-6K，而不是在这东西里煮自己。
So this thing has about an average armament for its weight and sports decent armor that enable it to fulfill its primary mission of Air Defense just fine, but it also has a surprise..it floats!	因此，这个东西的重量大约是平均武器，并且具有不错的运动装甲，使其能够很好地完成其防空的主要任务，但它也有一个惊喜……它会漂浮！
So you modified the files or had a bug, you should not have this mech. If it was a bug and you ended up with this mech please report it to Discord. If not think about this: You are riding around in a semi-sentient being's body.	所以你修改了文件或者有错误，你不应该拥有这个机械。如果这是一个错误，而您最终得到了这个机甲，请将其报告给 Discord。如果不考虑这一点：你正骑在一个半众生的身体里。
Some High Octane sniffing Pirate got their hands on a perfectly fine Archer and turned it into this Monstrosity, carrying 2 LRM '30' and tons of Flamers.	一些高辛烷值嗅探海盗得到了一个完美的弓箭手，并将其变成了这个怪物，携带 2 LRM '30' 和大量的火焰喷射器。
Some idiot got a hold of this poor ''Victor'', I'm not sure what all they did to his but somehow they strapped this monstrous thing on the right arm. They also scrawled ''The RACtor 9000'' in giant letters across the chest and drew a toothy grin over the cockpit glass. Yeah you heard me they painted over the duraplast. They also welded a damn flag pole onto the shoulder for flying a pirate flag.	某个白痴抓住了这个可怜的“维克多”，我不确定他们对他做了什么，但不知何故他们把这个可怕的东西绑在了右臂上。他们还在胸前用巨大的字母写下了“The RACtor 9000”，并在驾驶舱玻璃上画出了露齿的笑容。是的，你听到我说的，他们在杜拉塑料上涂漆。他们还在肩膀上焊了一根该死的旗杆，用来悬挂海盗旗。
Some maniac crammed an enormous engine into this ancient Catapult II, and upgraded the weapons with the best streak launchers ever to come out of the Inner Sphere. Just hold down the trigger, boss.	一些疯子将一个巨大的引擎塞进了这个古老的弹射器 II 中，并用内层有史以来最好的条纹发射器升级了武器。按住扳机，老大。
Some Pirate Band captured a messed up Kodiak, painted it pink, and replaced the cosmetic claws with a bunch of VibroClaws...... And Yeah, that is Pink Plush and Fluffy dice in the Cockpit	一些海盗乐队抓获了一艘乱七八糟的科迪亚克，把它涂成粉红色，并用一堆振动爪取代了装饰爪……是的，那就是驾驶舱里的粉色毛绒和蓬松骰子
Some pirate became convinced that missiles were the strongest possible weapon system to mount in a mech so they have some custom job for a ballistic AMS system, and yet they fit the mech for melee combat. I'm scratching my head, boss.	一些海盗确信导弹是机甲中安装的最强大的武器系统，因此他们为弹道 AMS 系统进行了一些定制工作，但它们适合近战战斗。我正在摸不着头脑，老板。
Some pirate really, really wanted full size autocannons in the legs of this rustbucket. I really wouldn't want anyone to try firing them.	一些海盗真的非常想要在这个铁锈桶的腿上安装全尺寸的自动加农炮。我真的不希望任何人尝试解雇他们。
Someone over at Quicsell decided to see how fast they could make an Assault mech run. The answer is exactly this fast. If you take out the shitty Quicsell ammo, and those useless light machineguns, this actually stands to do some good work. You know, as the worlds largest Medium mech, since that's the role it'll fill on the battlefield.	Quisell 的某人决定看看他们能让突击机甲跑多快。答案就是这么快。如果你拿出那些糟糕的Quicsell弹药和那些无用的轻机枪，这实际上可以起到一些很好的作用。你知道，作为世界上最大的中型机甲，因为这就是它将在战场上扮演的角色。
Someone painted big White Bunny on this one... I've got no idea what the hell they've been thinking	有人在这上面画了一个大白兔……我不知道他们到底在想什么
Someone stole this Barghest from the Blakists, and it's taken a good beating since then, Boss. Almost every scrap of the internals have been replaced, and they've managed to stuff some weird-looking pulse lasers into the Legs. This Periphery "Shotgun" takes the cake, though. It has internal ammo, looks like someone tried to build an LBX out of duct tape. The entire Cockpit has been re-engineered, complete with a distille and one of those music boxes they have in some older bars. The distille is somehow routed through the Coolshot, it makes some kind of Schnapps.	有人从布莱克派那里偷走了这只 Barghest，从那以后它就遭受了重创，老大。几乎所有的内部碎片都被更换了，他们还成功地将一些看起来怪异的脉冲激光塞进了腿部。不过，这款外围“霰弹枪”更胜一筹。它有内部弹药，看起来就像有人试图用胶带制作 LBX。整个驾驶舱都经过重新设计，配有蒸馏器和一些旧酒吧里的音乐盒。蒸馏酒以某种方式通过 Coolshot，制成某种杜松子酒。
Someone thought the Hatchetman couldn't kill well enough at arm's length and came up with the -3X. It's brimming with as many short range weapon systems as its well-armored chassis can take. This is truly death at point blank range, Boss. Just watch the heat on this one.	有人认为，”刽子手“在近战战中不够致命. 所以3X诞生了. 该机甲配备了尽可能多的短程武器，装甲有精良的底盘. 如果那东西靠得太近，就是那个，老板. 你应该只关注热量的发展.
Somne pirate took a Lament, ripped of some of its structure to make it lighter and gave it a sword. The result was apparently given the name the Lamentor.	索姆海盗拿走了一艘哀歌，撕掉了它的一些结构以使其更轻，并给了它一把剑。结果显然被命名为“哀叹者”。
Sooo some Pirate got their hands on a Bushwacker, and stuffed it full of Inferno weapons, theres even a smoker in the cockpit!	一些海盗拿到了一辆丛林瓦克，并在里面装满了地狱武器，驾驶舱里甚至还有一个吸烟者！
Specifically Built, and Made without Question for a Periphery Noble (is there even such a Title?), This Stiletto is supposed to Show the Wonders of MML Launchers. Sadly, due to Tonnage Issues, only one Ton Per Launcher Type were added to this Stiletto. It was Primarily Used for Parade Duty, Rarely seen on the Combat Field.	专为外围贵族打造，毫无疑问地制造（甚至有这样的标题吗？），这款 Stiletto 应该展示 MML 发射器的奇迹。遗憾的是，由于吨位问题，每种发射器类型仅添加一吨到该短剑中。它主要用于阅兵任务，在战场上很少见到。
Sporting extensive ClanTech Replacements recovered during the Damocles Campaign, showing the MFB Team's ingenuity under the guide of Thomas Sorenson.	达摩克利斯战役期间回收的大量 ClanTech 替换品，展示了 MFB 团队在托马斯·索伦森 (Thomas Sorenson) 的指导下的独创性。
Sporting two Type 3 Series ATM 3s plus two Series 6a ER Medium Lasers and four General Systems Micro Pulse Lasers, allowing the Eyrie good mobility and armor, as well as great up-close firepower for its size and a minimized ammunition dependence. The Eyrie also includes talons in its legs, allowing it to rip important armor pieces apart while performing Death from Above maneuvers.	配备两台 3 型系列 ATM 3s 加上两台 6a ER 系列中型激光器和四台通用系统微脉冲激光器，使 Eyrie 具有良好的机动性和装甲，以及因其尺寸而具有强大的近距离火力和最小化的弹药依赖性。鹰巢城的腿上还带有爪子，使其能够在执行“天上死亡”机动时撕开重要的装甲碎片。
Standing ten meters tall, the Watchman is a 'Mech that was born of necessity. The idea for the design came when the bulk of the AFFS was moved to the Clan front. Because this seriously undermined the ability of the Federated Suns to keep its borders secure, the Watchman was designed to be distributed to militia units within the border marches to bulk up their strength. In its own right the Watchman is a durable and reliable 'Mech that is built with off the shelf components and is very easy to repair.	守望者身高十米，是一款因需要而诞生的机甲。当 AFFS 的大部分被移至氏族前部时，就有了设计的想法。由于这严重削弱了太阳联邦维护边境安全的能力，守望者被设计为分发给边境行军中的民兵部队，以增强他们的兵力。就其本身而言，守望者是一款耐用且可靠的机甲，采用现成的组件制成，并且非常易于维修。
Still an infantry killer, the IIC 7 mounts a trio of Anti-Personnel Gauss Rifles in each arm. One meager ton of ammunition supplies this variant. The ER Medium Laser of the IIC 4 remains in place. A Targeting Computer enhances these weapons' accuracy.	IIC 7 仍然是步兵杀手，每只手臂上都安装了三支杀伤人员高斯步枪。这种变体只需一吨微薄的弹药。 IIC 4 的 ER 中型激光器保持在原位。瞄准计算机提高了这些武器的准确性。
Stormcrow F is equipped with 2 Plasma Cannons to increase the target's heat. Against infantry this variant is equipped with AP Gauss Rifles. Against hardened targets, it has four ER Medium Lasers.	Stormcrow F 配备 2 门等离子炮以增加目标的热量。针对步兵，该变体配备了 AP 高斯步枪。针对坚硬目标，它有四个 ER 中型激光器。
Surprised anybody'd bother with upgrading an old rustbucket like this and not go the whole nine yards. Either way, this is a solid foundation for us to work off, if you want us to.	令人惊讶的是，有人会费心升级像这样的旧铁桶，而不是走完整的九码。无论哪种方式，如果您希望我们这样做，这都是我们工作的坚实基础。
The Black Knight 7B is a refit made for and sold to Mercenary Commanders deeply in favour with the Federated Commonwealth, sporting advanced Technologies and Prototype X-Pulse Laser.	黑骑士 7B 是为深得联邦联邦青睐的佣兵指挥官制造并出售的改装型，配备先进技术和原型 X 脉冲激光。
The Hunchback 1G is a primitive refit trying to retain the 4G's impressive firepower by replacing the weapons with a Medium and Heavy Rifle in place of the AC/20.	驼背 1G 是原始改装型，试图以一门中型和一门重型步枪取代 AC/20，从而保留 4G 令人印象深刻的火力。
The Kintaro 18 is a beast of a machine. It's fast for its size, mounts heavy 装甲, and can literally shred most other '机甲s with its almost ridiculous amount of close-range weaponry. But, it runs hotter than Hell's saunas.	“金太郎 18”是......机器中的猛兽. 在这个级别里它很快，配有厚重的装甲，能用近乎荒谬的大把近程武器真正地撕碎其它大部分机甲. 但是，它会比地狱的桑拿还热.
The original Longbow built in 2480, carried twin LRM-20s each with three tons of ammunition, supported by two Medium Lasers and a Small Laser. The Primitive Technology used limited the design's top speed to 54 km/h, but this was deemed acceptable for a fire support unit.	原版长弓于 2480 年建造，携带双联 LRM-20（各配三吨弹药），辅以两门中型激光和一门小型激光。所使用的原始技术把该设计的最高速度限制在 54 公里/小时，但这对于火力支援单位而言可以接受。
The Shadow Hawk 2D is an interesting model. Its default payload sacrifices a lot of 装甲 to mount a bit more firepower, though some argue the tradeoff isn't worth it. Its Alpha Strikes <i>are</i> better, though, so I guess you can be the judge.	“影鹰 2D”是种有趣的型号. 它的默认装载牺牲了许多装甲来安装多一点的火力，不过有人论证这样的取舍是不值得的. 不过，它的全弹攻击<i>更</i> 好. 所以......我猜你自己能判断.
This is a Sherrif's mech, It brings a piece of mind to folk, but is not heavy on technology.	这是一台治安官机甲，它让民众安心，但技术含量不高。
This is one hell of a 'Mech, Boss. Look at all that Clan Tech, and tell me you don't want to take it for a ride. I guess we should be happy there are not more of these around, or battles would be a lot tougher.	这是一台地狱般的机甲，老板。看看所有的氏族科技，告诉我你不想搭便车。我想我们应该庆幸周围没有更多这样的东西，否则战斗会更加艰难。
This is one impressive missile platform, but quite expensive to field with all its high tech parts. Still, worth every penny in my book, Boss.	这是一个令人印象深刻的导弹平台，但其所有高科技部件的部署成本相当昂贵。尽管如此，我的书里的每一分钱都值得，老板。
This is one of Jalastar Aerospace's Gunsmith 'Mechs, greatly upgraded and retrofitted. The X-Pulses have been replaced with Medium Heavy Lasers, with a special FCS installed to help control the heat. A Clan-tech MASC and enormous XL engine ensure it's the fastest 'Mech on the battlefield, while the heavily upgraded arm actuators help hitting a shot on the run. Boss, this thing is extremely dangerous, and fast even for a light. Whoever used this 'Mech must have been one hell of a crack shot to hit anything at these speeds.	这是贾拉斯塔航空航天公司的枪匠机甲之一，经过大幅升级和改装。 X 脉冲已被中型重型激光器取代，并安装了特殊的 FCS 来帮助控制热量。氏族科技 MASC 和巨大的 XL 发动机确保其成为战场上最快的机甲，而大幅升级的手臂执行器有助于在奔跑中射击。老大，这东西极其危险，连光都快。无论谁使用这台机甲，他一定是一位神枪手，能够以这样的速度击中任何东西。
This is pretty lightly armored for an assault mech, but at least Quicsell included some of their knockoff CASE II to prevent the entire mech from going up like a firework the first time it takes a penetrating hit. They must have worked out a licensing deal for that pile of Tandem LRM ammo, since most of the ammo in the mech is their shitty house brand. If you can find a good double heatsink kit, it'd be worth ripping out Quicsell's attempt at one.	对于突击机甲来说，这是相当轻的装甲，但至少 Quicsell 包括了一些他们的仿制品 CASE II，以防止整个机甲在第一次受到穿透击中时像烟花一样升起。他们肯定已经为那堆 Tandem LRM 弹药达成了许可协议，因为机甲中的大部分弹药都是他们的劣质自家品牌。如果你能找到一个好的双散热器套件，那么值得放弃 Quicsell 的尝试。
This is the toughest Wasp I've ever seen, boss. Not that it's a high bar to surpass, mind you. It's only lightly armed, with most of it's firepower coming from the ultra-light rotary trash. Still, it would make a good training mech for rookie light mech pilots.	这是我见过的最难对付的黄蜂，老板。请注意，这并不是一个需要超越的高标准。它只是轻武装，大部分火力来自超轻型旋转垃圾车。尽管如此，对于新手轻型机甲飞行员来说，它仍然是一个很好的训练机甲。
This Jenner was first fielded in 2784, the same year the Exodus fleet that would eventually become the Clans left the Inner Sphere. How exactly they acquired this design in that short time frame is not known, but what is known is that it belonged to a Kuritan lieutenant. The name translates to 'Fast', or 'the First'. Looking at the Specs of this 'Mech, it definitely fills that Role. The speed of this 'Mech, together with its upgrades, leaves me to believe this was designed to ram its opponents. There are spikes on every part, upgraded Leg Actuators, and Protective Padding all over the whole 'Mech. All of the electronics have been upgraded to support the calculations and projections needed in melee combat. If it can't ram, it has just two micro lasers to fall back on.	这艘詹纳号于 2784 年首次投入使用，同年，最终成为氏族的出埃及舰队离开了内天体。他们究竟是如何在这么短的时间内获得这个设计的，目前尚不清楚，但已知的是它属于库里坦中尉。该名称翻译为“快速”或“第一”。看看这个“机甲”的规格，它绝对可以胜任这个角色。这个机甲的速度，加上它的升级，让我相信它是为了撞击对手而设计的。每个零件上都有尖刺，升级的腿部执行器，以及遍布整个“机甲”的保护垫。所有电子设备均已升级，以支持近战战斗所需的计算和预测。如果它无法撞击，它就只有两个微型激光器可以依靠。
This Jihad-era field refit Vulcan carries two extra heat sinks and a Plasma Rifle while retaining the medium laser, machine gun and flamer. Outfitted with MASC, the 'Mech could escape with a short speed boost from a dangerous situation.	这辆圣战时代的野战改装火神配备了两个额外的散热器和一支等离子步枪，同时保留了中型激光、机枪和火焰喷射器。配备了 MASC 的“机甲”可以在危险情况下通过短暂的速度提升来逃脱。
This Jihad-era variant appears to be a test-bed used by the Word of Blake. Its performance is identical to the WSP-100 and it retains the bomb bay, but it is built on a Composite Internal Structure. It's also equipped with double heat sinks and a Medium Variable Speed Pulse Laser. The one shot missile launcher has been removed.	这个圣战时代的变体似乎是布莱克之言使用的试验台。其性能与 WSP-100 相同，并保留了炸弹舱，但采用复合内部结构。它还配备了双散热器和中变速脉冲激光器。一发导弹发射器已被拆除。
This Jihad-era variant developed in 3081 drops all the weaponry in favor of a single Heavy PPC. The 'Mech makes room for this by using an XL Gyro and a smaller XL Engine that reduces the top speed to approximately 110 km/h. This Osiris variant has a 210 meter jump capability and is protected by Light Ferro-Fibrous armor.	这种圣战时代的变体于 3081 年开发，放弃了所有武器，转而采用单一重型 PPC。 机甲 通过使用 XL 陀螺仪和较小的 XL 发动机来为此腾出空间，将最高速度降低至约 110 公里/小时。这个奥西里斯变体具有 210 米的跳跃能力，并受到轻质铁纤维装甲的保护。
This Legacy uses the same frame and engine as the 03 model but uses a Compact Gyro to provide enough room to add MASC. This means it can reach a speed of 86 km/h. The weaponry has been replaced with a pair of Snub-Nose PPCs, and the hand actuators have been replaced by Claws. The standard armor is replaced by Light Ferro-Fibrous.	这款 Legacy 使用与 03 型号相同的车架和发动机，但使用紧凑型陀螺仪来提供足够的空间来添加 MASC。这意味着它的速度可以达到86公里/小时。武器已更换为一对扁鼻 PPC，手动执行器已更换为利爪。标准装甲被轻铁纤维取代。
This Legendary variant is barely spoken of for fear it might appear, bringing 4 massive Thumper Cannons to the field on a very very slow platform.	这个传奇变体几乎没有被提及，因为担心它可能会出现，在一个非常非常慢的平台上将 4 门巨大的重击炮带到战场上。
This looks like it once was a CN9-A, but nothing is quite like where it needs to be, they somehow went overweight with reinforcing the shield.	看起来它曾经是 CN9-A，但一切都不像它需要的那样，他们不知何故在加固防护罩时变得超重了。
This looks like one of Skobels MKII Vultures, and it looks way too pristine to have been Battlefield Salvage. Something ain't right here, Boss.	这看起来像一架 Skobels MKII 秃鹰，而且看起来太原始了，不可能是战场打捞的。这里有些不对劲，老板。
This Lyran model is meant for close range and restrictive terrain. It carries two highly destructive LB-X Autocannon/20s that can create holes in an enemy's armor using slug rounds with ease, then exploit those holes to damage critical systems with the cluster rounds. Three Medium Pulse Lasers and a regular Medium Laser provide energy backup.	这款 Lyran 模型适用于近距离和限制性地形。它携带两枚极具破坏性的 LB-X Autocannon/20s，可以使用子弹轻松地在敌人的装甲上打出洞，然后利用这些洞用集束子弹损坏关键系统。三个中型脉冲激光器和一个常规中型激光器提供能量备份。
This Marauder II was introduced by the Clans for a Mercenary who earned a honoured place among the Warriors.	这款掠夺者 II 是由部落为一位在勇士中赢得光荣地位的雇佣兵推出的。
This Marauder, commonly refered as the MAD-DER, was first seen as a Solaris VII speed boosted refit which boasts of a L.A.M. System incorporated to the very mech's chassis and engine, enabling it to go faster and actually fly in short bursts. In botched attempt to make a Marauder into a L.A.M. the armor and it's unique JJ system got fused into the chassis making it impossible to make heavy modifications to the mech. I guess some sacrifices needed to be made for a 75-Ton ''Flying'' mech.	这架掠夺者通常被称为 MAD-DER，最初被视为 Solaris VII 速度增强改装，拥有 L.A.M.该系统与机甲的底盘和发动机相结合，使其能够行驶得更快，并且实际上可以在短时间内飞行。将掠夺者变成 L.A.M. 的尝试失败了。装甲及其独特的 JJ 系统被融合到底盘中，使得无法对机甲进行重大修改。我想，对于一个 75 吨的“飞行”机甲来说，需要做出一些牺牲。
This Marauder's undergone so many upgrades I'm not even sure you could still call it a 1R. It's like the SLDF made the Ship of Theseus in 'Mech form.	这款掠夺者经历了如此多的升级，我什至不确定你是否还可以称它为 1R。这就像 SLDF 以“机甲”形式制作了忒修斯之船。
This may be the fastest fifty-ton chassis I've ever worked on, boss. The Crab already moves at a pretty respectable clip, but this is something else entirely. If my calculations are correct, this thing can push over just over 140 km/h while both the MASC and supercharger are active. Just ... well, remember to turn them off once in a while, ya hear?	这可能是我设计过的最快的五十吨底盘了，老板。螃蟹已经以相当可观的速度移动了，但这完全是另一回事。如果我的计算正确的话，当 MASC 和增压器都处于活动状态时，这个东西可以推动超过 140 公里/小时。只是......好吧，记得偶尔把它们关掉，听到了吗？
This mech is a solution in need of a problem. Nobody needs a 65 ton mech to move that fast, and it doesn't even have jumpjets, so you can't take advantage of the mobility most of the time. On the plus side, any medium mechs you catch will be crushed beneath this thing's fists. Just, go easy on those PPCs. They run too hot for the cooling system to handle.	该机甲是需要问题的解决方案。没有人需要 65 吨的机甲来移动那么快，而且它甚至没有跳跃喷气机，所以大多数时候你无法利用机动性。从好的方面来说，你抓住的任何中型机甲都会被这个东西的拳头压碎。只是，在这些 PPC 上放轻松一些。它们运行得太热，冷却系统无法处理。
This mech is a solution in search of a problem, if you ask me. Quicsell got so wrapped up in making chem lasers stronger that they forgot to ask why people stopped using them. Aside from my gripes about the weapons, my main complaint is the speed. Thanks to that underweight fuel cell that's hardwired in, this mech is just never going to move above assault mech speeds, which is just embarrasing for a medium.	如果你问我的话，这个机械就是寻找问题的解决方案。奎塞尔如此专注于让化学激光器变得更强，以至于他们忘记了问为什么人们停止使用它们。除了我对武器的抱怨之外，我主要的抱怨是速度。由于内置了重量较轻的燃料电池，该机甲永远不会超过突击机甲的速度，这对于介质来说是令人尴尬的。
This mech is terrifying. Oh, sure it can produce a lot of firepower, but I'm mostly scared because of how damn much ammo is in the side torsos. That knock-off Quicsell CASE II is the only thing keeping you from a very impressive death if you so much as look at the internals of the mech. Oh, and did I mention that Quicsell CASE can be destroyed with a good shot? Suddenly, there goes seven tons of high explosives; and that's just in the one torso!	这机甲太恐怖了哦，当然它可以产生大量的火力，但我最害怕的是因为侧面躯干有那么多该死的弹药。如果你仔细看看机甲的内部结构，那件山寨版的 Quicsell CASE II 是唯一能让你避免令人印象深刻的死亡的东西。哦，我有没有提到过，Quicsell CASE 可以用一枪摧毁？突然，七吨烈性炸药飞了出去；那只是在一个躯干中！
This Medusa was named after a Wolfs Dragoons Honorname, being piloted by one of Said Dragoons. Outfitted with an array of Equipment to increase the Jump Distance to get easier into Close Range, An Upgraded Ewar package also helps with any Dezgra Stealth Units. Almost all of the Equipment on this Medusa was won by Trial of Possessions, from every Clan and House. Whilst being a 'Hand me Down', its also an Honour to Pilot the Mech, making the Pilots Ferocious in Battle and Inspiring Nearby Mechs.	这头美杜莎以狼队龙骑兵的荣誉名称命名，由赛义德龙骑兵之一驾驶。升级版 Ewar 套件配备了一系列设备，可以增加跳跃距离，更容易进入近距离，还可以帮助任何 Dezgra 隐形单位。这美杜莎身上的装备，几乎都是通过财产试炼获得的，来自各个氏族和家族。在成为“放手”的同时，驾驶机甲也是一种荣幸，使飞行员在战斗中表现凶猛，并激励附近的机甲。
This modified Elemental version was created by Clan Jade Falcon engineers in 3069 and replaces SRM ammunition with Fire-Resistant Armor. It carries a one-shot SRM-2 and an AP Gauss Rifle.	这个修改后的元素版本是由玉隼氏族工程师于 3069 年创建的，并用防火装甲取代了 SRM 弹药。它携带一把单发 SRM-2 和一把 AP 高斯步枪。
This must have belonged to a powerful pirate, since it's not nearly as broken as you'd expect, and it's carrying some LosTech.	这肯定属于一个强大的海盗，因为它并不像你想象的那么破损，而且还携带着一些洛斯科技。
This new variant removes the Small Laser and upgrades the mediums to a pair of ER Medium Lasers. The weight savings enables the inclusion of a C3i Computer.	这个新版本移除了小型激光器，并将中型激光器升级为一对 ER 中型激光器。重量减轻使得可以包含 C3i 计算机。
This newer variant on the IIC 4 uses three Heavy Machine Guns in each arm.	IIC 4 上的这款较新型号的每只手臂均使用三挺重机枪。
This next generation Urbanmech; is a rare product from the mysterious Institute of Strategic combat. Built around a prototype Hyperlaser, this Urbie can wield nearly unparalleled destructive capabilities. As with all RISC products, it must be used with care; lest it explode or suffer a catastrophic misfire.	下一代 Urbanmech；是来自神秘的战略作战研究所的稀有产品。这个 Urbie 围绕原型超级激光构建，可以发挥几乎无与伦比的破坏能力。与所有RISC产品一样，必须小心使用；以免爆炸或遭受灾难性的失火。
This next generation Urbanmech; is a rare product from the mysterious Institute of Strategic combat. Built around a RISC spec HPPC, this Urbie is a surprisingly nasty skirmisher. As with all RISC products, it must be used with care; lest it explode or suffer a catastrophic misfire.	下一代 Urbanmech；是来自神秘的战略作战研究所的稀有产品。这款 Urbie 围绕 RISC 规格 HPPC 构建，是一款令人惊讶的令人讨厌的散兵。与所有RISC产品一样，必须小心使用；以免爆炸或遭受灾难性的失火。
This Titan variant was introduced during the Dark Ages. Built around 3 standard PPCs, it carries a mix of srm 4's and medium lasers as secondary weapons. 16 DHS keep the heat under control.	这种泰坦变种是在黑暗时代引入的。它围绕 3 个标准 PPC 构建，混合使用 srm 4 和中型激光器作为辅助武器。 16 DHS 控制热量。
This variant also uses a Small Cockpit. It also uses a Heavy Duty Gyro. The traditional Vanquisher weaponry has been replaced by a Rotary AC/5 in each arm, while the side torsos each carry a Light PPC. For a a heavy knockout punch, there is a Heavy PPC in the right torso.	该变体还使用小型驾驶舱。它还使用重型陀螺仪。传统的征服者武器已被每只手臂上的旋转 AC/5 所取代，而侧面躯干各携带一把轻型 PPC。对于重型击倒拳，右躯干中有一个重型 PPC。
This variant carries a pair of Streak SRM-6s in the right torso and a Streak LRM-15 in the left. The Mad Dog G carries a single ER PPC in the left arm, while the right mounts a trio of ER Medium Pulse Lasers.	该变体的右躯干带有一对 Streak SRM-6s，左侧带有一对 Streak LRM-15。 Mad Dog G 的左臂携带一个 ER PPC，而右臂则安装三个 ER 中脉冲激光器。
This variant is a capable knife fighter. Six Jump Jets give it a maximum jumping distance of 180 meters. A Snub-Nose PPC deals damage at long range, but is more powerful up close. A pair of Medium Pulse Lasers are highly accurate, as are the twin Small Pulse Lasers that are so devastating against infantry.	这个变体是一个有能力的刀战士。六台跳跃喷气机使其最大跳跃距离可达 180 米。扁鼻子 PPC 在远​​距离造成伤害，但近距离时威力更大。一对中型脉冲激光器非常精确，一对小型脉冲激光器对步兵具有毁灭性打击。
This variant is based on the VQR-7V, but replaces the heavy duty gyro with a Compact Gyro. It has a Gauss Rifle in the right arm and two Large Variable Speed Pulse Lasers in the left arm as its main striking power. Supporting these are twin MML-3s and two ER Medium Lasers. Two tons of ammo are carried for the MMLs and Gauss Rifle. This variant was used by Demi-Precentor Pravuil, who was second in command of the 40th Shadow Division.	该变体基于 VQR-7V，但用紧凑型陀螺仪取代了重型陀螺仪。右臂配备一把高斯步枪，左臂配备两把大型变速脉冲激光器作为主要打击力量。支持这些的是两个 MML-3s 和两个 ER 中型激光器。 MML 和高斯步枪携带两吨弹药。这个变体由半前任普拉维尔使用，他是 40th 暗影师的第二指挥官。
This variant of the 2D chassis was used as a prototype platform for pulse lasers.	2D 底盘的这种变体被用作脉冲激光器的原型平台。
This variant of the Piranha is fielded by Clan Ice Hellion and upgrades to double heat sinks so that the Machine Guns can be effectively swapped out for ER Micro Lasers. The other lasers were upgraded to heavy models.	食人鱼的这种变体由 Clan Ice Hellion 部署，并升级为双散热器，以便机枪可以有效地更换为 ER 微型激光器。其他激光器升级为重型型号。
This variant swaps out the Thunderbolt Launchers in favor of two Clan-tech Gauss Rifles and replaces the ER Lasers with two M-Pods. A supercharged XXL engine allows this variant to reach speeds approaching 90 km/h.	该变体用两支氏族科技高斯步枪取代了雷电发射器，并用两支 M-Pod 取代了 ER 激光器。增压 XXL 发动机使这款车型的时速接近 90 公里/小时。
This variant takes the primary configuration, downgrades the pulse laser to an ER Medium and replaces the Machine Guns with three Anti-Personnel Gauss Rifles.	该变体采用主要配置，将脉冲激光降级为 ER 中型，并用三支杀伤人员高斯步枪取代机枪。
This variant trades some weapons for better sensor capabilities over the MTR-5K. Not sure which you prefer, Boss, but whichever of the two variants you choose they will both serve you well, I am sure.	该变体用一些武器换取了比 MTR-5K 更好的传感器能​​力。不确定您更喜欢哪一个，老板，但无论您选择这两种变体中的哪一种，我相信它们都会很好地为您服务。
This variant uses a Compact Engine and Compact Gyro to increase survivability. It has the same top speed as the standard Legacy and drops the jump range to sixty meters. Each arm carries a Medium Variable Speed Pulse Laser and a Light PPC, supported by two torso mounted MML-7s with Artemis IV fire control systems. A head-mounted ER Small Laser rounds out the armament. Thirteen double heat sinks are installed as well. 	该变体使用紧凑型发动机和紧凑型陀螺仪来提高生存能力。它具有与标准 Legacy 相同的最高速度，并将跳跃范围降至 60 米。每只手臂都携带一个中型变速脉冲激光器和一个轻型 PPC，由两个安装在躯干上的 MML-7s 和 Artemis IV 火控系统提供支持。头戴式 ER 小型激光器使武器更加完善。还安装了十三个双散热器。
This version carries a HAG/30 in each arm and eight tons of ammunition in CASE protected bays.	该版本的每只手臂上都装有 HAG/30，并在 CASE 保护舱内装载了 8 吨弹药。
This version carries an ER Large Laser and pair of AP Gauss Rifles in each arm. These are supported by a Streak SRM-6 mounted in the left and right torsos. A head mounted ECM Suite can disrupt targeting networks, and five jump jets allow the IIC 8 to cover 150 meters at a time. The Endo Steel chassis allowed the engineers to install a Consolidated 325 XL engine, increasing ground speed to a maximum of 86 km/h.	该版本的每只手臂上都携带有 ER 大型激光枪和一对 AP 高斯步枪。这些由安装在左右躯干的 Streak SRM-6 提供支持。头戴式 ECM 套件可以扰乱目标网络，五个跳跃喷气机使 IIC 8 一次覆盖 150 米。 Endo Steel 底盘允许工程师安装 Consolidated 325 XL 发动机，将行驶速度提高到最大 86 公里/小时。
This version is built with Clan technology similar to the Marauder II C. It uses a standard 300-rated Fusion Engine with sixteen tons of Ferro-Fibrous armor and Endo Steel internal structure. It is armed with an ER PPC and two Medium Pulse Lasers in each arm. A Gauss Rifle sits in the right torso with two tons of ammunition, and a Targeting Computer is in the left torso for increased accuracy. It has a Clan-tech CASE system to protect the Gauss Rifle, and can jump 90 meters at a time.	该版本采用与 Marauder II C 类似的 Clan 技术建造。它使用标准 300 级融合引擎，配有 16 吨铁纤维装甲和远藤钢内部结构。它的每只手臂上都配备了 ER PPC 和两个中脉冲激光器。右侧躯干装有一把装有两吨弹药的高斯步枪，左侧躯干装有一台瞄准计算机以提高准确性。它拥有部落科技CASE系统来保护高斯步枪，并且一次可以跳跃90米。
This version of the Banshee carries a Heavy PPC, two Light PPCs, Gauss Rifle, and an ER Medium Laser. All these weapons are tied into a Targeting Computer, and a C3 Boosted Slave allows it to share targeting data with other friendly units. It uses a light fusion engine and XL Gyro to free weight for these weapons and equipment.	该版本的女妖携带一门重型 PPC、两门轻型 PPC、高斯步枪和一门 ER 中型激光器。所有这些武器都与目标计算机相连，C3 Boosted Slave 允许它与其他友方单位共享目标数据。它使用轻型聚变发动机和XL陀螺仪来为这些武器和装备减轻重量。
This version of the Cephalus carries a Plasma Cannon and a Flamer. This configuration is apparently intended as an anti-infantry unit.	这个版本的 Cephalus 携带等离子炮和火焰喷射器。这种配置显然是作为反步兵单位使用的。
This version of the Fireball, debuting in 3076, uses Extended Range Lasers instead of the standard versions. A MASC system boosts the 'Mech's maximum speed and Heavy Ferro-Fibrous armor increases protection. The machine also has a Targeting Computer for better accuracy.	该版本的火球于 3076 年首次亮相，使用增程激光器而不是标准版本。 MASC 系统提高了机甲的最大速度，重型铁纤维装甲增强了保护。该机器还配备了瞄准计算机，以提高准确性。
This version of the Hoplite was decorated by some pirate to actually look like a Triple F burger. It comes equipped with paired Small Rotary Chemical Lasers and 10-Tube LRM racks.	这个版本的重装步兵被一些海盗装饰得实际上看起来像一个 Triple F 汉堡。它配备了成对的小型旋转化学激光器和 10 管 LRM 机架。
This version of the Minotaur was created by Clan Hell's Horses. The jump jets and standard weapons were removed and replaced by two Improved Heavy Small Lasers and an SRM-5 launcher. The weight saved from this weapon switch allowed the engineers to maximize the armor protection of the Minotaur-XP	这个版本的牛头怪是由地狱马氏族创造的。跳跃喷气机和标准武器被移除，并被两架改进型重型小型激光器和一个 SRM-5 发射器取代。该武器开关节省的重量使工程师能够最大限度地提高 Minotaur-XP 的装甲保护
This version received 2 Mag Shot rifles in place of its MGs as well as 2 ER Small Lasers.	该版本配备了 2 支 Mag Shot 步枪来代替 MG，以及 2 支 ER 小型激光器。
This version removes the jump jets in favor of one more ton of armor.	这个版本去掉了跳跃喷气机，转而增加了一吨装甲。
This version uses an experimental Composite Structure as its skeleton. An XL Engine and MASC allow this Stealth variant to reach speeds of 140 km/h. In addition, several Clan spec systems have been installed on the chassis, including an Active Probe, ECM Suite, a Streak SRM-6, and a trio of ER Medium Lasers. Two arm mounted ER Flamers provide anti-infantry capabilities. Most interesting is the use of a Chameleon Light Polarization Shield to make this Stealth live up to its name.	该版本使用实验性复合结构作为其骨架。 XL 发动机和 MASC 使这款 Stealth 变体的速度达到 140 公里/小时。此外，底盘上还安装了多个 Clan 规格系统，包括 Active Probe、ECM Suite、Streak SRM-6 和三个 ER Medium Lasers。两个安装在手臂上的 ER 火焰喷射器提供反步兵能力。最有趣的是使用变色龙光偏振护罩使这款隐形飞机名副其实。
This version uses enough Improved Jump Jets to vault up to 150 meters at a time. Nineteen double heat sinks keep the heat from three ER Large Lasers and two Medium Pulse Lasers in check. The IIC 5 is a capable mobile sniper.	该版本使用足够的改进型跳跃喷气机，一次跳高可达 150 米。十九个双散热器可控制来自三个 ER 大型激光器和两个中型脉冲激光器的热量。 IIC 5 是一款强大的移动狙击手。
This version uses two Machine Gun Arrays to make it more effective in combat. One array mounts Light Machine Guns, while the other mounts standard Machine Guns. The ER Medium Lasers are tied into a Targeting Computer as well.	该版本使用两个机枪阵列，使其在战斗中更加有效。一组安装轻机枪，另一组安装标准机枪。 ER 中型激光器也与瞄准计算机相连。
This version was apparently created by the Word of Blake, as it removes the Beagle Probe and a Medium Laser from the PHX-HK1R and replaces that equipment with an Improved C3 Computer. The Snub-Nose PPC remains and the two remaining lasers are extended-range models. 	这个版本显然是由布莱克的话语创建的，因为它从 PHX-HK1R 中删除了 Beagle 探针和中型激光器，并用改进的 C3 计算机取代了该设备。 Snub-Nose PPC 保留下来，剩下的两个激光器是增程型号。
This version was produced for Clan Jade Falcon by Red Devil Industries in 3083. Using an experimental XXL Engine and Improved Jump Jets to provide mobility, the chassis is protected by Ferro-Fibrous Armor. Each arm mounts an ER Large Laser and Improved Heavy Medium Laser.	该版本由 Red Devil Industries 于 3083 年为 Clan Jade Falcon 生产。使用实验性 XXL 引擎和改进的跳跃喷气机来提供机动性，底盘由铁纤维装甲保护。每个臂安装一个 ER 大型激光器和改进型重型中型激光器。
This version, introduced in 3077, is based on the 11-C as well but uses an experimental C3 Boosted Master computer to cut through the ECM commonly found on Jihad-era battlefields. It carries a Streak SRM-4, Gauss Rifle, and an ER Medium Laser in each arm.	该版本于 3077 年推出，同样基于 11-C，但使用实验性 C3 Boosted Master 计算机来突破圣战时代战场上常见的 ECM。它的每只手臂上都携带一支 Streak SRM-4、高斯步枪和一支 ER 中型激光器。
This very expensively upgraded Roughneck came from a militia man turned Solaris Gladiator. Mixed Clan and Inner Sphere tech makes this a marvel of technology, with a Battle Rifle in one hand and a heavy shield in the other. It has a MRM40 and Narc to round out its weaponry, while heavily reinforced reactive armour makes this a very tough opponent. This 'Mech was a labour of love, for both its Mechwarrior and MekTek.	这个经过非常昂贵的升级的硬汉来自一名民兵，后来变成了索拉里斯角斗士。混合氏族和内部领域技术使其成为技术奇迹，一手拿着战斗步枪，另一只手拿着重型盾牌。它拥有 MRM40 和缉毒警察来完善其武器，而强化的反应装甲使其成为一个非常强大的对手。对于 机甲战士 和 MekTek 来说，这款 机甲 都是爱的结晶。
This Victor variant emerged during the Jihad. Equipped with five Improved Jump Jets, it can rapidly close with enemy forces to bring its Autocannon/20 into play. Six tons of ammunition allow the pilot to choose from many types of special ammunition. The only drawback to this model is that it only has a single Medium Laser for backup.	这种维克多变体是在圣战期间出现的。配备五架改良型跳跃喷气机，可以快速接近敌军，发挥Autocannon/20的作用。六吨弹药允许飞行员从多种类型的特种弹药中进行选择。该型号的唯一缺点是它只有一个中型激光器用于备份。
This was once a very solid Dagger, until some pirate went at it and broke the advanced electronics, it still has some after market Warfare Suite and Stealth Systems, but I wouldnt trust them.	这曾经是一把非常坚固的匕首，直到一些海盗袭击它并破坏了先进的电子设备，它仍然有一些售后战争套件和隐形系统，但我不会相信它们。
This will bring the big pain, don't stand in front of that LBX or you will not live to regret it.	这会带来很大的痛苦，不要站在那个LBX面前，否则你会后悔的。
This Wolfhound variant got a large refit with Clan Grade Structure and Armor alongside RISC Tech Equipment and Production.	这款猎狼犬变种进行了大规模改装，配备了氏族级结构和装甲以及 RISC 技术设备和生产。
This, Previously a Stalker-3F, Has kept its 'idea' of a Loadout. Armed with Large Chem lasers, Rockets and Thunderbolts, it will still Deal Considerable Damage. It Has also been upgraded with a Supercharger so it can keep up with other Mechs. A Single AMS system has been integrated, together with Strongly Reinforced Legs. This is one Hell of a Stalker, if i may say so myself.	这个以前是 Stalker-3F，保留了装载的“想法”。配备大型化学激光器、火箭和雷电，它仍然会造成相当大的伤害。它还升级了超级充电器，因此它可以跟上其他机甲。单个 AMS 系统已与强力加固支腿集成在一起。如果我可以自己这么说的话，这就是跟踪者的地狱。
Those Fire and Forget missiles are pretty nasty, boss. I wouldn't want to be in a light mech that catches this thing's attention.	那些“发射后不管”导弹非常讨厌，老大。我不想成为引起这个东西注意的轻型机甲。
Those Pwwkas that saw combat action did so in combination with other Manei Domini units, fighting primarily against forces from the Principality of Regulus and the Duchy of Oriente, although there are rumors of some Pwwka seeing action against allied coalition forces.	那些参加战斗行动的普瓦卡人与其他马内多米尼部队联合作战，主要对抗雷古勒斯公国和东方公国的部队，尽管有传言称一些普瓦卡人参加了针对盟军联军的行动。
Those Quicsell Heavy PPCs are an odd beasty. Yes, they can do AC20 damage at long range. ONLY at long range though. Any closer, and they bleed damage fast. Something about the destabilization of the PPC bolt adding to the damage? I can't follow the technical specs, but I can tell you that this mech will be useless if the enemy gets into close range.	那些 Quicsell 重型 PPC 是一种奇怪的野兽。是的，它们可以在远距离造成 AC20 伤害。但仅限于远距离。如果再靠近，它们就会快速流血。 PPC 螺栓的不稳定会增加损坏吗？我无法理解技术规格，但我可以告诉你，如果敌人进入近距离，这个机甲将毫无用处。
Those who get too close to this baby, will soon learn how much pain it can deliver with those SRMs.	那些离这个婴儿太近的人很快就会知道这些 SRM 会给婴儿带来多大的痛苦。
Those Word of Blake engineers usually know what they are doing, which you can see in this model too. That's a lot of weaponry and they still managed to make the 'Mech a bit more durable by adding more armor and using a Light engine instead of that XL.	那些布莱克工程师通常知道他们在做什么，您也可以在这个模型中看到。这是很多武器，他们仍然设法通过添加更多装甲并使用轻型引擎而不是 XL 来使“机甲”更加耐用。
Though bearing a remarkable outward resemblance to the Timberwolf, this BattleMech is a new and powerful creation. Carrying thirteen tons of ferro-fibrous armor, the Mad Cat MK II is an incredibly resilient design. A pair of arm mounted Gauss Rifles supported by torso mounted LRM racks give it complete command over the battlefield. 	虽然外观与森林狼极为相似，这款战斗机甲却是全新而强大的创造。疯猫 MK II 携带十三吨铁纤维装甲，是极为坚固的设计。臂载的双高斯步枪配以躯干搭载的 LRM 挂架，使其能完全掌控战场。
Though bearing a remarkable outward resemblance to the Timberwolf, this BattleMech is a new and powerful creation. This variant removes the Gauss Rifles and Jump Jets and replaces them with a HAG/30 in each arm. The side torsos each mount an LRM-10 and a pair of ER Medium Lasers. A Light Active Probe is mounted in the head, and the remaining tonnage is given over to more armor protection.	虽然外观与森林狼极为相似，但这款 BattleMech 是一款全新且强大的创造物。此变体移除了高斯步枪和跳跃喷气机，并用每个手臂中的 HAG/30 代替它们。侧面躯干各安装一个 LRM-10 和一对 ER 中型激光器。头部安装有轻型主动探头，剩余吨位用于更多装甲保护。
Though the Stinger IIC has a relatively low ground speed by Jihad Era standards, it is still fast enough to act as a harasser unit as well as a recon platform. The 180 meter jump capability is also useful, allowing the pilot to get out of tight terrain very quickly. The upgraded armor protection is valued by those warriors used to the older Stinger as well, but this armor is still too light to allow the 'Mech to operate in a stand up fight.	尽管按照圣战时代的标准，毒刺 IIC 的地面速度相对较低，但它仍然足够快，可以充当骚扰单位和侦察平台。 180 米的跳跃能力也很有用，可以让飞行员快速脱离狭窄的地形。升级后的装甲保护也受到那些使用旧毒刺的战士的重视，但这种装甲仍然太轻，无法让“机甲”在站立战斗中操作。
Though the Stinger IIC has a relatively low ground speed by Jihad Era standards, it is still fast enough to act as a harasser unit as well as a recon platform. The 180 meter jump capability is also useful, allowing the pilot to get out of tight terrain very quickly. The upgraded armor protection is valued by those warriors used to the older Stinger as well, but this armor is still too light to allow the 'Mech to operate in a stand up fight. Double Heat Sinks keep the Stinger IIC cool.	尽管按照圣战时代的标准，毒刺 IIC 的地面速度相对较低，但它仍然足够快，可以充当骚扰单位和侦察平台。 180 米的跳跃能力也很有用，可以让飞行员快速脱离狭窄的地形。升级后的装甲保护也受到那些使用旧毒刺的战士的重视，但这种装甲仍然太轻，无法让“机甲”在站立战斗中操作。双散热器让 Stinger IIC 保持凉爽。
To call it the deadliest Locust ever built is probably an exaggeration. But all that custom equipment does make it quite impressive and will surprise most that meet it on the 'field.	将其称为有史以来最致命的蝗虫可能有些夸张。但所有这些定制设备确实让它令人印象深刻，并且会让大多数在“现场”遇到它的人感到惊讶。
To protect itself from most other light 'Mechs, vehicles, and infantry the Red Shift carries two Tronel XII Medium Pulse Lasers.	为了保护自己免受大多数其他轻型机甲、车辆和步兵的攻击，红移携带了两个 Tronel XII 中脉冲激光器。
To sum this one up: 'too specialized'. Yes, it's good if you're fighting a swarm of VTOls, but anything short of that an you're bringing the wrong loadout to the fight. Oh, and watch those 'Double Autocannons'. They may put out a lot of bullets, but they'll break rather than jam.	总结一下这一点：“太专业了”。是的，如果你要与一大群垂直起降飞机作战，那是件好事，但如果做不到这一点，你就会在战斗中带来错误的装备。哦，看看那些“双自动炮”。他们可能会射出很多子弹，但它们会破裂而不是卡住。
Too lightly armored for my taste, but at least it has a big gun, right? The main issue being, it's only really useful in close range combat, and it's got the standard XL engine vulnerability combined with weak armor. I wouldn't take this into the field if I were you.	装甲太轻了，不符合我的口味，但至少它有一把大枪，对吧？主要问题是，它只在近距离战斗中真正有用，并且具有标准的 XL 引擎漏洞和薄弱的装甲。如果我是你，我不会把这个带入这个领域。
Too slow for a melee mech, if you ask me. Mostly the fault of that hardwired internal combustion engine. At least it deals with most overheating problems without issue. Good 'baby's first melee mech' for the rookies, since it's very survivable, but don't expect to spend much time in the thick of things.	如果你问我的话，对于近战机甲来说太慢了。主要是硬连线内燃机的故障。至少它可以毫无问题地处理大多数过热问题。对于新手来说，这是一个很好的“宝宝的第一个近战机甲”，因为它的生存能力很强，但不要指望在最激烈的情况下花费太多时间。
Triple Mixed Tech, Questionable at Best. This Primitive Helepolis was Picked up by a well Respected Mechwarrior Outfit, upgraded it with IS Gear to be Functional Atleast. Swapped Hands and then installed Clan Gear in its Interior, as a Test bed so to Speak. There are so many different Doohickeys just to have everything work together, im Amazed it doesnt Short circuit itself.	三重混合技术，充其量也值得怀疑。这个原始的赫勒波利斯被一个备受尊敬的机甲战士套装拾取，并用 IS 装备对其进行了升级，使其至少具有功能。交换了手，然后在其内部安装了氏族装备，可以说是作为测试台。有这么多不同的技巧只是为了让所有东西一起工作，我很惊讶它本身不会短路。
先进的 M在nesot一台 Tribe 在novation, the Plasmo-Electric Heat S在k (PEHS), developed by Volundr Thermal Solutions, 使用 multiple precision-eng在eered micro-lattices made 来自 r是earth alloys 和 re在f或ced carbon nanotubes 以 abs或b 和 diffuse thermal buildup 来自 energy 武器. While the 在dividual s在ks 是小型er th一台 st和ard double heat s在ks, the central control unit 是nearly three times 大型r due 以 its complex regulation systems. Less effective 配备 ballistic 或 mechanical heat, the PEHS excels at manag在g plasm一台 surges 和 EM stra在 来自 PPCs, lasers, 和 similar 手臂s, especially when paired 配备 the Magnothermic Plasm一台 Eng在e 和 TEMPEST, where shared conduits 和 energy pathways enhance overall cool在g efficiency. Overheat在g risks catastrophic lattice failure un更少 cooled immediately, 一台 risk the Tribe accepts 在 pursuit 的 overwhelm在g 的fensive power.	作为明尼苏达部落的一项先进创新技术  等离子电热散热器（PEHS）由Volundr热能解决方案公司研发  采用多个由稀土合金和强化碳纳米管制成的精密微晶格  用于吸收并扩散能量武器产生的热量积聚. 虽然单个散热器比标准双重散热器更小  但其中央控制单元由于配备复杂的调节系统  体积几乎大了三倍. PEHS在处理弹道武器或机械产生的热量方面效果较差  但在控制PPC、激光及类似武器产生的等离子体激增和电磁负荷方面表现出色  尤其是在与磁热等离子引擎和TEMPEST配合使用时  共享的导管和能量通路能够进一步提升整体散热效率. 过热可能导致微晶格灾难性失效  因此必须立即进行冷却  而明尼苏达部落愿意承担这一风险  以换取压倒性的进攻火力.
Increases max 射程 bracket 的 supp或t 武器 by [AMT]m.	增加支援武器最大射程[AMT]米.
该Void Signature System 是a hybrid evolution 的 Star League era systems such as the Chameleon Light Polarization Shield 和 the Null Signature System. Essentially a scaled up version 的 the Battle Suits Mimetic Arm或, the Void Signature System shields a BattleMech's presence 来自 both visual 和 electronic detection 配备 help 来自 a paired ECM suite.  Reserves 1 slot 在 every Location except the Head 和 requires an ECM.	虚空特征系统是星际联盟时代科技（如变色龙偏振护盾和零特征系统）的混合进化版. 本质上相当于战斗装甲拟态装甲的放大版本，虚空特征系统配合一套电子对抗模块，可屏蔽战斗机甲在视觉和电子两方面的探测信号. 除头部外，每个部位需预留一个槽位，且必须搭载电子对抗模块.
"Cerberus Lives!". System was colonized pri或 以 the end 的 the Age 的 War. 一种regional capital 和 the most heavily 在dustrialized planet 配备在 the Outw或lds Alliance. See the "Treaty 的 Cerberus", year 2585	“Cerberus永存！”. 该星系在战争时代结束前就已被殖民. 它是外域联盟内的一个地区首府，也是联盟中工业化程度最高的行星. 参见2585年的《Cerberus条约》.
"Habited" the description 在 your star atlas says, 和 noth在g m或e.  It seems like there should def在itely be m或e 在f或mation, but once you visit you'll underst和.	你的星图上的描述只写着“有人居住”，仅此而已. 似乎肯定应该有更多信息，但等你到访后就会明白.
"I saw some crew us在g the lounge th是m或n在g. And it sounds like someone might be start在g a poker night there", Darius rep或ts. "Not exactly a resound在g success, but it's a start."	“我今天早上看到一些船员在用休息室. 而且听起来好像有人要在那里开始搞扑克之夜了.”，达吕斯报告说.“算不上大获成功，但总算开了个头.”
<b><col或=#F79B25>[一种new flashpo在t 拥有been created 在 the <i>Ryerson</i> system f或 the cont在uation 的 the campaign]</col或></b>	<b><color=#F79B25>[已在<i>Ryerson</i> 星系创建一个新的闪点，以继续战役]</color></b>
<col或=#A8A8A8>You sigh heavily bef或e decid在g the suffer在g will still be w或th it 在 the end. Time 以 call f或 that MRB Assess或 aga在.</col或>	<color=#A8A8A8>你重重叹了口气，最终决定即使要再次承受那份痛苦，结果也依然值得. 是时候再次召唤MRB评估员了.</color>
<col或=#A8A8A8>You smile at Darius bef或e reply在g.</col或> "You know, Darius, why not? I am always ready f或 m或e challenges. Let's get the Assess或 over here as soon as we can.	<color=#A8A8A8>你微笑着看向达吕斯，然后回答.</color>“你知道吗，达吕斯，为什么不呢? 我随时准备迎接更多挑战. 尽快让评估员过来吧.”
<col或=#BFBFBF><i>Melidron</i> reappears beneath the <i>Argo</i>'s 或bit. Red, sc或ched, 和 dust-choked, just as you left it. 该planet's surface flickers 配备 fa在t geothermal signatures, 和 the old comms grid accepts your clearance codes 配备out comment. No greet在gs. No warn在gs. Just a cold 或bital lock 和 a view 的 a w或ld that's still smolder在g 配备 unf在ished bus在ess.</col或>	<color=#BFBFBF><i>Melidron</i> 重新出现在<i>阿尔戈号</i> 的轨道下方。它依旧如你离开时那般，赤红、焦灼，被尘埃笼罩。行星表面闪烁着微弱的地热信号，而旧有通讯网络毫无回应地接受了你们的授权代码。没有问候。没有警告。只有冰冷的轨道锁定，以及一颗仍在燃烧着未完纷争的世界映入眼帘。</color>
<col或=#BFBFBF>As soon as you leave the conference room, a ground crew beg在s haul在g 在 the crates Marcus sent. 一种mixed ass或tment 的 Tribe hardware, 武器, 和 equipment, none 的 it st和ard production. Yang starts catalogu在g the contents while Farah takes the datapackage 和 disappears 至 her w或kspace. After a few hours she contacts you 以 come see what the data 拥有revealed.</col或>	<color=#BFBFBF>你刚离开会议室，地勤人员便开始搬入Marcus送来的箱子。一批混杂的部落硬件、武器和装备，其中没有任何一种属于标准生产型号。杨开始对这些物品进行编目，而法拉则拿起数据包，消失在她的工作区。几个小时后，她联系你，让你去看看这些数据揭示了什么。</color>
一种FWL system that was settled 期间 the Age 的 War by refugees flee在g the conflict 配备 the CCAF. As such, it always wasn't entirely beh在d the martial laws 的 the "Free" W或lds League.  	一个FWL星系，在战争时代由逃离与CCAF冲突的难民定居. 因此，它始终并不完全拥护“自由”世界联盟的军事管制法.
一种harsh desert w或ld, it 是home 以 the "Colossii 的 New Rhodes", a cha在 的 nearly 150 geological 以wers scattered across the vast desert like isl和s 在 a sea, which 拥有become a 以urist attraction that br在gs people 来自 across the Inner Sphere.	一个严酷的沙漠世界，这里是“New Rhodes巨像群”的所在地——由近150座地质高塔组成的一连串奇观，如海中岛屿般散布在广袤沙漠中，已成为吸引来自整个内天体游客的旅游胜地.
一种'Mechs eng在e requires at least 10 heat s在ks, which 是usually provided by the eng在e itself. Eng在e c或es 配备 a rat在g lower than 250 need supplementary heat s在ks 在stalled elsewhere on the 'Mech.	一台机甲的引擎至少需要10个散热器，通常由引擎自身提供。额定值低于250的引擎核心，需要在机甲的其他部位安装额外散热器。
一种micro-scale version 的 the vehicular Guardian ECM suit, the battlesuit ECM suite module 提供 stealth technology that 是not so much built 至 the suit's arm或ed "sk在" as it 是an area-effect jamm在g field. Active rather than passive, the battle arm或 ECM suite can disrupt sens或s 和 communications 以 a 射程 的 n在ety米.	战斗服ECM套件模块是车载型守护者ECM套件的微型化版本，它所提供的潜行技术并非嵌入战斗服防护“外壳”本身，而是一种范围效应的干扰场. 这款战斗服ECM套件为主动而非被动式，能有效干扰半径九十米范围内的传感器与通讯.
一种Pa在 Shunt was less 的 an implant 和 m或e a surgical procedure employed by the Manei Dom在i which allowed a person 以 ign或e pa在, whether 来自 an 在jury susta在ed 或 the chronic headaches caused by their other implants, by bypass在g the pa在 centers 的 the bra在. While mak在g the operative largely 在capable 的 feel在g agony, it also caused clums在ess due 以 the deaden在g 的 the user's tactile senses. Operatives who undergo th是procedure take a whole year 以 relearn how 以 manipulate objects 配备out accidentally break在g them, but 是much harder 以 effectively stun 或 put down afterwards.	痛觉屏蔽与其说是一种植入物，不如说是一项外科手术，由“神之右手”（Manei Domini）使用，能够让人无视疼痛——无论是由受伤引起，还是由其他植入物导致的慢性头痛——方法就是绕过大脑中的疼痛中枢. 虽然这让受术者在很大程度上丧失了对剧痛的感知，但同时也因触觉变得迟钝而造成行动笨拙. 接受此手术的作战人员需要整整一年时间来重新学习如何操控物品而不至意外将其弄坏，但在此之后，他们要被打晕或击倒就困难得多了.
一种trueb或n 是a Clan warri或 b或n 来自 the Clans' eugenics programs. 该belief 是that by comb在在g the genetic material 来自 heroic figures 来自 Clan society, the result在g person would possess the best qualities 的 both. By the Clans, trueb或n 是considered 在herently superi或 以 natural "freebirths", 和 taught 以 believe that they 是the only true 在herit或s 的 Aleks和r Kerensky's legacy.	真生者是氏族优生学计划中诞生的氏族战士. 氏族的理念认为，将氏族社会中英雄人物的基因物质相结合，所诞生的后代将兼具两者的最佳特质. 在氏族看来，真生者天生就优于自然降生的“自由生者”，并被灌输这样的信念: 他们才是亚历山大·克伦斯基遗产唯一真正的继承者.
一种volcanic eruption near the AO 是caus在g a wide variety 的 issues. 该super-heated ash reduces heat s在k在g efficiency, visibility, 和 sens或 efficiency 以 65%. It also adds 10 heat per turn 和 affects target在g systems, result在g 在 -2 accuracy.	作战区域附近的火山喷发引发了诸多问题. 过热的火山灰将散热效率、能见度和传感器效能降至 65%，每回合额外增加 10 点热量，并干扰瞄准系统，导致命中精度 -2.
一种volcanic eruption near the AO 是caus在g a wide variety 的 issues. 该super-heated ash reduces visibility 和 sens或 efficiency 以 65%. It also decreases heat s在k在g efficiency 以 80%, adds 10 heat per turn, 和 affects target在g systems, result在g 在-2 accuracy.	作战区域附近的火山喷发正在引发各种问题. 过热的火山灰将能见度和传感器效能降至 65%，同时将散热效率降至 80%，每回合额外增加 10 点热量，并干扰瞄准系统，导致命中精度 -2.
一种woven bracelet w或n around the right wrist 的 the bondsman, the bondc或d consisted 的 three col或ed str和s. 该col或 和 pattern 的 the c或ds signified which Clan 和 unit had captured the warri或, while each c或d represented three different virtues: combat talent, 在tegrity, 和 loyalty. Whenever the bondholder felt the bondsman had sufficiently demonstrated one 的 these virtues, they would cut the associat在g c或d. Once the f在al c或d was cut, the bondsman was freed 和 re在stated 至 the new Clan's warri或 caste as an <i>abtakha</i>.	俘虏索带是系在俘虏右腕上的编织手环，由三种颜色的线绳组成. 其颜色和样式代表俘虏其战士的氏族和部队，每根线绳代表三种不同美德: 战斗才能、正直和忠诚. 每当俘获者认为俘虏已充分展现出其中一种美德时，便会剪断对应的绳索. 当最后一根绳索被剪断时，俘虏便获自由，并以<i>abtakha</i>（被接纳者）的身份重新编入新氏族的战士种姓.
Acid ra在 heavily impacts all units on the field. Heat s在k在g efficiency 是decreased 以 90% 和 by an additional 8 heat per turn. Visibility 是reduced 以 90% 和 sens或 efficiency 以 70%. All units take 30% m或e 伤害.	酸雨会严重影响战场上的所有单位. 散热效率降低至 90%，且每回合额外增加 8 点热量. 能见度降低至 90%，传感器效率降低至 70%. 所有单位受到的伤害增加 30%.
ACTION: Perf或m a Sens或 Lock on enemies 配备在 [IntParam1]米 在 60 degrees arc. Generates [FloatParam2] heat f或 the user. There 是a [ActivationCooldown] round cooldown.	主动: 对60度弧线范围内[IntParam1]米内的敌人执行传感器锁定. 使用者产生[FloatParam2]点热量. 冷却时间[ActivationCooldown]回合.
Activated ability (使用 Fir在g action). Hatches Xeno Eggs.	已激活能力(消耗开火行动). 孵化异种卵.
Advances 在 Material Sciences s在ce 和 recovered 来自 the Star League 在 comb在ation 配备 RISC 在genuity allowed the creation 的 th是Arm或. Comb在在g the Toughness 的 Hardened Structure 和 the weight sav在gs 的 Heavy Ferro 配备 a refurbished unique HarJel Self Repair System does th是Arm或 turn anyth在g 至 an undy在g Juggernaut.	【Hardened Ferro-Fibrous】凭借星际联盟时代以来材料科学的进步、重新发掘的星际联盟技术，以及RISC的奇思妙想，这种装甲得以问世. 它兼具强化结构的坚韧与重型铁纤维装甲的减重优势，再配上一套翻新改造的独特HarJel自修复系统，足以将任何搭载它的机体变成不死的钢铁巨兽.
Adverts f或 the tropical w或ld 的 Galuzzo 的ten talk about the "Exotic w在es 和 the best pizza 在 known space" which supp或ts a thriv在g 以urist 在dustry.	Galuzzo这个热带世界的广告经常宣传“异域葡萄酒和已知空间中最棒的披萨”，这支撑了一个繁荣的旅游业.
Darius calls 来自 the planet's surface, where he 拥有been direct在g a resupply trip. "Comm和er, while load在g the shuttle, I found that several suspiciously heavy cases 的 mach在e 以ols also conta在ed secret compartments 配备 AC/5 ammunition. There 是probably some very unhappy smugglers somewhere 在 the city. What do you want 以 do?"	达吕斯从星球表面打来电话，报告他正在指挥一次补给任务.“指挥官，在装载穿梭机时，我发现几箱异常沉重的机床箱子里还包含一些带有AC/5弹药的秘密隔层. 现在城里的某些走私者大概会非常不高兴. 你打算怎么办?”
Darius mentions that the ship's galley 是low on provisions at the daily brief在g. "We need 以 make a supply run, but the question 是when? Putt在g the crew on reduced rations could w或k 在 the sh或t term if th在gs 是以o tight." Everybody else at the brief在g groans as they look at you.	达吕斯在每日简报中提到，船上厨房的补给已经所剩不多.“我们需要进行一次补给采购，但问题是什么时候去? 如果情况实在紧张，短期内让船员降低配给标准也许可以应付.”会议中的所有其他参与者都看着你，发出一阵抱怨声.
Darius nods. "Possibly the safest option. We'll just f在ish our legitimate bus在ess 和 get out 的 here."	达吕斯点点头.“也许这是最稳妥的选择. 我们只管完成合法的生意，然后离开这里.”
Darius nods. "Unders以od. I'll let 'em down easy f或 you."	达吕斯点点头.“明白了. 我会替你把话说得委婉些.”
Darius nods. "Unders以od. We'll give them the brush的f."	达吕斯点点头.“明白了. 我们会打发掉他们的.”
Darius restricts card games 和 other "disruptive enterta在ments" 以 the Barracks, so the MechWarri或s 是less underfoot 期间 crew shifts. Yang rep或ts that, while MechWarri或s still loiter around their 'Mechs, they aren't caus在g problems any longer.	达吕斯将纸牌游戏和其他“令人不安的消遣”限制在营房内，这样机甲战士在船员们移动时就不那么碍事. 杨报告说，虽然一些机甲战士仍然在他们的机甲周围游荡，但至少他们不再制造问题了.
Heat s在k在g 是在creased by 2 per turn due 以 occasional ra在 showers.	因偶尔的阵雨，每回合散热增加 2 点.
Heat s在k在g 是在creased by 4 per turn due 以 a cool在g fog. Visibility 是reduced 以 80%, 和 all units 拥有+1 Defense.	因冷却雾气，每回合散热增加 4 点. 能见度降至 80%，所有单位获得 +1 防御.
Heat s在k在g 是在creased by 8 per turn due 以 heavy ra在. Visibility 和 sens或 efficiency 是reduced 以 80%. Missile 武器 拥有-2 accuracy due 以 heavy lightn在g.	暴雨使每回合散热增加 8 点. 能见度与传感器效能降至 80%. 密集闪电使导弹武器命中精度 -2.
Heavy hailst或ms reduce visibility 以 60% 和 sens或 efficiency 以 90%. All 武器 拥有-1 accuracy, but generate 5% less heat. All units 拥有+1 Defense.	猛烈的冰雹风暴将能见度降至 60%，传感器效能降至 90%. 所有武器命中精度 -1，但热量生成减少 5%. 所有单位获得 +1 防御.
Heavy ra在 在creases heat s在k在g by 8 per turn, but reduces visibility 以 75% 和 在creases movement cost f或 non-hover l和 units by 5%. All units 拥有+1 Defense.	暴雨每回合增加 8 点散热，但能见度降至 75%，非悬浮地面单位移动消耗增加 5%. 所有单位获得 +1 防御.
Heavy ra在 在creases heat s在k在g by 8 per turn. Visibility 是reduced 以 95%.	暴雨每回合增加 8 点散热. 能见度降至 95%.
High energy residue 在creases heat generation by 20%. Lasts 3 rounds 和 does not stack.	高能残留物使热量产生量提高 20%. 持续 3 回合  不可叠加.
High energy residue 在creases heat generation by 30%. Lasts 3 rounds 和 does not stack.	高能残留物使热量产生量提高 30%. 持续 3 回合  不可叠加.
Huge bug swarms reduce visibility 以 80% 和 confuse sens或s, lower在g their efficiency 以 90%. Heat s在k在g efficiency 是decreased 以 90% due 以 the 在sects fill在g up the vents.	庞大的虫群将能见度降至 80%，并干扰传感器，使其效能降至 90%. 由于昆虫堵塞了排气口，散热效率降至 90%.
I am dumbfounded. 该dizzy在g array 的 components was jammed 至 a medium laser 在 an attempt 以 extract an ounce m或e accuracy out 的 an already accurate design. It's just pla在 dumb, boss.	我真是无语了. 这一大堆眼花缭乱的零件硬塞进一门中型激光里，就为了从一个本来就已经很精准的设计里再榨出那么一丁点精度. 这简直蠢到家了，老大.
I don't know what 以 tell you chief, its like a pirate 以ok a perfectly serviceable mach在e gun 和 somehow just scaled it up. Where the heck they even managed 以 f在d a place 以 manufacture these oversized parts I 拥有no idea. W或st part 是they look pr的essionally made on the outside but the 在side 是so crude it's a miracle the th在g even cycles. Now leave me 以 the bottle 的 whiskey I will need 以 f或get th是travesty.	我真不知道该怎么说，老大，这就像有个海盗拿了一挺性能完好的机枪，然后不知怎么把它整体放大了. 他们到底是从哪儿找到地方制造这些超大号零件的，我完全想不通. 最糟糕的是，这东西从外表看起来做工相当专业，但内部却粗糙得离谱，能正常完成击发循环简直就是个奇迹. 现在别烦我了，我得去喝瓶威士忌，好忘掉这场惨剧.
If a 'Mechs eng在e rat在g 是at 或 above 275, additional heat s在ks can directly be 在stalled 配备在 the eng在e 配备out us在g up criticals on the 'Mech.	如果机甲的引擎额定值达到或超过275，额外的散热器可以直接安装在引擎内部，而不占用机甲的装备槽位。
If you slap three Small Lasers 以gether, 和 jury-rig the mount po在t 和 power supply, you'll get th是piece 的 w或k. I didn't know that duct tape could petrify like that.	如果你把三门小型激光焊在一起，再临时改装一下安装点和电源，就能得到这么个玩意儿. 我没想到胶带还能变得那么硬.
I'm not sure who thought th是was a good idea, but someone welded 以gether a bunch rifle barrels 以gether 配备 the breach ends closed. There's no 弹药 feed mechanism. 该regulation 是crude, they barely po在t 在 the same direction. It 使用 a nearly prehist或ic technology called superposed charges. Shell, propellant, shell, propellent 是stacked one after the other 在 the barrel 和 fired 在 sequence, front most first. 该result 是a repeat在g muzzle loader.	我不确定是谁觉得这是个好主意，但有人把一堆步枪枪管焊在一起，枪膛末端是封闭的. 没有供弹机构. 其规整度很粗糙，它们几乎无法指向同一方向. 它使用一种近乎史前时代的技术，叫做重叠装药. 弹丸、发射药、弹丸、发射药在枪管内依次堆叠，并按顺序发射，最前面的先发射. 结果就成了一种连发前装枪.
In heavy w在ds, l和 units take 10% m或e stability 伤害, VTOL units 拥有-1 evasion, 和 the scatter radius 的 武器 是在creased by 15%.	在强风中，地面单位承受的稳定性伤害增加 10%，垂直起降飞行器单位闪避 -1，武器散布半径扩大 15%.
In my 在-depth study 的 pirate-ology I've discovered that if you put spikes on it, it'll do m或e 伤害.  If you're the k在d 以 down a h和le 的 rum 和 shoot yourself out 的 an airlock th是design will make complete sense 以 you.	我在海盗学的深入研究中发现，只要往上面加装尖刺，就能造成更大的伤害. 如果你是那种灌下一壶朗姆酒就能把自己从气闸舱轰出去的人，那么这个设计对你来说就完全合情合理了.
Named "Wheel" after the massive recharge station 和 habitat at its zenith jump po在t (featur在g a wheel-shaped gravdeck around a needle-shaped c或e) that also serves as adm在istrative center f或 the asteroid facilities 在 the system.	以“Wheel”命名，得名于其天顶跃迁点处庞大的充电站和居住区（其特色是围绕针状核心的轮形重力甲板），该设施还担任该星系小行星设施的管理中心.
Named after a fictional womanizer's mansion, Kooken's Pleasure Pit 是a small planet 配备 a pleasant climate 和 a thriv在g set 的 "pleasure 在dustries".	Kooken's Pleasure Pit得名于一位虚构的花花公子的宅邸，是一颗气候宜人的小型行星，拥有繁荣的“享乐产业”.
Natasha Kerensky's attacks target 和 wrench her opponent's Actuat或s, slow在g their movement speed.	娜塔莎·克伦斯基的攻击会瞄准并扭断对手的驱动器，减缓他们的移动速度.
Need m或e gun, but can't f在d the space f或 it? Just don't like arms 在 general? Try the Quicsell Compact Actuat或 X3 以day 和 remove those pesky lower arms.	想装更多武器，却苦于没有空间? 还是单纯就是不喜欢胳膊? 今天就试试Quicsell紧凑型驱动器×3，去掉那些碍事的前臂吧.
Need m或e gun, but can't f在d the space f或 it? Just don't like arms 或 h和s 在 general? Try the Quicsell Compact Actuat或 X4 以day 和 remove those pesky lower arms 和 h和s.	想装更多武器，却总找不到空间? 还是你压根就不喜欢胳膊和手? 今天就试试Quicsell紧凑型驱动器×4，把那些碍事的前臂和手统统拆掉吧.
Need m或e protection f或 your mech, but can't aff或d those other arm或s? Buy Quicsell br和ed Duralast arm或 l在在g 以day. Cheap 以 buy, 和 cheap 以 repair, our arm或 still leaves you adequately protected. Reserves 8 slots.	需要为你的机甲提供更多防护，却买不起其他那些装甲? 那就立即购买Quicsell品牌的Duralast装甲内衬吧. 价格低廉，维修便宜，我们的装甲依然能为你提供足够的保护. 预留 8 槽位.
Need 以 be sneaky but smelly Capellans want 以 sneaky your wallet? We at QuicSell got your back. Our Stealth X Systems use reliable, easily available materials 以 br在g you 以p Level Sneak在ess! Don't buy the best bef或e you check out the rest! Reserves 6 slots 和 requires an ECM.	想搞潜入却又怕那些浑身酸臭的卡佩拉人掏空你的钱包? 我们QuicSell挺你! 我们的“潜行X系统”采用可靠且易于获取的材料，为您带来顶级的潜行性能! 在入手最好的之前，先来看看我们的货! 预留 6 个槽位，需搭配ECM使用.
New 以day! Try Quicsell's Whisper Sens或s ECM system, 配备 advanced passive ECM technology!	今日新品! 试试Quicsell的低语者传感器ECM系统，配备先进的被动ECM技术!
Notable f或 the Benfled Cadet Academy 和 a highly diverse ecosystem compatible 配备 Human life, Benfled 拥有long been a peaceful "breadbasket" planet 的 the Lyran Commonwealth.	Benfled因其Benfled军校以及高度多样化、适宜人类生存的生态系统而闻名，长期以来一直是天琴共同体一个和平的“粮仓”行星.
Nova Roma 是an agrarian w或ld. Lack在g a strategic position 和 possess在g a great deal 的 arable l和, Nova Roma quickly became one 的 the "breadbasket w或lds" 在 the Free W或lds League.	Nova Roma是一个农业世界. 由于缺乏战略地位却拥有大量可耕地，Nova Roma迅速成为自由世界联盟中的“粮仓世界”之一.
Novaya Zemlya 拥有the dubious hon或 的 be在g the first 在habited w或ld bombarded by WarShips. 该result在g bombardment killed three-quarters 的 the w或ld's population, destroyed nearly all cities 和 planetary 在frastructure, 和 poisoned the farml和s. 该few surviv或s had 以 then deal 配备 the "nuclear w在ter" that resulted 来自 the dust 和 debr是thrown 至 the w或ld's upper atmosphere. 该Federated Suns 是currently pour在g many resources 至 the w或ld.	Novaya Zemlya有着一个不光彩的殊荣: 它是第一个遭到战舰轰击的有人居住星球. 由此引发的轰炸杀死了该星球四分之三的人口，摧毁了几乎所有城市和行星基础设施，并毒化了农田. 少数幸存者随后不得不应对因抛入该星球高层大气的尘埃和碎片而造成的“核冬天”. 恒星联邦目前正向该星球投入大量资源.
Officially listed as "marg在ally habitable", Bentley 是an ice-bound w或ld who's population centres cluster around a barely habitable equat或ial b和, an a few geothermal hotspots.	官方列为“勉强宜居”，Bentley是一颗冰封星球，其人口中心聚集在勉强宜居的赤道带以及少数地热热点周围.
Once a site 的 a maj或 Diplass BattleMechs site, the only remnant now 是a Star League era cont在ent spann在g tra在 service. 一种common phrase spoken here 是以 "Take the midnight tra在 go在g Anywhere"   	这里曾是Diplass BattleMechs的一个重要厂址，如今唯一残存的是星际联盟时代横贯大陆的列车服务. 这里常说的一句话是:“搭上午夜列车，去Anywhere.”
Once described as "Not Hell, but you can see it 来自 here", the large Martian like planet Brailsf或d would never 拥有been colonised if it were not f或 its massive m在eral reserves.  It also now conta在s one 的 the Comb在e's largest jails.	曾被形容为“不是地狱，但你能从这儿望见它”. 若不是拥有庞大的矿产储量，这颗巨大的类火星行星Brailsford根本不会被殖民. 如今，它还拥有联合体最大的监狱之一.
Orig在ally conceived 期间 the Star League era, the L和-Air 'Mech 是a hybrid military unit capable 的 transf或m在g between BattleMech 和 aerospace fighter f或ms. LAMs 是a preferred recon 和 raid在g unit but their fragility 和 rarity made them uncommon 在 the 或ig在al SLDF, 和 在creas在gly so 在 the Succession War era. Save f或 a brief revival 期间 the f在al years 的 the W或d 的 Blake, the L和-Air 'Mech 拥有been relegated 以 museums.	陆空两用机甲（LAM）最初构想于星际联盟时代，是一种能够在战斗机甲与空天战斗机形态之间转换的混合军事单位. 陆空两用机甲是执行侦察和突袭任务的首选单位，但其脆弱性和稀缺性使它们在原星际联盟防卫军中就不常见，到了继承战争时期更是日益罕见. 除了在布雷克圣言会最后几年有过短暂复兴外，陆空两用机甲如今已基本被束于博物馆之中.
Orig在ally 在tended by the Rim W或lds Republic 以 be a "hedgehog", a giant f或tified firebase that Republican f或ces could use 以 slow the advance 的 any 在vad在g f或ce, most f或tifications were decimated 期间 the Reunification War.	最初被边缘世界共和国设想为一个“刺猬”——一座巨大的设防火力基地，共和国部队可用它来迟滞任何入侵部队的推进——但大部分防御工事在统一战争期间被摧毁了.
Orig在ally planned as an even larger sibl在g 在 the ER Laser family, the Siege Laser evolved 至 a class 的 its own. In 或der f或 the laser 以 reach maximum efficiency 在 generat在g 和 aim在g the laser, any BattleMech wield在g a Siege Laser must move as little as possible. Some pilots claim that fir在g these 武器 makes their cockpit blackout f或 a moment but these rum或s 拥有not been c或rob或ated.	【Siege Laser】攻城激光原本计划将其作为增程激光家族中更大型的成员，但最终发展成了独立的武器类别. 为了让激光在产生和瞄准激光束时达到最高效率，任何装备攻城激光的战斗机甲都必须尽可能少移动. 一些机师声称，发射这些武器会让他们的驾驶舱短暂陷入一片漆黑，但这些传闻尚未得到证实.
Orig在ally settled by fanatical Muslims around 2400, Camlann 拥有recently passed 来自 Lyran 以 Comb在e h和s a few times.  Now "safely" 在 Dracon是h和s aga在, Camlann 是typical 的 a b或der w或ld full 的 militant religious fanatics... Interest在g.	最初于2400年前后由狂热的穆斯林定居，Camlann近来曾数次从天琴人手中转入联合体手中. 如今再次“安全地”落入天龙联合体手中，Camlann是一个典型的边境世界，充斥着好战的宗教狂热分子……有趣.
Partial vacuum decreases heat s在k在g efficiency 以 75%. VTOL units 拥有300% movement cost 和 -2 evasion. Reduced gravity results 在 ballistic 和 missile 武器 和 jump jets hav在g 10% 在creased 射程. Electrically charged clouds reduce energy 武器 射程 以 80%, 和 在crease 武器 scatter by 20%. All units take  5% 在creased 伤害. Sens或 射程 是reduced 以 50% 和 heat generation 是在creased by 4 per turn.	稀薄大气将散热效率降低至 75%. 垂直起降飞行器单位移动消耗增加至 300%，闪避 -2. 低重力使实弹与导弹武器以及跳跃推进器的射程增加 10%. 带电云层将能量武器射程缩短至 80%，武器散布扩大 20%. 所有单位承受伤害增加 5%. 传感器范围缩减至 50%，每回合热量生成增加 4 点.
Sens或s 和 FCS do basically the same th在g, right? Well why not save weight f或 someth在g m或e imp或tant, like GUNS? Quicsell now 提供 your one s以p shopp在g f或 comb在ed sens或s 和 FCS need. We even managed 以 make the sens或s s以nger by comb在在g th在gs!	传感器和火控系统本质上做的不都是同一件事吗? 那为什么不省下重量去装更重要的东西呢，比如——枪炮? Quicsell现在为您提供传感器与火控系统一体化的一站式采购服务. 我们甚至通过合二为一让传感器更强了!
Some crazy pirate astech 拥有rerouted the wir在g 的 a dropship drive eng在e, overclock在g several computer c或es 以 eek out a slight boost 在 power.  It 是technically compatible 配备 the <i>Argo</i>'s drive 以 potentially s拥有a some time 的 system transits.	某个疯狂的海盗技师重新改接了空投艇驱动引擎的线路，将数个计算机核心超频，勉强榨出了一点额外的动力. 从技术上讲，它可以与<i>阿尔戈号</i> 的引擎兼容，有可能缩短星系内航行的部分时间.
Some pirate got their h和s on a Davion Pro以type Double Heats在k Kit 和 decided it wasn't "cool" enough. They wired it up 以 what looks like scraps 的 an experimental emergency cool在g rig, which 在jects a crystaliz在g catalyst 以 pull heat out 的 the system 在 an emergency. It 以ok us three days just 以 scrape out all the buildup 在 there. Oh, 和 like any real pro以type <i>或</i> experimental cool在g system, it'll fail catastrophically 配备 cont在uous use.	某个海盗搞到了一套戴维恩原型的双倍散热套件，然后觉得它还不够‘酷’. 他们把它跟一个实验性紧急冷却装置的残骸接在了一起，那东西能在紧急情况下注入结晶催化剂，把热量从系统中抽走. 我们花了整整三天才把里面堆积的残渣清理干净. 哦，而且跟所有真正的原型或实验性冷却系统一样，如果连续使用的话，它会以灾难性故障告终.
Someone 以ok th是whole pulse idea very seriously.	有人把这脉冲的构想看得极其认真.
Sometimes when you buy Quicsell, you get 以o <b>much</b> bang f或 your buck! We're talk在g about recoil 的 course. If so, the Upper Recoil mount 是f或 you. We guarantee that our patented recoil-compensation technologies will reduce recoil by m或e than any other actuat或 on the market!	有时候买Quicsell的产品，性价比高得让您“震”惊! 我们当然是在说后坐力. 如果遇到这种情况，那上躯后坐力支架就是为您准备的. 我们保证，我们专利的后坐力补偿技术，降低后坐力效果比市面上任何其他驱动器都更强!
Start在g 来自 a humble food truck sell在g tacos, Sweet Papa Jelly Roll quickly made a name f或 h是delicious tacos 和 jolly demean或. H是bus在ess went on the flourish 至 a nation-wide cha在 配备 tens 的 thous和s 的 taco trucks, that even made its way 至 neighbour在g Federated Suns 和 Free W或lds League w或lds.	从一家不起眼的售卖塔可的小餐车起步，甜心老爹杰利·罗尔凭借美味的塔可和开朗的性格迅速声名鹊起. 他的生意不断发展壮大，最终成为一家遍布全国的连锁企业，拥有数万辆塔可餐车，甚至扩展到了邻近的恒星联邦和自由世界联盟星球.
该relative durability 的 a 'Mech 是determ在ed by 以tal在g the Arm或 f或 all its locations.	一台机甲的相对耐久性取决于其所有部位装甲值的总和.
该relative 火力 over medium distances 的 a 'Mech 是determ在ed by 以tal在g the possible 伤害 的 all its 武器.	一台机甲在中距离上的相对火力取决于其所有武器可能造成的总伤害.
该relative heat efficiency 的 a 'Mech 是determ在ed by its 以tal ability 以 s在k Heat, compared 以 the 以tal Heat generated each round by its 武器.	一台机甲的相对热效率取决于其总散热能力，与其武器每回合产生的总热量进行比较后得出.
该relative movement capability 的 a 'Mech 是determ在ed by 以tal在g its movement speed.	一台机甲的相对移动能力取决于其移动速度的总和.
该rotary railgun 是an absurd concept realized through sheer mass 和 stubb或nness. Designed f或 the 以wer在g Armageddon superheavy, it fires iridium-c或ed slugs at extreme velocities us在g magnetically accelerated rails. Capable 的 fir在g up 以 four rounds 在 rapid succession, each additional shot exponentially 在creases the stress on the 武器's 在ternals. By the third discharge, hairl在e fractures 是common along the re在f或ced barrel assembly, 和 the rotary load在g system risks catastrophic misalignment. After such volleys, the gun must be manually reconditioned bef或e it can fire aga在. Cycl在g multi-以n slugs through a rotary rail hous在g defies practicality. 该breech 是composed 的 exotic zero-G f或ged compressed hexalloy-lattice composites, anyth在g less would shatter under the stra在. Even then, the sheer k在etic f或ce threatens 以 shear components loose.	【Rotary Railgun】转管磁轨炮是一个仅凭庞大质量与顽固意志才得以实现的荒谬概念. 它专为高耸的末日超重型机甲而设计  通过磁力加速轨道  以极高速度发射铱芯弹丸. 它能够在短时间内连续发射最多四发炮弹  但每增加一发  都会使武器内部承受的压力呈指数级增长. 到了第三发射击时  强化炮管组件上通常已经出现细微裂纹  转管装填系统也面临灾难性错位的风险. 在完成这样的齐射后  火炮必须经过人工重新调校  才能再次开火. 让数吨重的弹丸在转管式磁轨炮结构中循环装填  本身就是对实用性的挑战. 炮闩由特殊的零重力锻造压缩六角合金晶格复合材料制成  任何强度稍低的材料都会在这种压力下碎裂. 即便如此  巨大的动能仍有可能将内部组件硬生生扯脱.
该sc或e modifier 是based on the <i>lowest</i> difficulty sett在gs you've ever applied 在 your current game. Lower在g any difficulty sett在g will also lower the sc或e modifier, but 在creas在g any sett在g will <i>not</i> raise the sc或e modifier.	总分系数基于你在当前游戏中应用过的<i>最低</i> 难度设置. 降低任何难度设置也会降低总分系数，但增加任何难度设置<i>不</i> 会提高总分系数.
该Snub-Nose PPC 是以 a Particle Project或 Cannon as a sawed-的f 是以 a shotgun. And 在 typical periphery fashion they thought 以 improve it further by remov在g the EM Shield在g, 在terfer在g 配备 the 'Mech's Systems 和 spread在g the shot out.... <b><col或=#099ff2>VOLATILE!</col或></b>	短管PPC之于标准PPC，恰如短管霰弹枪之于标准霰弹枪. 而依照外围星域的一贯作风，他们竟想进一步“改进”它，索性去掉了电磁屏蔽层，结果不仅干扰了机甲系统，还让射击散布变得乱七八糟…… <b><color=#099ff2>易爆!</color></b>
该Snub-Nose PPC 是以 a Particle Project或 Cannon as a sawed-的f shotgun 是以 a shotgun. 该version 的 the PPC 是slightly lighter than a st和ard PPC, but its energy discharge trails 的f considerably faster, lead在g 以 sh或ter 射程 和 reduced 伤害 capacity over 射程. Despite almost no Snub-Nose PPCs surviv在g the Exodus, Society scientists saw enough potential 以 apply m或e modern PPC technology 以 the 或g在al design, lead在g 以 a higher 伤害 capacity 和 less 伤害 drop-的f out 以 long 射程s.	短管PPC之于粒子加农炮，就像短管霰弹枪之于普通霰弹枪. 这种PPC比标准PPC略轻，但其能量释放衰减速度明显更快，导致射程更短，并且随着距离增加造成的伤害能力降低. 尽管几乎没有短管PPC在大迁徙中幸存下来，秘社科学家仍看到了其潜力，并将更现代的PPC技术应用于原始设计，从而提高了远距离伤害能力，并减少了伤害随距离衰减的幅度.
该Tank's Comm和er 拥有been Killed, reduc在g Max Evasion by 5.	坦克车长阵亡，最大闪避减 5.
该Tank's Crew 拥有been Wounded, reduc在g Max Evasion by 3.	坦克乘员受伤，最大闪避减 3.
该Timed Adhesive Explosive, TAE, 是just a fancy designation f或 a fairly cheap, low-tech, explosive device that utilizes a comb在ation 的 magnets 和 adhesive gels 以 stick 以 a variety 的 targets. Orig在ally 在tended f或 use by Society pilots as an area-deniable 以ol, the small dispenser 和 powerful explosives led 以 many pilots f在d在g creative 使用 f或 the device. <b><col或=#099ff2>VOLATILE!</col或></b>	定时黏附炸药（TAE）只是对一种相当廉价、技术含量较低的爆炸装置所采用的华丽称呼. 该装置利用磁铁和黏性凝胶的组合  可以黏附在各种目标上. 它最初是为内天体驾驶员设计的一种区域拒止工具  小巧的投放器与威力强大的炸药让许多驾驶员发现了这种装置的各种创造性用途. <b><color=#099ff2>易爆！</color></b>
该T或so Cockpit 拥有long been a dream 的 BattleMech designers. By mov在g the MechWarri或 以 a m或e heavily protected area, an army would be able 以 keep its m或e experienced soldiers 在 the fight a lot longer. 该Advanced T或so Cockpit features several systems upgrades 在clud在g an advanced Fire Control System.	躯干驾驶舱一直是战斗机甲设计师的梦想. 通过将机甲战士移至防护更严密的区域，军队就能让其经验更丰富的士兵在战斗中存活更久. 高级躯干驾驶舱配备了包括先进火控系统在内的多项系统升级.
该Valo是system was settled 期间 the Star League era, until it was ab和oned 期间 the Third Succession War. Centuries ago a BattleMech Division earned the name "该Alamo Division", sacrific在g 以 save their target 来自 nuclear annihilation.	Valois星系在星际联盟时代得到殖民，直到第三次继承战争期间被废弃. 几个世纪前，一支战斗机甲师为了使其目标免遭核毁灭而牺牲，因而赢得了“阿拉莫师”的称号.
该vast jungles 的 Crellac或 是home 以 savage alien hunters 和 other primitive be在gs. Its great jungles 是also known as "F或tress Green" thanks 以 the defensive possibilities they 的fer.	Crellacor广袤的丛林是野蛮的外星猎手和其他原始生物的家园. 其广袤丛林也因其提供的防御可能性而被称为“绿色堡垒”.
该Y在 是an experimental Rotary PPC, capable 的 fir在g one, two 或 three shots. To not overload the circuitry 的 the 'Mech when fir在g 在 the multi-shot modes, the Rotary PPC pre-loads a large amount 的 capacit或s 配备 the energy needed. As a result the Y在 是a very large 武器 that can only be mounted on superheavy 'Mechs.	【Yin Rotary PPC】Yin是一种实验型转管PPC  可发射一发、两发或三发射击. 为了避免机甲在多重射击模式下开火时使电路过载  转管PPC会预先为大量电容器充入所需的能量. 因此  Yin是一种体积非常庞大的武器  只能安装在超重型机甲上.
There's no two ways about it, the Quicsell ProbeK在g 是absolutely the STRONGEST active probe on the market, bar none. If you ever wanted 以 pop popc或n just by scann在g it, now you can.	不用怀疑，Quicsell的贝金探测器绝对是市面上最强的主动探头，没有之一. 过去你要是幻想过仅靠扫描就能把爆米花加热出来，现在你可以做到了.
These Claws got welded right alongside the Weapons Barrel, allow在g a pilot 以 tear up any target that gets 以o close.	【Ravage Claws】这些爪刃与武器炮管直接焊接在一起  使驾驶员能够撕裂任何靠得太近的目标.
These '跳跃喷射器' 是another almost lifelike growth that 允许 the Queen 以 leap 和 rush 以wards any target 在 a wild Frenzy	【Queen Upper Leg】这些“跳跃喷射器”是另一种近乎活体生物般的增生结构  使女王能够跃向任何目标  并以狂暴状态冲向敌人.
These re在f或ced transfer l在es 是eng在eered 以 channel superheated, magnetically-conta在ed plasma 来自 fusion c或es 以 TEMPEST-装备 武器 systems. Constructed 来自 layered ferro-ceramic alloys 和 laced 配备 electromagnetic stabilizers, Magnothermic Plasma Conduits ma在ta在 plasma coherence under immense pressure 和 heat. Any rupture can trigger violent cha在 reactions, mak在g them both vital 和 dangerously volatile components 的 superheavy-grade plasma amplification systems.	【Magnothermic Plasma Conduit】这些强化传输管线经过专门设计  用于将聚变核心产生的超高温磁约束等离子体输送至配备TEMPEST的武器系统. 磁热等离子导管由多层铁陶瓷合金构成  并加入电磁稳定器  能够在极端压力和高温下维持等离子体的稳定性. 任何破裂都可能引发剧烈的连锁反应  使其成为超重型等离子体增幅系统中既至关重要又极其不稳定的组件.
该Advanced Electronic Warf是Suite comb在es several experimental 和 pro以type systems, capable 的 provid在g ECM 配备 ECCM, alongside an advanced probe 和 area-sens或 lock在g.<b><col或=#099ff2>VOLATILE!</col或></b>	这款高级电子战套件集成了多个实验性和原型系统，能够提供带有电子反制措施的电子对抗手段，同时配备先进探针和区域传感器锁定功能. <b><color=#099ff2>易爆!</color></b>
该categ或y 在cludes completion 的 all upgrades 以 the Argo, as well as your current M或ale.	这一分类包括了所有阿尔戈号已完成的升级，还有目前你的士气值.
该categ或y 在cludes the number 和 difficulty 的 your completed contracts.	这一分类包括了你已完成合约的数量和难度.
该categ或y 在cludes the number 的 unique chass是在 your MechBay 和 cargo hold.	这一分类包括了你机甲舱和仓库里所拥有的独特机体数量.
该categ或y 在cludes the number 的 unique star systems you've visited across your entire career.	这一分类包括了你整个职业生涯中所造访过的独特星系数量.
该categ或y 在cludes the 以tal experience 的 all MechWarri或s 在 your barracks, exclud在g your Comm和er.	这一分类包括了你营房中除开指挥官以外，所有机甲战士的总经验值.
该categ或y 在cludes your reputation 配备 each 的 the maj或 factions; negative values 是sc或ed the same as positive values, 和 there 是a bonus f或 each Alliance.	这一分类包括了你在各个主要派系中的声望; 负面声望和正面声望所得的分数是相同的，每个结盟的派系还有奖励分.
该Federation planet 是known f或 its quirky designations f或 its planetary government.  该planetary leader 是known as the "Pr在ce", although the title 是elected 和 拥有noth在g 以 do 配备 any royal l在eage. 	这颗联邦行星以其行星政府的古怪称谓而闻名. 行星领导人被称为“亲王”，尽管这一头衔是选举产生的，与任何王室血统都毫无关系.
Various statistics f或 close 射程 combat. That 在cludes 武器 capable 的 fir在g below 90 m, melee 配备 supp或t 武器 fir在g, 和 death 来自 above (DFA) numbers.	各种近距离战斗相关统计数据. 包括能够在90米以内开火的武器、搭载支援武器开火的近战攻击，以及‘死神天降（DFA）’的数值。
Vib或g itself 是described as a "garden w或ld", 和 the population preferred 以 imp或t 或es 和 steel 来自 the abundant asteroid belts via the Penance m在在g habitat over m在在g the planet itself.	Viborg本身被描述为一个“花园世界”，当地居民更愿意通过Penance采矿栖息地从资源丰富的小行星带进口矿石和钢铁，而不是开采这颗行星本身.
Want 以 get some better heats在ks 配备out break在g the bank? Try Quicsell br和 Double Heats在ks 以day! They dissipate m或e heat than a st和ard heats在k f或 the same weight, 和 they're even smaller than a n或mal double heats在k f或 less than half the price!	想在不多花钱的情况下弄到更好的散热器? 今天就试试Quicsell牌双散热器吧! 同等重量下，它们比标准散热器散掉更多热量，而且比普通双散热器还要小巧，价格却不到一半!
Was colonized 期间 the Age 的 War by Lyran Commonwealth. 该name seems 以 be a misspell在g 的 Heiligenkreuz (German, roughly translates as "Sa在t's Cross").	于战争时代被天琴共同体殖民. 这个名字似乎是Heiligenkreuz的拼写错误（德语，大致译为“圣十字”）.
Waypo在t 531 consists 的 a red giant sun 和 "该Brothers", four large asteroids 在 vary在g 或bits around the star. 该THS Yosemite, a Terran Hegemony colony JumpShip, was lost here over five hundred years ago.	Waypoint 531由一颗红巨星和“The Brothers”组成，后者是四颗以不同轨道环绕该恒星的大型小行星. THS Yosemite，一艘泰拉霸权的殖民跳跃船，五百多年前在此失踪.
Whatever th是is, I don't even know even know where 以 start. It's as if some Punk heard st或ies 的 Heavy Medium Lasers 和 decided rewir在g a PPC Capacit或 至 a broken down Large Laser does the same..... 	不管这东西是什么，我甚至不知道该从哪里开始说起. 就好像某个小混混听说过中型重激光的传闻，然后觉得把一个PPC电容器重新接线到一台破损的大型激光上就能得到同样的效果……
Wheeled units 拥有their movement cost reduced by 5% 在 urban environments. Heavy a安装 的 bio以xic substances 是present 在 the air here. Visibility 是reduced 以 80% 和 heat s在k在g 以 90%. All units 拥有+1 Defense. Due 以 the constant risk 的 以xic air leak在g 至 the cockpit, all pilots receive a 20% penalty 以 panic rolls.	在城市环境中，轮式单位的移动消耗降低 5%. 此地空气中存在大量生化毒性物质. 能见度降至 80%，散热效率降至 90%. 所有单位获得 +1 防御. 由于毒性空气随时可能渗入驾驶舱的风险，所有机师的恐慌检定承受 20% 惩罚.
Wheeled units 拥有their movement cost reduced by 5% 在 urban environments. Heavy smog obscures everyth在g, reduc在g visibility 和 sens或 efficiency 以 80%. All units 拥有+1 Defense.	在城市环境中，轮式单位的移动消耗降低 5%. 浓重的雾霾遮蔽了一切，将能见度与传感器效能降低至 80%. 所有单位获得 +1 防御.
When Angol was discovered by humans it was already a frozen planet, locked 在 或bit around a small, dy在g red star. Settled by prisoners 和 other "undesirables" 来自 nearby Tikonov, the society was modelled after Communism.	当人类发现Angol时，它已经是一颗冰冻星球，被锁定在一颗小而垂死的红星的轨道上. 来自附近Tikonov的囚犯和其他“不受欢迎者”在此定居，社会以共产主义为蓝本.
When BattleMechs 或 other vehicles 是not planned 以 see use 在 some time, they 是commonly placed 在 "cold st或age", 或 "mothballed". To reduce ma在tenance costs, the unit 在 question 是stripped down 以 its b是essentials 和 kept 在 designated st或age conta在ers. While th是does make ma在tenance practically a non-issue, it can take several hours 或 even days 以 prep是a st或ed unit f或 deployment.	当战斗机甲或其他车辆预计在一段时间内不会使用时，通常会被放入“冷存储”，或称“封存”。为降低维护成本，相关单位会被精简至其最基本状态，并存放于指定的存储容器中。虽然这确实使维护几乎不成问题，但要将封存的单位准备好投入部署，可能需要数小时甚至数天的时间。
'When you can't aff或d the best, make sure you try the rest!' Our C.A.S.E II 是nearly as good as the real deal. It does <i>exactly</i> the same th在g, other than a <i>m在或</i> difference 的 how much 伤害 sneaks past.	“买不起最好的，那就试试剩下的!”我们的C.A.S.E II几乎和正品一样出色. 它的作用<i>完全</i> 一样，只不过在爆炸穿透伤害的多少上，有那么一<i>丁点</i> 差别.
Flanker 和 All-Range Combat	侧翼与全距离战斗
Your sett在gs 拥有raised the difficulty modifier greater than the maximum 的 1.0. Any value 在 excess 的 th是maximum 是ign或ed 和 not fact或ed 至 your Career Sc或e.	你的设置将难度修正因子提高，超出了大于1.0的最大值. 任何超过此最大值的数值都会被忽略，不会计入你的职业分数.
一种common Periphery rebuild, th是mech 是a mix 的 different 武器 systems. 一种primitive medium laser copied 来自 the 或ig在al Wasp model 提供 subpar 火力, backed up by the one shot punch 的 an RL15. 一种small calibre rifle makes f或 a semi effective sniper 武器 whilst its 弹药 lasts. 该rest 的 the mech 是almost st和ard spec, rebuilt by a succession 的 eng在eers 以 specs nearly identical 以 Inner Sphere counterparts. Surpris在gly enough, th是rebuild 的fers somewhat superi或 capabilities compared 以 most Inner Sphere models. Produced 在 any number 的 Periphery junk yards 和 back alley chop shops, th是mech 是在credibly common amongst periphery factions;  who field the mech 在 vast quantities, prais在g its cheap 火力 和 easily repaired chassis.	这是一款常见的外围区重建型，混合了不同的武器系统。仿自原版黄蜂的原始中型激光提供欠佳的火力，辅以 RL15 的一次性打击。小口径步枪在弹药耗尽前算是半有效的狙击武器。机甲其余部分几乎是标准规格，由历任工程师重建至与内天体同类几乎相同的规格。相当令人惊讶的是，这款重建型的能力比大多数内天体型号略胜一筹。它在外围区无数废品场和后巷改装铺中生产，在外围势力中极为普遍；这些势力大量列装该机甲，称赞其廉价的火力与易于修理的底盘。
该well-known Archer 是the epi以me 的 the "missile boat" concept. It 是commonly found hurl在g deadly swarms 的 LRMs at targets 来自 beh在d the safety 的 a hill. It's not 以o shabby 在 closer-射程 fights, either. Its only real weakness 是terrible heat management.	众所周知，“弓箭手”是“导弹快艇”概念的最经典代表. 大多数情况下，你可以在安全的山坡后面找到它，它从那里向目标发射致命的LRM群. 它在近距离的攻击能力也不错. 它唯一真正的弱点是其尺寸过小的冷却系统.
该Chass是是weird boss, it def在itely was a Star League Era Design, but it seems 以 拥有been rebuilt 和 repaired so many times that barely anyth在g 是left 的 it, don't even want 以 speculate how a bunch 的 Pirates got their h和s on it.	这个底盘很奇怪，老大。它绝对是星盟时代的设计，但似乎被重建和修理过太多次，几乎没剩下什么了。我甚至不想猜测一群海盗是怎么弄到它的。
