Your company is relatively untested by the Alyina Mercantile League. While we are aware of your reputation elsewhere, we approach such contracts cautiously. Initial deployments will include a close evaluation period to ensure your reliability aligns with our standards.	你们的公司对阿利纳商业同盟而言尚属未经检验。我们了解你们在别处的名声，但签订此类合约时向来谨慎。初次部署将包含一段密切评估期，以确保你们的可靠性与我们的标准相符。
While your execution met acceptable standards, certain inefficiencies highlighted areas for improvement. We hope your next engagement will address these concerns, proving your adaptability and commitment.	你们的执行虽达到可接受标准，但某些低效之处凸显了改进空间。我们希望你们的下一次任务能解决这些问题，证明你们的适应力与担当。
Your company has served us multiple times and your competence is evident, though minor setbacks in coordination and initiative have occasionally hindered operations. That said, your efforts have supported League goals, warranting continued engagement.	你们的公司已多次为我们效力，能力有目共睹，尽管协同与主动性上的小挫折偶尔妨碍了行动。话虽如此，你们的努力支持了同盟的目标，值得继续保持合作。
Your company has demonstrated consistent dedication and skill during your tenure with the Alyina Mercantile League. Notable contributions in securing critical assets, coupled with your professionalism, have made you a valued resource in our operations.	在你们为阿利纳商业同盟效力期间，贵公司展现了始终如一的投入与技艺。在保障关键资产上的显著贡献，连同你们的专业素养，使你们成为我们行动中可贵的资源。
Commander, {COMPANY.CompanyName} has become a cornerstone of our military strategy. Your efforts have proven critical in thwarting pirate and other factions incursions and defending League interests. We rely on your expertise as an integral part of our defense network.	指挥官，{COMPANY.CompanyName}已是我们军事战略的基石。你们的努力在挫败海盗及其他势力的入侵、捍卫同盟利益方面至关重要，是我们防御网络不可或缺的一环。
Few mercenaries have achieved the level of success {COMPANY.CompanyName} has within the League. Your unwavering loyalty, superior tactics, and ability to train Militia personnel have significantly bolstered the AML's defensive capabilities. {COMPANY.CompanyName} is highly regarded.	很少有雇佣兵能取得{COMPANY.CompanyName}在同盟中所达到的成就。你们坚定不移的忠诚、高超的战术和训练民兵的能力，极大地强化了阿利纳商业同盟的防御能力。{COMPANY.CompanyName}备受推崇。
Commander, {COMPANY.CompanyName} represents the very best the MRBC has to offer. Your contributions have been instrumental in shaping the Alyina Mercantile League's security. We turn to you first when a critical mission arises, as your reliability is unmatched, and your successes speak for themselves.	指挥官，{COMPANY.CompanyName}代表着雇佣兵评议会的最优秀水准。你们的贡献在塑造阿利纳商业同盟的安全格局上发挥了关键作用。有重大任务时，我们首先想到的就是你们，因为你们的可靠无可比拟，你们的成就自有明证。
Commander, your team has exceeded expectations, securing our objectives with precision and professionalism. The Alyina Mercantile League is impressed by your performance, and we are eager to continue working with {COMPANY.CompanyName} on future operations.	指挥官，你们的团队超出了预期，以精确和专业完成了我们的目标。阿利纳商业同盟对你们的表现在印象深刻，我们渴望在未来的行动中继续与{COMPANY.CompanyName}合作。
Commander, while the mission didn't succeed, your company's efforts were commendable. The League understands that unforeseen challenges played a significant role, and we appreciate your good-faith actions under difficult circumstances. This won't affect our consideration for future opportunities.	指挥官，任务虽未成功，但贵公司的努力值得称赞。同盟明白，无法预见的挑战起了很大作用，我们感谢你们在困难处境下的善意行动。这不会影响我们对未来机会的考虑。
Commander, the Alyina Mercantile League cannot overlook the conduct of your company on this mission. Failures stemming from negligence or disregard for the contract have jeopardized League assets. You will need to undertake significant steps to address these shortcomings, or our partnership will be on hold.	指挥官，阿利纳商业同盟无法忽视贵公司此次任务的所作所为。因疏忽或无视合约而造成的失败，已经危及同盟的资产。你们必须采取重大措施弥补这些缺陷，否则我们的伙伴关系将暂时中止。
I don't know why we bother offering you contracts, to be perfectly honest. It's obvious you're not a friend to the Amaris Empire and most likely an SLDF spy. Regardless, we find ourselves in desperate times, so we have to scrape the bottom of the barrel.	说实话，我不知道我们何必费心给你合约。你显然不是阿马里斯帝国的朋友，多半还是星际联盟防卫军的间谍。尽管如此，我们眼下处境艰难，所以只能到桶底去刮渣了。
The Amaris Empire has a use for mercenaries like you, Commander. I think you'll be interested in the attached contract. It would be in your best interests that we come to a mutually beneficial agreement.	阿马里斯帝国用得上你这样的雇佣兵，指挥官。我想你会对随附的合约感兴趣。达成一项互利协议，对你我都有好处。
The Amaris Empire would like to offer you a choice contract, Commander. As the leader of a respected mercenary company, you should find the terms fair.	阿马里斯帝国想向你提供一份精选合约，指挥官。作为一支受尊敬的雇佣兵公司的首领，你应该会觉得条款公道。
Commander, I hope this message finds you well. The people of the Amaris Empire would like to extend a contract to you, as you have proven the value for your skills. Please consider it carefully.	指挥官，愿此信送达时您一切安好。阿马里斯帝国的人民想向您提供一份合约，因为您已经证明了自身才能的价值。请仔细考虑。
Greetings, my friend. This contract is not one we would offer to a lesser mercenary, but you've proven your loyalty, prowess, and dedication to the ideals of the Amaris Empire. I hope you'll accept our offer.	你好，我的朋友。这份合约我们不会提供给次一等的雇佣兵，但你已证明了自己对阿马里斯帝国理想的忠诚、勇武与奉献。希望你能接受我们的提议。
We both know the score, Commander. The Empire relies on you like you're one of our own, and you've always been there to help us out. I hope you can see fit to agree this time as well — this is a job too important for lesser warriors.	我们彼此心知肚明，指挥官。帝国倚重你，待你如自己人，而你也总在需要时伸出援手。希望这次你同样可以应允——这份活儿太重要，不能交给庸手。
Top-tier work, Commander — The Empire is most pleased with your results. Keep it up, and I'll make sure a lot more work comes your way.	一流的活计，指挥官——帝国对你的成果非常满意。继续保持，我会确保有更多活儿找上你。
The Amaris Empire understands that sacrifice on the battlefield doesn't always translate to victory. You've made a valiant, yet ineffective effort. We trust you will do better for the next battle.	阿马里斯帝国明白，战场上的牺牲并不总能换来胜利。你已付出了英勇却收效甚微的努力。我们相信下一场战斗你会做得更好。
Your performance was appalling, Commander. Your efforts on the battlefield were no better than a rural militia, and not indicative of the leader of a reknowned mercenary company.	你的表现令人震惊，指挥官。你在战场上的发挥连乡间民兵都不如，根本不像一支著名雇佣兵公司的首领。
In the Arc-Royal Liberty Coalition, we value honor above all. While your past may lack this virtue, we offer you a chance to earn both honor and payment. Prove your worth on the battlefield, and past misdeeds may be forgiven.	在弧光自由同盟，我们最看重荣誉。虽说你的过去或许缺乏这一美德，但我们给你一个同时赢得荣誉与报酬的机会。在战场上证明你的价值，过往的过失或可被宽恕。
Mercenaries like you have the courage to face dangers that others might avoid. Join our cause, MechWarrior—fight alongside us, and be rewarded for your bravery and skill.	像你这样的雇佣兵有勇气直面他人避之不及的危险。加入我们的事业吧，机甲战士——与我们并肩作战，你的勇敢与技艺将得到报偿。
Opportunities arise for those willing to seize them. This contract may suit your current standing, offering both challenge and reward. If you're prepared to fight for compensation, the Coalition is prepared to engage your services.	机会总是留给愿意把握它的人。这份合约或许正合你目前的处境，既有挑战也有回报。若你准备好为报酬而战，同盟也准备好雇用你的服务。
Greetings, Commander. The Arc-Royal Liberty Coalition has a mission that aligns with your expertise and promises substantial reward. Success in this endeavor will not go unnoticed by our leadership	您好，指挥官。弧光自由同盟有一项与您的专长相符、且报酬丰厚的任务。此举若成，我们的领导层定会注意到。
Commander, your esteemed reputation has reached us. The Coalition values such talent and compensates skill and loyalty generously. We invite you to join our efforts.	指挥官，您的美名已传至我们耳中。同盟看重这样的才干，对技艺与忠诚向来慷慨酬谢。我们邀请您加入我们的事业。
Commander, I trust this message finds you well. The Arc-Royal Liberty Coalition has noted your exemplary service and believes this mission aligns with your expertise. We continue to offer competitive compensation for your skills.	指挥官，愿此信送达时您一切安好。弧光自由同盟已注意到您的卓越表现，并相信这项任务与您的专长相符。我们仍会为您的才干提供有竞争力的报酬。
Esteemed ally, the Arc-Royal Liberty Coalition extends warm regards. We seek your valued services once more and assure you that your loyalty and expertise will be rewarded accordingly.	尊敬的盟友，弧光自由同盟向您致以诚挚问候。我们再次寻求您宝贵的效力，并向您保证，您的忠诚与专长将得到相称的回报。
Success breeds strength, and today you have contributed meaningfully to the Coalition's enduring resilience. Excellent work, Commander. The Arc-Royal Liberty Coalition recognizes and values your efforts.	成功孕育力量，今日您为同盟持久的韧性作出了切实贡献。干得漂亮，指挥官。弧光自由同盟认可并珍视您的努力。
In the Coalition, setbacks are opportunities to learn and rise stronger. While the mission did not succeed, your resolve and effort are noted, Commander. We trust you will regroup and return to prove your mettle.	在同盟，挫折是学习与变得更强的机会。任务虽未成功，但您的决心与努力我们看在眼里，指挥官。我们相信您会重整旗鼓，归来证明自己的胆识。
Failure is an unacceptable outcome, but a lack of discipline is worse. Commander, your performance fell short of Coalition standards, undermining our trust. Reflect on this and ensure future actions demonstrate both competence and commitment.	失败是不可接受的结果，但缺乏纪律更糟。指挥官，您的表现未达同盟标准，动摇了我们的信任。请反思此事，确保今后的行动能同时体现能力与担当。
I mourn our friendship of old, Commander. I don't know what led you away from us, but for the sake of our old allegiance, the Restoration offers you this contract. Please… come back to us.	我为昔日的友谊而哀悼，指挥官。我不知道是什么让你离开了我们，但看在旧日情谊的份上，复国军向你提供这份合约。求你……回到我们身边。
I know you've already done so much for us, but we need your skills, Commander. With this, we gain a great advantage for the Restoration—and you gain a payday, like always.	我知道你已为我们做了太多，但我们需要你的本事，指挥官。接下这个，复国军便能占得大优势——而你也照例能拿到一笔进账。
We've come a long way together, old friend, but I fear I have yet another favor to ask of you. Our fortunes are married together—aid us, and we will aid you, as it's always been. We would not ask this of a lesser ally.	我们一起走了很长的路，老朋友，但恐怕我又得请你帮个忙。我们的命运早已绑在一起——你助我们，我们便助你，一如既往。这种请求我们不会向次一等的盟友提出。
You are a villain and a scoundrel, and you are unworthy of even the slightest consideration. Even so, our own forces are greatly weakened at this moment—so we're willing to entertain employing you.	你是个恶棍、无赖，连一丁点尊重都不配。即便如此，我方此刻兵力大损——所以我们才愿意考虑雇佣你。
Our influence spreads, as do our garrisons. Your help has been invaluable in this, Commander—and we would like to offer you more work, providing you are not already overwhelmed. Let us know soon, please.	我们的影响力与驻军一同扩张。此事上你的帮助居功至伟，指挥官——我们想再提供些活儿给你，只要你别太忙不过来。请尽快告知。
Good work, commander. You continue to impress me. House Espinosa - no, all Aurigan people - are in your debt.	干得好，指挥官。你一次次让我刮目相看。埃斯皮诺萨家族——不，全体奥里根人都欠你一份情。
As much as the Axumite Providence is loath to deal with infidel, we have need of mercenaries, and you are here.	尽管阿克苏迈特天意国极不愿与异教徒打交道，但我们有用得上雇佣兵之处，而你恰好在此。
The Axumite Providence has a contract that you may be competent enough to fulfill, insha'Allah.	阿克苏迈特天意国有一份合约，凭你的本事，但愿真主许可，足以胜任。
Hello Commander.  We hope you can assist us in a small matter that requires a suitable mercenary force.	你好，指挥官。我们希望你能协助我们处理一桩小事，这需要一支合适的雇佣兵部队。
Peace be unto you Commander.  We have heard you are a competent mercenary, and we would like present this contract for your consideration.	愿平安与你同在，指挥官。我们听说你是位能干事的雇佣兵，特此呈上这份合约供你考虑。
Peace be unto you and so may the mercy of Allah and his blessings, friend of the Axumites.  You have served us well in the past, and we offer this contract in the hopes this relationship will continue to grow.	愿平安与你同在，愿真主的慈悯与福泽也与你同在，阿克苏迈特人的朋友。你过去一直为我们效力得很好，我们献上这份合约，期望这段关系能继续加深。
Allah's blessings upon you, my friend.  We have need of your services once again, and in consideration of your past services to the Axumite Providence, we have a profitable contract for you today.	愿真主赐福于你，我的朋友。我们再次需要你的效力，念及你过去为阿克苏迈特天意国所作的贡献，今天我们有一份有利可图的合约给你。
Allah bless you, and the Prophet Mohammad for guiding you back to us, my brother.  Once again we have a profitable contract for you, honoured friend, one we would entrust to no other.	愿真主赐福于你，也愿先知穆罕默德指引你回到我们身边，我的兄弟。我们再次为你备下一份有利可图的合约，尊敬的朋友，一份我们绝不托付他人的合约。
Allah be praised, for it is by his will that you have completed this task for us.  Full payment has already been transferred to you for your services.	赞美真主，正是凭借他的意旨，你为我们完成了这项任务。你效力的全额报酬已经转入你的账户。
It is unfortunate that you were unable to complete the task, however as Allah is merciful, so are we.  Perhaps we expected too much of you this time, and we hope you are able to perform better if we call upon you again.	你未能完成这项任务，实属遗憾，但真主慈悲，我们亦如此。或许这次是我们对你期望过高，若再度相召，我们希望你能表现得更出色。
Infidel, I hope you do not expect payment for your pathetic performance.  Know that you have insulted the Axumite Providence with your cowardice.	异教徒，希望你别指望为你那可怜的表现索取报酬。你要知道，你的怯懦已经羞辱了阿克苏迈特天意国。
In an earlier era, House Calderon would have had you killed rather than offer you a contract. Unfortunately, we don't live in that earlier era—and also, we need a disposable soldier. Accept or not; I don't care.	换作早年间，卡尔德隆家族会直接杀了你，而非向你提供合约。可惜我们不在那个年代——况且，我们需要一个用完即弃的兵。接不接随你，我不在乎。
This contract may be of interest to you, Commander. The Calderon Protectorate believes it within your ability to complete, and in times like these, we are willing to pay you well to see it done. Please let us know.	这份合约或许会让你感兴趣，指挥官。卡尔德隆保护国相信你有力完成，而在这样的世道，我们愿意出重金把它办成。请告知我们。
Hello, mercenary. The Calderon Protectorate values our relationship, and so we would like to offer you first right of refusal on this contract. The job is simple, and the pay adequate. We know it to be within your capabilities as well.	你好，雇佣兵。卡尔德隆保护国珍视我们的关系，因此想给你这份合约的优先拒绝权。活儿简单，报酬也过得去，我们也知道这在你的能力范围内。
House Calderon would once again like to call upon you, our faithful janissary, ready to wage war in our name wherever we ask. Once more we ask you to join the fray on our behalf—and as always, we value your loyalty.	卡尔德隆家族再次相召，我们忠诚的禁卫军，随时准备听凭我们号令、以我们的名义开战。我们再一次请你代我们投身战阵——而一如既往，我们珍视你的忠诚。
Commander, your constant desire to take up contracts against our poor nearly defenseless worlds is going to end up with the genocide of our society!  Please help us with this small task, and save our children from slavery.	指挥官，你总爱接下针对我们这些贫穷、几乎不设防的世界的合约，这终将导致我们整个社会的灭绝！请帮我们完成这桩小任务，把我们的孩子从奴役中救出来。
Commander, the Nueva Castile are but a few small planets desperately wishing to remain independent.  Please stop fighting against us, and instead help us with this task.	指挥官，新卡斯蒂利亚不过是几颗拼命想要维持独立的小行星。请别再与我们为敌，转而帮我们完成这项任务吧。
Commander, if you have been attacking the planets of Nueva Castile for money, we can offer you similar contracts that will preserve our independence, and I beg you to consider this one.	指挥官，若你攻打新卡斯蒂利亚的星球是为了钱，我们能提供报酬相当、又能保全我们独立的合约，恳请你考虑这一份。
Welcome to Nueva Castile, Commander.  I have a task for you to undertake, if you would like to help preserve our independence.  You will of course be adequately compensated for your efforts.	欢迎来到新卡斯蒂利亚，指挥官。若你愿意帮助我们维持独立，我有一项任务交给你。你的付出自会得到充分的报酬。
Thank you again for your help in protecting Nueva Castile's independence, Commander.  We would like to employ you once more to defend our sovereignty and independence, if you are able?	再次感谢你协助保护新卡斯蒂利亚的独立，指挥官。若你方便，我们想再度聘请你捍卫我们的主权与独立。
Welcome friend of Nueva Castile.  You have helped us many times in the past, and hope you can take on this contract to assist us in preserving our independence once more.	欢迎你，新卡斯蒂利亚的朋友。你过去已多次相助，希望你接下这份合约，再度协助我们维持独立。
A thousand blessings upon your head, Shield of Nueva Castile.  You have done so much for us I feel embarrassed to ask for your help again, however I assure you that you will be well paid for your efforts.	愿千般福泽加诸你身，新卡斯蒂利亚之盾。你为我们做得太多，我都不好意思再求你相助，但我向你保证，你的付出会得到丰厚报偿。
Thank you Commander, we would be lost without you.  Payment for your help has already been transferred to your account.	谢谢你，指挥官，没有你我们早就完了。你应得的报酬已经转入你的账户。
Commander, we appreciate all the help you can provide, but we are not wealthy enough to pay you in full for a partial completion of the contract.	指挥官，我们感激你能提供的所有帮助，但我们并不富裕，无法为一份只完成部分的合约支付全额报酬。
Commander, the children of Nueva Castile are being enslaved as we speak due to your inability to complete this task.  Please don't harm our relationship further by seeking payment.	指挥官，正因为你无法完成这项任务，新卡斯蒂利亚的孩子们此刻正被卖为奴隶。请不要再索要报酬，进一步伤害我们的关系。
Commander, you have already crushed our armed forces beneath the feet of your 'Mechs.  Please, if you want credits, we are quite capable of paying for you to fight for us instead of against!	指挥官，你已用机甲的脚步碾碎了我们的武装力量。求你，若你想要星币，我们完全付得起，让你为我们而战，而不是与我们为敌！
Commander, we are unable to compete against your mighty 'Mechs.  Please, take on this contract and spare us further damage!	指挥官，我们无力与你那些强悍的机甲抗衡。求你接下这份合约，别再让我们遭受更多损失！
Commander, you have proven we are no match for your 'Mechs.  Please help us to regain power in this area by taking up this task for us, and we will pay you well.	指挥官，你已证明我们斗不过你的机甲。请接下这项任务，帮我们夺回此地的控制权，我们会给你丰厚报酬。
Commander, I hear you have 'Mechs in your dropship?  If so, we would like to contract you to undertake a task for us, one we will both find profit in.	指挥官，听说你的空投艇上有机甲？若有，我们想雇你为我们办一件事，一件你我都将获益的事。
Commander, you have assisted us in the past, and I hope that we can come to an arrangement regarding another task we would like you to perform.	指挥官，你过去曾协助过我们，希望我们能为另一项想交托给你的任务达成安排。
Hello again Commander.  Your 'Mechs are a force to be reckoned with, and we would like to contract you to perform another task for us.	又见面了，指挥官。你的机甲是一股不可小觑的力量，我们想雇你再为我们办一件事。
Greetings my dear friend.  You and your 'Mechs have aided us so often in the past, when this highly profitable contract came up I saved it just for you.	你好，我亲爱的朋友。你和你的机甲过去已多次相助，所以当这份利润丰厚的合约出现时，我特意为你留着。
Thank you Commander, you have crushed the enemy with your mighty 'Mechs.  Payment for your help has already been transferred to your account.	谢谢你，指挥官，你用强悍的机甲碾碎了敌人。你应得的报酬已经转入你的账户。
Commander, we expected more from you seeing as you had a full lance of 'Mechs.  However, you did complete some of the tasks required, so I have transferred a partial payment.	指挥官，你有一整支机甲小队，我们本对你期望更高。不过你确实完成了部分要求，所以我转入了一笔部分报酬。
Seriously Commander, my armies perform tasks like this all the time, with nothing but tanks and infantry; and you and your 'Mechs failed!  You must not have tried, and I won;t pay you anything!	说真的，指挥官，我的部队光靠坦克和步兵就经常完成这类任务；而你带着机甲却搞砸了！你肯定没尽力，我一个子儿都不会付你！
Please Commander, we are but poor farmers trying to survive, and we suffer greatly because of your past actions.  We beg of you to undertake this small task against those who would oppress us.	求你了，指挥官，我们不过是挣扎求生的穷苦农夫，你过去的所作所为已让我们苦不堪言。我们恳求你接下这桩小任务，去对付那些想压迫我们的人。
Commander, we can offer you contracts that match our rivals.  We beg you, please don't prey on us any more, but instead work with us by accepting this contract.	指挥官，我们能提供与我们的对手相当的合约。我们求你，别再以我们为猎物，而是接下这份合约，与我们合作。
Commander, you have defeated us in combat before, so we know you are a competent mercenary unit.  Please take this contract on, and let us work together rather than against each other.	指挥官，你曾在战斗中击败过我们，所以我们知道你是支能打的雇佣兵部队。请接下这份合约，让我们携手合作，而非彼此为敌。
The duly elected government of the Circinus Federation have a contract for a mercenary group of your calibre, if you are interested.	瑟西努斯联邦的民选政府有一份合约，提供给像你们这样水平的雇佣兵部队，若你们有兴趣的话。
You fight well Commander, and we've both benefited from our relationship in the past.  I have another contract for you, which will benefit us both.	你打仗很在行，指挥官，我们双方过去都从这段关系中获益。我这还有一份合约给你，对你我都好。
Ahoy Commander, it's good too see you again.  I've got another job for you, one where a good bit of loot, err I mean profit, can be had.	你好啊，指挥官，很高兴再见到你。我这又有一份活儿给你，能捞不少战利品，呃我是说利润。
Ahoy Matey!  It's good to see you again, and I have a really juicy job for you with plenty of loot to be had!	嗨，伙计！很高兴再见到你，我这儿有份肥差给你，战利品多得是！
Well done matey!  You finished off that contract easily, and your share of the loot, err, I mean payment, is already in your account.	干得好，伙计！你轻轻松松就了结了那份合约，你那份战利品，呃，我是说报酬，已经打进你账户了。
You'd never make it in the Black Warriors with that sort of cowardly attitude!  I'll partially pay you this time, but complete the damn contract next time, or else!	就凭你这副怯懦的样子，在黑色战士里根本混不下去！这次我就付你一部分，但下次给我把该死的合约干完，否则有你好看！
I should cut out your heart and feed it to my dog for failing... err, I mean you'll get no payment from us.	你搞砸了，我该挖出你的心喂狗……呃，我的意思是，你从我们这儿一个子儿也拿不到。
I need not remind you that you have fought Clan Blood Spirit before, mercenary.  If you wish to begin to right the wrongs of the past, take this batchall before I assign it to a solahma unit.	雇佣兵，不必我提醒你，你曾与血魂氏族交过手。若你希望开始弥补过往的过错，趁我还没把这单交给索拉玛老兵单位之前，接下这份对战令吧。
Mercenary, the Clan has faced you in battle before.  Take up this batchall and perhaps we can find a more common purpose.	雇佣兵，你的氏族过去与你交过战。接下这份对战令，或许我们能找到共同的目标。
You have assisted Clan Blood Spirit in the past.  Continue to be useful by taking up this batchall and we might continue this relationship.	你过去曾协助过血魂氏族。继续展示你的用处，接下这份对战令，我们这段关系或许还能继续。
Greetings, mercenary.  You have helped Clan Blood Spirit greatly, and in recognition of your service, I offer you this batchall I had reserved for our own warriors.	你好，雇佣兵。你曾大力帮助血魂氏族，为表彰你的功绩，我把这份原本为我们自己战士预留的对战令交给你。
Your lack of honour is well known, so we offer this trivial task that is beneath even our solahma units, so you might begin to redeem yourself.	你缺乏荣誉的名声早已远扬，所以我们把这桩连索拉玛老兵单位都不屑一顾的琐碎任务交给你，好让你开始赎罪。
You value money above honour.  This is not our way, but we have a task for you that will allow you to obtain the credits you so desperately seek.	你把金钱看得比荣誉更重。这不是我们的作风，但我们有一项任务能让你得到你渴求已久的星币。
We have met in combat before, and you have proved yourself moderately competent.  Perhaps you would like to prove yourself against one of our foes?	我们曾在战斗中相遇，而你已证明自己尚算过得去。或许你想在我们的某个敌人面前再证明一次自己？
You have served us well enough in the past, and we would like to continue this relationship.  Perhaps this batchall will be to your liking?	你过去为我们效力得还不错，我们希望延续这段关系。也许这份对战令正合你意？
You fight with honour friend, and have shown yourself to be a capable warrior.  We have a task that we would normally not entrust to one such as you, but it is yours if you wish.	你带着荣誉而战，朋友，已证明自己是位能干的战士。我们有一项平时绝不会托付给你这种人的任务，但若你愿意，它就是你的了。
I am glad to see you, friend of Clan Burrock.  In different times I might suggest you undergo The Blooding so that you might become one with us, but for now, I offer you this batchall as an equal.	很高兴见到你，伯洛克氏族的朋友。若是在别的时代，我或许会建议你接受血之洗礼、成为我们的一员，但眼下，我以平等之礼把这份对战令交给你。
Well done Commander.  You have achieved your objectives as well as any Burrock Commander, and we have transferred your c-bills to your account.	干得好，指挥官。你完成目标的表现不亚于任何一位伯洛克指挥官，我们已把星币转入你的账户。
Most Clans would simply kill you for your failure to honor your batchall, but I realise I ask too much of a mere mercenary.  Perhaps this partial payment will encourage you to do better next time.	多数氏族会因为你未能履行对战令而直接杀掉你，但我明白，对一名区区雇佣兵不能要求太高。也许这点部分报酬能鼓励你下次做得更好。
Clearly the concept of honour is lost to you.  If I had a Star available, I would kill you myself for your failure.  I suggest you leave before one <i>does</i> become available.	显而易见，荣誉这个概念对你已经荡然无存。若我手里有一支星队可用，我早就亲手为你的失败取你性命。我建议你趁我手上还没有星队前赶快离开。
Heathen, you lack both faith and honour, however we have a task that is beneath even our solahma units that you might bid on if you wish to redeem yourself.	异教徒，你既缺乏信仰也毫无荣誉。不过我们有一桩甚至连索拉玛老兵单位都不屑一顾的任务，若你想赎罪，可以来竞价。
Heathen, we know you only worship money as the Dark Caste do.  This is not The Way, but we have a task for you that will allow you to obtain the credits you so desperately seek.	异教徒，我们知道你只会像黑暗种姓一样膜拜金钱。这不是正道，但我们有一项任务，能让你得到你拼命想弄到手的星币。
We have met in combat before, and you have proven yourself moderately competent, if faithless.  Return to The Way, and take up this batchall against our foes	我们曾在战斗中相遇，你已证明自己尚算过得去，只是缺乏信仰。回到正道上来，接下这份针对我们敌人的对战令。
We have seen that you respect The Way, and we would like to continue this relationship.  Perhaps this batchall will be to your liking?	我们看到你尊重正道，也希望延续这段关系。也许这份对战令正合你意？
You do God's work, and have shown yourself to be a capable warrior.  We have a task that we would normally not entrust to one such as you, but it is yours if you wish.	你在为神行事，已证明自己是位能干的战士。我们有一项平时绝不会托付给你这种人的任务，但若你愿意，它就是你的了。
The Way has brought you back to us, dear friend.  In different times I might suggest you undergo The Blooding so that you might become one with us, but for now, I offer you this batchall as an equal.	正道把你带回了我们身边，亲爱的朋友。若是在别的时代，我或许会建议你接受血之洗礼、成为我们的一员，但眼下，我以平等之礼把这份对战令交给你。
Well done Commander.  You have achieved your objectives as well as any Warrior-Priest, and we have transferred your c-bills to your account.	干得好，指挥官。你完成目标的表现不亚于任何一位战士祭司，我们已把星币转入你的账户。
The Way teaches us that we should not expect others to be as proficient in battle as we are.  Take this partial payment, and pray to God that you might perform better next time.	正道教导我们，不应指望他人像我们一样精通战斗。收下这份部分报酬，向上帝祈祷，愿你来日表现更佳。
You have failed.  You do not follow The Way, you have no honour, and God has averted his eyes from you.  I suggest you meditate on your failures and pray for forgiveness before you contact us again.	你失败了。你不遵从正道，毫无荣誉，上帝也已移开目光。我建议你在再次联系我们之前，静思己过并祈求宽恕。
You seek only money and have no morality.  If all are like you, then perhaps our spirit guides were wrong to ask us to protect those Kerensky left behind.  Take this batchall, and show us that you treasure the gifts of your ancestors.	你只追求金钱，毫无道德。若人人都像你一样，或许我们的精神向导当初就不该叫我们去保护克伦斯基留下的人们。接下这份对战令，向我们证明你还珍视祖先的馈赠。
The spirits of the Coyote Clan are displeased with you.  Take up this batchall if you do not wish to anger us further.	郊狼氏族的神灵对你很不满。若你不想进一步惹怒我们，就接下这份对战令。
We have met in combat before, and you have proved yourself moderately competent.  The Coyote Clan offers you this batchall to appease the spirits of those who have fallen, and to improve our relationship.	我们曾在战斗中相遇，你已证明自己尚算过得去。郊狼氏族以这份对战令向你致意，以安抚逝者之灵，并改善我们的关系。
The Coyote recognizes your assistance and your strength, and we would like to continue this relationship.  Perhaps this batchall will be to your liking?	郊狼认可你的帮助与力量，我们愿延续这段关系。也许这份对战令正合你意？
You have proven yourself a valuable servant to the Coyote Clan.  We have a task that we would normally not entrust to one such as you, but it is yours if you wish.	你已证明自己是郊狼氏族宝贵的仆从。我们有一项平时绝不会托付给你这种人的任务，但若你愿意，它就是你的了。
The Coyote hunts with you, and you have served us as well as any mercenary could be expected to.  As a symbol of our trust in you, I offer you this batchall as an equal.	郊狼与你并肩狩猎，你为我们效力的表现不亚于任何雇佣兵所能期望的。作为信任你的象征，我以平等之礼把这份对战令交给你。
Well done Commander.  You have achieved your objectives as well as any of my pack, and we have transferred your c-bills to your account.	干得好，指挥官。你完成目标的表现不亚于我的任何一位族人，我们已把星币转入你的账户。
The Coyote Clan expects more from those who serve it, however we should not have expected you to be able to hunt as we do.  Take this partial payment, and may the spirit of the Coyote help you to perform better next time.	郊狼氏族对服侍它的人期望更高，不过我们本就不该指望你能像我们这样狩猎。收下这份部分报酬，愿郊狼之灵助你来日表现更佳。
You have failed, and have proven even our sibko can hunt better than a mercenary.  You will receive nothing from us save our scorn and disgust.	你失败了，连我们的幼狮都证明比你更会狩猎。你从我们这里得到的只有轻蔑与厌恶。
You have constantly been a thorn in the side of Clan Diamond Shark's desire for mutually profitable trade.  However, if you desire C-Bills so badly, perhaps we could allow you to take up this minor task.	你一直如芒刺在背，妨碍着钻石鲨氏族互利贸易的愿望。不过，若你真那么想要星币，或许我们能让你接下这桩小任务。
The basic premise of trade requires at least a modest level of trust.  So far, you have done little to engender that trust; perhaps this batchall will reverse this.	贸易的基本前提至少需要适度的信任。到目前为止，你几乎没做任何事来赢得这份信任；也许这份对战令能扭转局面。
We have met in combat before, and you have proved yourself a moderately competent warrior, if somewhat blind to the concept of mutual profit.  We have a batchall for you that would allow us to move towards a better relationship.	我们曾在战斗中相遇，你已证明自己是位尚算过得去的战士，只是对互惠互利的概念有些迟钝。我们有份对战令，能让我们走向更好的关系。
We have both profited from our dealings in the past, let us continue this with this batchall.	我们过去都在交易中获益，就让我们凭这份对战令继续下去吧。
Hello again, friend to the Diamond Sharks.  We offer you this choice batchall in recognition of our friendship, and mutual profitability.	又见面了，钻石鲨的朋友。为纪念我们的友谊与互利，我们向你献上这份精选对战令。
Greetings my trusted friend.  We have both benefited greatly from our association, and I offer this batchall to you as I would a fellow Warrior-Trader, in the spirit of our brotherhood.	你好，我信赖的朋友。我们的交往令双方受益良多，我以兄弟情谊，像对待同为战士商人的同胞一样，把这份对战令交给你。
Well done Commander.  The satisfactory completion of this batchall will benefit us greatly, and we have transferred your c-bills to your account.	干得好，指挥官。这份对战令的圆满完成将让我们大受裨益，我们已把星币转入你的账户。
You are aware that successful trade requires both sides to honour the terms of the batchall?  We are disappointed that you could not complete the objectives, however we offer this partial payment for your partial completion.	你应当明白，成功的贸易要求双方都履行对战令的条款吧？你未能完成目标，我们很失望，但我们仍为你的部分完成支付部分报酬。
You have failed to honour the terms of the batchall in any significant way.  You receive nothing from us, and know that your failure will affect our trade relationship in future.	你未能以任何有意义的方式履行对战令的条款。你从我们这里一无所获，要知道，你的失败会影响我们将来的贸易关系。
Tou have been very consistent in your hatred of the Fire Mandrill Clan.  If my own kindraa were available I would use them for this task, but as they are occupied with more worthy opponents, you can take this batchall, or not.	你一直持之以恒地仇视火猩猩氏族。若我的亲族有空，我会让他们来做这活，但他们正忙于更有价值的对手，所以这份对战令你爱接不接。
My kindraa have faced you in battle before, and several lie dead by your hand.  Perhaps you can spill another's blood for a change with this batchall?	我的亲族曾与你交战，其中数人死于你手。或许你可以凭这份对战令，转而流血于他人身上？
I have heard from other kindraa you have battled before that you are a competent warrior.  Perhaps you can assist me in this small task?	我从其他与你交过战的亲族那里听说，你是位能干的战士。也许你能帮我做这桩小事？
You have assisted other kindraa of the Fire Mandrill in the past, and I would like to offer you this batchall so that you can assist my kindraa as well.	你过去曾协助过火猩猩的其他亲族，我想向你提供这份对战令，好让你也帮帮我这一支。
Hello again, friend to the Fire Mandrills.  We offer you this choice batchall in recognition of our friendship.	又见面了，火猩猩的朋友。为纪念我们的友谊，我们向你献上这份精选对战令。
Greetings my trusted friend.  You have helped me so often, I almost look at you as a member of my own kindraa.  I have this choice batchall for you, if you are interested?	你好，我信赖的朋友。你帮我太多次，我几乎把你当作自己的亲族。我这里有份精选对战令，不知你是否感兴趣？
Well done Commander.  The satisfactory completion of this batchall will benefit my kindraa, and I have transferred your c-bills to your account.	干得好，指挥官。这份对战令的圆满完成将惠及我的亲族，我们已把星币转入你的账户。
You are aware that a batchall requires completion of all the objectives?   However I will provide a partial payment for your partial completion, so long as you do better next time.	你应当明白，对战令要求完成所有目标吧？不过，只要你下次表现更好，我仍会为你的部分完成支付部分报酬。
You have failed to honour the terms of the batchall in any significant way.  You receive nothing from me, and have insulted my kindraa.	你未能以任何有意义的方式履行对战令的条款。你从我这里一无所获，而且还羞辱了我的亲族。
Your insistence on opposing the Bear has not gone unnoticed.  There is still time to avoid your destruction.  You can begin to make amends with this batchall.	你执意与熊为敌，这事我们不会视而不见。要避免覆灭，现在还有时间。你可以从接下这份对战令开始弥补。
Your craving for battle is well known.  Perhaps this batchall will satiate your desire?	你渴望战斗的名声早已远扬。也许这份对战令能让你大饱一战之欲？
My Clan has faced you in battle before, and you are a competent warrior.  Take up this batchall and perhaps we can find a more common purpose.	我的氏族曾在战斗中与你相遇，你也是位能干的战士。接下这份对战令，或许我们能找到共同的目标。
You have assisted the Ghost Bear clan in the past, and I would like to offer you this batchall so that we can continue this relationship.	你过去曾协助过幽灵熊氏族，我想向你提供这份对战令，好让我们的关系继续下去。
Hello again, friend to the Ghost Bears.  We offer you this batchall in recognition of our kinship.	又见面了，幽灵熊的朋友。为纪念我们的亲缘，我们向你献上这份对战令。
Greetings my brother.  You have helped me so often, I almost look at you as a member of my own family.  I have this choice batchall for you, if you are interested?	你好，我的兄弟。你帮我太多次，我几乎把你当作自己的家人。我这里有份精选对战令，不知你是否感兴趣？
Well done Commander.  The satisfactory completion of this batchall will benefit the Ghost Bears, and I have transferred your c-bills as agreed.	干得好，指挥官。这份对战令的圆满完成将惠及幽灵熊，我们已按约定把星币转入你的账户。
You clearly lacked the strength to complete all the objectives?   However I will provide a partial payment for your partial completion, so long as you do better next time.	你显然缺乏完成所有目标的力量吧？不过，只要你下次表现更好，我仍会为你的部分完成支付部分报酬。
Your weakness is an embarrassment, and you have failed to honour the terms of the batchall in any significant way.  You receive nothing from me, other than my disdain.	你的软弱令人难堪，你未能以任何有意义的方式履行对战令的条款。你从我这里一无所获，只得到我的鄙夷。
If it were not for the fact that the necrosia has showed me you can be of service, I would not suffer your presence.  Here is a trivial task for you, to prove your worth.	若不是因为死后迷幻药让我看到你还能有些用处，我根本不会容忍你出现在我面前。这桩琐事拿去，证明你的价值吧。
Your dishonorable ways are well known to Clan Goliath Scorpion, however you might be of service.  Take this batchall, and show me that you can be of service.	你的无耻行径在巨人蝎氏族早已尽人皆知，不过你或许还有点用处。接下这份对战令，向我证明你的价值。
You have assisted Clan Goliath Scorpion in the past, and I would like to offer you this batchall so that we can continue this relationship.	你过去曾协助过巨人蝎氏族，我想向你提供这份对战令，好让我们的关系继续下去。
Hello again, friend to Clan Goliath Scorpion.  While there is certainly trust between us, I would like you to take this batchall to show your sincerity before we share all our secrets with you.	又见面了，巨人蝎氏族的朋友。我们之间确有信任，但在与你分享我们的全部秘密之前，我希望你先接下这份对战令以示诚意。
Greetings friend.  You have proven your value to the Goliath Scorpions many times.  I have a task I would entrust to no other, and perhaps afterwards we shall share some necrosa?	你好，朋友。你已多次向巨人蝎证明自己的价值。我有一件只愿托付给你的任务，也许完成后我们会共饮些死后迷幻药？
Well done Commander.  I foresaw your success in this matter, and have already transferred your c-bills as agreed.	干得好，指挥官。我早已预见你此事能成，并已按约定把星币转入你的账户。
You clearly lacked the strength to complete all the objectives, however your attempt was noted. I will provide a partial payment for your partial completion, so long as you do better next time.	你显然缺乏完成所有目标的力量，不过你的尝试我们记下了。只要你下次表现更好，我仍会为你的部分完成支付部分报酬。
Your repeated actions against Hell's Horses have made me question whether I should hold you in disdain.  Take up this batchall and prove to me that mercenaries such as you are useful.	你三番两次与地狱马为敌，让我怀疑是不是该对你报以轻蔑。接下这份对战令，向我证明你这样的雇佣兵还有用处。
You have fought against Hell's Horses on many occasions.  Prove you can assist as well as cause harm by performing this task, and we might have further use for you.	你曾多次与地狱马交战。完成这项任务，证明你既能造成伤害，也能提供帮助，或许我们日后还用得上你。
You have assisted the Hell's Horses in the past, and I would like to offer you this batchall so that we can continue this relationship.	你过去曾协助过地狱马，我想向你提供这份对战令，好让我们的关系继续下去。
Hello again, friend to the Hell's Horses Clan.  We offer you this batchall in recognition of our friendship, and in the hopes that we can benefit each other in future.	又见面了，地狱马氏族的朋友。为纪念我们的友谊，并期望日后彼此受益，我们向你献上这份对战令。
Greetings, my friend.  You have helped me so often, I feel we should discuss the possibility of you joining the Horses yourself.  Before we do however, there is a task I would entrust to no other that you might assist us with.	你好，我的朋友。你帮了我太多，我觉得我们该谈谈你亲自加入马族的可能。不过在谈之前，有一件我只愿托付给你的任务想请你相助。
While Hell's Horses value swiftness, we don't value those who run from battle!  However I will provide a partial payment for your partial completion, so long as you do better next time.	地狱马看重迅捷，可我们并不看重临阵脱逃之人！不过，只要你下次表现更好，我仍会为你的部分完成支付部分报酬。
Your cowardice dishonors you, and you have failed to honour the terms of the batchall in any significant way.  You receive nothing from me, other than my disdain.	你的怯懦使你蒙羞，你未能以任何有意义的方式履行对战令的条款。你从我这里一无所获，只得到我的鄙夷。
Sadly I don't have Hellions nearby for this trivial batchall, so I am forced to rely on scum like you.  Take this task, or I will find another.	可惜我手边没有地狱火骑士可派来做这桩琐碎的差事，所以只能指望你这样的渣滓。接下这任务，否则我另找他人。
Your presence offends me as you have fought against the Ice Hellions on many occasions.  If I had a solahama unit available, I would call upon them for this task, but as they are busy, take this batchall if you wish.	你多次与冰狱火交战，你的存在令我不悦。若我有一支索拉玛老兵单位可用，我定会派他们去做这事，但他们正忙，所以这份对战令随你接不接。
The Ice Hellions have faced you in battle before, and you are a competent warrior.  Take up this batchall and perhaps we can find a more common purpose.	冰狱火曾在战斗中与你相遇，你也是位能干的战士。接下这份对战令，或许我们能找到共同的目标。
You have assisted the Ice Hellions in the past.  Continue to be useful by taking up this batchall and we might continue this relationship.	你过去曾协助过冰狱火。继续展现你的用处，接下这份对战令，我们的关系或许还能继续。
I must admit I am surprised you have been so useful to the Ice Hellions.  We offer you this batchall in recognition of your service.	我必须承认，你居然对冰狱火如此有用，这让我颇感意外。为表彰你的功绩，我们向你献上这份对战令。
Greetings, my friend.  You have helped me so often, I am beginning to change my views on those of the Inner Sphere.  I have this choice task for you that should benefit us both greatly.	你好，我的朋友。你帮了我太多次，我已开始改变对内天体之人的看法。我有一件精选任务，应该能令我们双方大受裨益。
Your cowardice is as much as I expect from a mercenary, for you have failed to honour the terms of the batchall in any significant way.  One day the Ice Hellions will strike you down for this.	你的怯懦与我对雇佣兵的预期毫无二致，因为你未能以任何有意义的方式履行对战令的条款。有朝一日，冰狱火会为此将你击倒。
I normally don't look down on Freeborn such as you, but your repeated actions against Clan Mongoose have made me question whether I should hold you all in disdain.  Take up this batchall and prove to me that Freeborn such as you are useful.	我通常不会看不起你这样的自由民，但你对猫鼬氏族的一再敌对，让我怀疑是否该对你们全体抱以轻蔑。接下这份对战令，向我证明你这样的自由民还有用处。
Freeborn, you have fought against Clan Mongoose on many occasions.  Prove you can assist as well as cause harm by performing this task, and we might have further use for you.	自由民，你曾多次与猫鼬氏族交战。完成这项任务，证明你既能造成伤害，也能提供帮助，或许我们日后还用得上你。
Freeborn, my Clan has faced you in battle before, and you are an aggressive warrior.  Take up this batchall and perhaps we can find a more common purpose.	自由民，我的氏族曾在战斗中与你相遇，你也是位好战的战士。接下这份对战令，或许我们能找到共同的目标。
Freeborn, you have assisted the Mongooses in the past, and I would like to offer you this batchall so that we can continue this relationship.	自由民，你过去曾协助过猫鼬各支，我想向你提供这份对战令，好让我们的关系继续下去。
Hello again, friend to Clan Mongoose.  We offer you this batchall in recognition of our friendship, and in the hopes that we can benefit each other in future.	又见面了，猫鼬氏族的朋友。为纪念我们的友谊，并期望日后彼此受益，我们向你献上这份对战令。
Greetings my friend.  You have helped me so often, I feel we should discuss the possibility of you joining Clan Mongoose yourself.  Before we do however, there is a task I would entrust to no other that you might assist us with.	你好，我的朋友。你帮了我太多，我觉得我们该谈谈你亲自加入猫鼬氏族的可能。不过在谈之前，有一件我只愿托付给你的任务想请你相助。
Well done Commander.  Your tenacity in completing this batchall will benefit us both, and I have transferred your c-bills as agreed.	干得好，指挥官。你圆满完成这份对战令的坚韧将让我们双双受益，我已按约定把星币转入你的账户。
Clan Mongoose prefers more aggressive commanders.  You've made a valiant, yet ineffective effort. We trust you will show more ferocity for the next battle.	猫鼬氏族更喜欢具攻击性的指挥官。你已付出了英勇却收效甚微的努力。我们相信下一场战斗你会展现更多凶猛。
Your performance was appalling, Commander. You should consider a career as a merchant.	你的表现令人震惊，指挥官。你不如考虑改行当商人。
You seek only money and have no higher spiritual calling.  As much as it goes against the visions of our Oathmaster, I find myself in need of assistance in a minor task, and offer you this batchall.	你只追求金钱，没有更高的精神召唤。尽管这与我们誓约大师的愿景相悖，但我发现自己确实需要人协助一桩小事，所以奉上这份对战令。
Your actions go against destiny, and if you continue you will be crushed.  Take up this batchall and return to the right side of the path pre-ordained for us, before it is too late.	你的行为违背命运，若继续下去，你将被碾碎。趁为时未晚，接下这份对战令，回到为我们预定的道路上来。
We have met in combat before, and you have proved yourself moderately competent.  The Nova Cats offer you this batchall to improve our relationship.	我们曾在战斗中相遇，你已证明自己尚算过得去。新猫族以此对战令向你致意，以改善我们的关系。
The Nova Cats recognize your assistance and your strength, and we would like to continue this relationship.  Perhaps this batchall will be to your liking?	新猫族认可你的帮助与力量，我们愿延续这段关系。也许这份对战令正合你意？
You have proven yourself a valuable servant to the Nova Cats.  We have a task that we would normally not entrust to one such as you, but it is yours if you wish.	你已证明自己是新猫族宝贵的仆从。我们有一项平时绝不会托付给你这种人的任务，但若你愿意，它就是你的了。
The Nova Cats appreciate your assistance, and you have served us as well as any mercenary could be expected to.  As a symbol of our trust in you, I offer you this batchall as an equal.	新猫族感谢你的协助，你为我们效力的表现不亚于任何雇佣兵所能期望的。作为信任你的象征，我以平等之礼把这份对战令交给你。
Well done Commander.  You have achieved your objectives as well as could be expected, and we have transferred the agreed c-bills to your account.	干得好，指挥官。你完成目标的表现已属可圈可点，我们已把约定好的星币转入你的账户。
The Oathmaster was right to warn us against the use of mercenaries.  Take this partial payment, for your partial success, and do better next time if you wish to serve us.	誓约大师警告我们别用雇佣兵，果然没错。收下这份部分报酬，换取你的部分成功，若你还想为我们效力，下次就做得更好。
You have failed, and have proven that such as you are weak and useless.  You will receive nothing from us save our scorn and disgust.	你失败了，也证明了你这种人既软弱又无用。你从我们这里得到的只有轻蔑与厌恶。
{COMPANY.CompanyName} has no current standing with the Clan Protectorate. While your external reputation is noted, we will assess your capabilities firsthand to determine alignment with our operational standards.	{COMPANY.CompanyName}目前在氏族保护国尚无地位。虽然我们注意到你们在外界的名声，但我们会亲自评估你们的能力，以判断是否符合我们的作战标准。
{COMPANY.CompanyName}, your adherence to our directives and operational conduct meet our expectations, which warrants consideration for future assignments.	{COMPANY.CompanyName}，你们对我们指令的遵从与作战操守达到了我们的期望，值得我们考虑未来的任务。
Having engaged {COMPANY.CompanyName} for several missions, we have observed consistent performance and reliability from you. Your integration with our forces has been smooth, contributing positively to our objectives.	{COMPANY.CompanyName}已承接我们的多项任务，我们从中观察到你们一贯的表现与可靠。你们与我军的整合十分顺畅，为我们的目标作出了积极贡献。
{COMPANY.CompanyName} have proven to be a reliable partner, executing missions that have significantly advanced our strategic interests. Your professionalism and tactical acumen are commendable.	{COMPANY.CompanyName}已证明是可靠的伙伴，执行的任务大幅推进了我们的战略利益。你们的专业素养与战术头脑值得称赞。
Through numerous successful operations, {COMPANY.CompanyName} is a trusted ally. Your exemplary service and commitment to our goals have reinforced our mutual respect and collaboration.	经过多次成功行动，{COMPANY.CompanyName}已是可信赖的盟友。你们堪称表率的服务与对我们目标的投入，加深了我们彼此的尊重与合作。
{COMPANY.CompanyName} stands out as a preferred mercenary unit for the Clan Protectorate. Your distinguished record and unwavering dedication have been instrumental in achieving our mission-critical objectives.	{COMPANY.CompanyName}是氏族保护国首选的雇佣兵部队。你们卓越的履历与坚定不移的投入，对实现我们至关重要的目标起到了关键作用。
{COMPANY.CompanyName} is our premier choice for mercenary engagements. Your unmatched excellence, strategic insight, and flawless execution have set a benchmark, making your company indispensable to the Clan Protectorate's endeavors.	{COMPANY.CompanyName}是我们雇佣兵合作的首要之选。你们无与伦比的卓越、战略洞察与完美执行树立了标杆，使你们成为氏族保护国事业不可或缺的力量。
Commander, {COMPANY.CompanyName} has fulfilled its mission with precision and efficiency. The Clan Protectorate appreciates your dedication and professionalism, and this success strengthens our confidence in your team's capabilities.	指挥官，{COMPANY.CompanyName}以精确和高效完成了任务。氏族保护国感谢你们的投入与专业素养，此次成功更增强了我们对贵团队能力的信心。
Commander, while the mission did not meet its primary objectives, your team's commitment and efforts are recognized. External factors complicated the operation, and we believe this setback does not reflect a lack of resolve on your part.	指挥官，任务虽未达成主要目标，但贵团队的担当与努力我们看在眼里。外部因素令行动变得复杂，我们相信此次挫折并不代表你们缺乏决心。
Commander, the outcome of this mission is unacceptable. Failures stemming from inadequate execution or disregard for Protectorate standards undermine our trust. Future assignments will require clear accountability and significant improvement from your team.	指挥官，此次任务的结果不可接受。因执行不力或无视保护国标准而造成的失败，动摇了我们的信任。未来的任务需要贵团队明确负责，并作出重大改进。
I normally don't look down on Freeborn such as you, but your repeated actions against Clan Sea Fox have made me question whether I should hold you all in disdain.  Take up this batchall and prove to me that Freeborn such as you are useful.	我通常不会看不起你这样的自由民，但你对海狐氏族的一再敌对，让我怀疑是否该对你们全体抱以轻蔑。接下这份对战令，向我证明你这样的自由民还有用处。
Freeborn, you have fought against Clan Sea Fox on many occasions.  Prove you can assist as well as cause harm by performing this task, and we might have further use for you.	自由民，你曾多次与海狐氏族交战。完成这项任务，证明你既能造成伤害，也能提供帮助，或许我们日后还用得上你。
Freeborn, you have assisted the Sea Foxs in the past, and I would like to offer you this batchall so that we can continue this relationship.	自由民，你过去曾协助过海狐各支，我想向你提供这份对战令，好让我们的关系继续下去。
Hello again, friend to Clan Sea Fox.  We offer you this batchall in recognition of our friendship, and in the hopes that we can benefit each other in future.	又见面了，海狐氏族的朋友。为纪念我们的友谊，并期望日后彼此受益，我们向你献上这份对战令。
Greetings my friend.  You have helped me so often, I feel we should discuss the possibility of you joining Clan Sea Fox yourself.  Before we do however, there is a task I would entrust to no other that you might assist us with.	你好，我的朋友。你帮了我太多，我觉得我们该谈谈你亲自加入海狐氏族的可能。不过在谈之前，有一件我只愿托付给你的任务想请你相助。
Well done Commander.  Your efficiency in completing this batchall will benefit us both, and I have transferred your c-bills as agreed.	干得好，指挥官。你高效完成这份对战令将让我们双双受益，我已按约定把星币转入你的账户。
Clan Sea Fox prefers more tactical commanders.  You've made a valiant, yet ineffective effort. We trust you will commit better assets for the next battle.	海狐氏族更喜欢讲究战术的指挥官。你已付出了英勇却收效甚微的努力。我们相信下一场战斗你会投入更好的力量。
Your performance reeks, nearly as much as you do, Commander. We suggest you bathe before coming before us again.	你的表现臭气熏天，几乎和你本人一样，指挥官。建议你下次来见我们之前先洗个澡。
Freeborn, you have assisted the Sea Foxes in the past, and I would like to offer you this batchall so that we can continue this relationship.	自由民，你过去曾协助过海狐，我想向你提供这份对战令，好让我们的关系继续下去。
Mercenary, we understand that you have found fighting against the Clans profitable in the past, and would like to change your thoughts with this batchall.	雇佣兵，我们知道你过去觉得与氏族为敌有利可图，想用这份对战令改变你的想法。
Mercenary, you have fought well against the Clans in the past.  We would like to employ your skills in a task that furthers the Clans goals, and so we offer you this batchall.	雇佣兵，你过去与氏族交战表现出色。我们想借重你的本事完成一项推进氏族目标的任务，特此奉上这份对战令。
Commander, the Clans have faced you in battle before, and you have proven yourself competent.  Take up this batchall and let us work together in a mutually beneficial way.	指挥官，氏族曾在战斗中与你相遇，你已证明自己能力出众。接下这份对战令，让我们以互利的方式携手合作。
Commander, you have assisted the the Clans adequately in the past.  Before we take this relationship further, we need you to perform a task for the Clans.	指挥官，你过去曾充分协助过氏族。在将这段关系推进一步之前，我们需要你为氏族完成一项任务。
Commander, you have served us admirably in the past.  I offer you this batchall knowing you will perform as well as any of our commanders.	指挥官，你过去为我们效力得令人钦佩。我奉上这份对战令，深知你会表现得像我们的任何一位指挥官一样出色。
Commander, the Clans regard you as one of their own. I have kept this task for you, and would trust no one else to succeed.	指挥官，氏族视你为自己人。我为你留着这项任务，不放心交给任何其他人来做。
Well done Commander. Know that the Clans recognize your service, and I have transferred the agreed payment to your account.	干得好，指挥官。要知道氏族认可你的功绩，我已把约定好的报酬转入你的账户。
We expect <i>all</i> tasks assigned to be completed, mercenary.  However, we recognize your attempt, and provide a partial payment for your partial completion of the tasks.	雇佣兵，我们期望交给你的<i>所有</i>任务都得到完成。不过我们认可你的尝试，为你的部分完成支付部分报酬。
You have failed, and this failure sets back our plans.  Do not expect payment, as none will be provided.	你失败了，这次失败拖累了我们的计划。别指望报酬，一分也不会有。
I come to you seeking to reverse the distrust between us, by offering you this batchall.  I hope you will accept it.	我来找你，是想借这份对战令化解我们之间的猜忌。希望你能接受。
I wish this emnity between us to go away so that we can offer you more exclusive batchalls.  Please take this so that we can move towards a more trusting relationship.	我希望我们之间的敌意就此消散，好让我们能向你提供更专属的对战令。请接下这个，好让我们朝更互信的关系迈进。
Clan Snow Raven has faced you in battle before.  Take up this batchall so we can mutually profit from a closer relationship.	雪鸦氏族曾在战斗中与你相遇。接下这份对战令，好让我们从更紧密的关系中互利。
You have assisted Clan Snow Raven in the past.  Continue to be useful by taking up this batchall and we will offer you more profitable tasks.	你过去曾协助过雪鸦氏族。继续展现你的用处，接下这份对战令，我们会向你提供更有利可图的任务。
Hello again, my friend.  I have saved this batchall especially for you, in recognition of your fine service in the past.	又见面了，我的朋友。念及你过去出色的功绩，我特意为你留着这份对战令。
It is good to see you, my friend.  I have a particularly profitable batchall for you this time, one I can give to no other.	很高兴见到你，我的朋友。这次我有份特别有利可图的对战令给你，一份我不会交给任何其他人的任务。
As expected, you have performed the tasks required admirably.  I have transferred the C-bills into your account and hope to work with you again.	不出所料，你出色地完成了所要求的任务。我已把星币转入你的账户，期待再次与你合作。
It is such a shame that you couldn't complete the tasks assigned to you.  Sadly, I can only offer you a partial payment for those tasks you did accomplish - strictly business, nothing personal.	你未能完成交办的任务，真是遗憾。可惜我只能为你确实完成的部分支付部分报酬——纯属生意，与私人恩怨无关。
You can't expect to enter into a batchall and then fail to fulfill any of it's conditions!  You will need to try much harder if you wish to have any further dealings with the Clan.	你总不能接下对战令后一项条款都不履行吧！若你还想与我们氏族继续往来，就得加倍努力。
Mercenary commander, your actions against Clan Star Adder has gone against our strategic plans numerous times in the past.  Let us reverse this trend by you taking up this batchall.	雇佣兵指挥官，你过去多次针对星蝰氏族的行动违背了我们的战略计划。接下这份对战令，让我们扭转这一局面。
Commander, you have fought well against us in the past.  Perhaps you can work with us towards our strategic goals instead, by taking up this batchall?	指挥官，你过去与我们交战表现出色。或许你可以接下这份对战令，转而与我们一同推进战略目标？
Clan Star Adder have faced you in battle before, and you are a competent warrior.  Let us work together instead, take up this batchall and we can both benefit.	星蝰氏族曾在战斗中与你相遇，你也是位能干的战士。不如让我们携手合作，接下这份对战令，双方都能获益。
You have assisted the Clan adequately in the past.  Let us continue this partnership, by you performing this task towards our long term strategic goals.	你过去曾充分协助过本氏族。让我们继续这段合作，由你完成这项推进我们长期战略目标的任务。
Commander, you have served us admirably in the past.  I offer you this batchall knowing you will perform as well as any of our trueborn commanders.	指挥官，你过去为我们效力得令人钦佩。我奉上这份对战令，深知你会表现得像我们的任何一位真血指挥官一样出色。
Commander, the Star Adders regard you as one of our own. I have kept this task for you, and would trust no one else to succeed.	指挥官，星蝰氏族视你为自己人。我为你留着这项任务，不放心交给任何其他人来做。
Well done Commander. Know that the Clan recognizes your service, and I have transferred the agreed payment to your account.	干得好，指挥官。要知道氏族认可你的功绩，我已把约定好的报酬转入你的账户。
You have failed, and this failure sets back our strategic plans for this system.  Do not expect payment, as none will be provided.	你失败了，这次失败拖累了我们在此星系战略计划的推进。别指望报酬，一分也不会有。
I normally don't look down on mercenaries such as you, but your repeated actions against Stone Lion have made me question whether I should hold you all in disdain.  Take up this batchall and prove to me that mercenaries such as you are useful.	我通常不会看不起你这样的雇佣兵，但你对石狮的一再敌对，让我怀疑是否该对你们全体抱以轻蔑。接下这份对战令，向我证明你这样的雇佣兵还有用处。
You have fought against Clan Stone Lion on many occasions.  Prove you can assist as well as cause harm by performing this task, and we might have further use for you.	你曾多次与石狮氏族交战。完成这项任务，证明你既能造成伤害，也能提供帮助，或许我们日后还用得上你。
You have assisted Clan Stone Lion in the past, and I would like to offer you this batchall so that we can continue this relationship.	你过去曾协助过石狮氏族，我想向你提供这份对战令，好让我们的关系继续下去。
Hello again, friend to the Clan.  We offer you this batchall in recognition of our friendship, and in the hopes that we can benefit each other in future.	又见面了，本氏族的朋友。为纪念我们的友谊，并期望日后彼此受益，我们向你献上这份对战令。
Greetings, my friend.  You have helped me so often, I feel we should discuss the possibility of you joining the Clan yourself.  Before we do however, there is a task I would entrust to no other that you might assist us with.	你好，我的朋友。你帮了我太多，我觉得我们该谈谈你亲自加入本氏族的可能。不过在谈之前，有一件我只愿托付给你的任务想请你相助。
While Stone Lion value swiftness, we don't value those who run from battle!  However I will provide a partial payment for your partial completion, so long as you do better next time.	石狮看重迅捷，可我们并不看重临阵脱逃之人！不过，只要你下次表现更好，我仍会为你的部分完成支付部分报酬。
I normally don't look down on Freeborn such as you, but your repeated actions against Clan Widowmaker have made me question whether I should hold you all in disdain.  Take up this batchall and prove to me that Freeborn such as you are useful.	我通常不会看不起你这样的自由民，但你对寡妇制造者氏族的一再敌对，让我怀疑是否该对你们全体抱以轻蔑。接下这份对战令，向我证明你这样的自由民还有用处。
Freeborn, you have fought against Clan Widowmaker on many occasions.  Prove you can assist as well as cause harm by performing this task, and we might have further use for you.	自由民，你曾多次与寡妇制造者氏族交战。完成这项任务，证明你既能造成伤害，也能提供帮助，或许我们日后还用得上你。
Freeborn, you have assisted the Widowmakers in the past, and I would like to offer you this batchall so that we can continue this relationship.	自由民，你过去曾协助过寡妇制造者各支，我想向你提供这份对战令，好让我们的关系继续下去。
Hello again, friend to Clan Widowmaker.  We offer you this batchall in recognition of our friendship, and in the hopes that we can benefit each other in future.	又见面了，寡妇制造者氏族的朋友。为纪念我们的友谊，并期望日后彼此受益，我们向你献上这份对战令。
Greetings my friend.  You have helped me so often, I feel we should discuss the possibility of you joining Clan Widowmaker yourself.  Before we do however, there is a task I would entrust to no other that you might assist us with.	你好，我的朋友。你帮了我太多，我觉得我们该谈谈你亲自加入寡妇制造者氏族的可能。不过在谈之前，有一件我只愿托付给你的任务想请你相助。
Well done Commander.  You were brutally effective in completing this batchall, which will benefit us both. I have transferred your c-bills as agreed.	干得好，指挥官。你以凶狠凌厉之姿完成了这份对战令，这将让我们双双受益。我已按约定把星币转入你的账户。
Clan Widowmaker rewards more aggressive commanders.  You've made a valiant, yet unimpressive effort. We trust you will put your heart into it for the next battle.	寡妇制造者氏族奖赏更具攻击性的指挥官。你已付出了英勇却不够出色的努力。我们相信下一场战斗你会全力以赴。
Your performance is no better than someone of the merchant caste, Commander. Perhaps you are not suited to this line of work.	你的表现不比商人种姓的人强多少，指挥官。或许你不适合干这一行。
Mercenary, we understand that you have found fighting against us profitable in the past, and would like to reverse this with this batchall.	雇佣兵，我们知道你过去觉得与我们为敌有利可图，想用这份对战令扭转这一局面。
Mercenary, you have fought well against us in the past.  We would like to employ your skills in a task that furthers our goals, and offer you this batchall.	雇佣兵，你过去与我们交战表现出色。我们想借重你的本事完成一项推进我们目标的任务，特此奉上这份对战令。
Commander, Clan Wolf have faced you in battle before, and you have proved yourself competent.  Take up this batchall and let us work together in a mutually beneficial way.	指挥官，狼氏族曾在战斗中与你相遇，你已证明自己能力出众。接下这份对战令，让我们以互利的方式携手合作。
Commander, you have assisted the Wolf Clan adequately in the past.  Before we take this relationship further, we need you to perform a task for us.	指挥官，你过去曾充分协助过狼氏族。在将这段关系推进一步之前，我们需要你为我们完成一项任务。
Commander, the Wolf Clan regard you as one of our pack. I have kept this task for you, and would trust no one else to succeed.	指挥官，狼氏族视你为自己狼群的一员。我为你留着这项任务，不放心交给任何其他人来做。
Well done Commander. Know that the Wolf Clan recognize your service, and I have transferred the agreed payment to your account.	干得好，指挥官。要知道狼氏族认可你的功绩，我已把约定好的报酬转入你的账户。
We expect <i>all</i> tasks assigned to be completed.  However, we recognize your attempt, and provide a partial payment for your partial completion of the tasks.	我们期望你完成交办的<i>所有</i>任务。不过我们认可你的尝试，为你的部分完成支付部分报酬。
Commander, Clan Wolf-in-Exile has faced you in battle before, and you have proved yourself competent.  Take up this batchall and let us work together in a mutually beneficial way.	指挥官，流亡狼氏族曾在战斗中与你相遇，你已证明自己能力出众。接下这份对战令，让我们以互利的方式携手合作。
Commander, you have assisted the Wolf-in-Exile adequately in the past.  Before we take this relationship further, we need you to perform a task for us.	指挥官，你过去曾充分协助过流亡狼。在将这段关系推进一步之前，我们需要你为我们完成一项任务。
Commander, the Wolf-in-Exile Clan regard you as one of our pack. I have kept this task for you, and would trust no one else to succeed.	指挥官，流亡狼氏族视你为自己狼群的一员。我为你留着这项任务，不放心交给任何其他人来做。
Well done, Commander. Know that the Wolf-in-Exile recognizes your service, and I have transferred the agreed payment to your account.	干得好，指挥官。要知道流亡狼认可你的功绩，我已把约定好的报酬转入你的账户。
I normally don't look down on Freeborn such as you, but your repeated actions against Clan Wolverine have made me question whether I should hold you all in disdain.  Take up this batchall and prove to me that Freeborn such as you are useful.	我通常不会看不起你这样的自由民，但你对狼獾氏族的一再敌对，让我怀疑是否该对你们全体抱以轻蔑。接下这份对战令，向我证明你这样的自由民还有用处。
Freeborn, you have fought against Clan Wolverine on many occasions.  Prove you can assist as well as cause harm by performing this task, and we might have further use for you.	自由民，你曾多次与狼獾氏族交战。完成这项任务，证明你既能造成伤害，也能提供帮助，或许我们日后还用得上你。
Freeborn, you have assisted the Wolverines in the past, and I would like to offer you this batchall so that we can continue this relationship.	自由民，你过去曾协助过狼獾各支，我想向你提供这份对战令，好让我们的关系继续下去。
Hello again, friend to Clan Wolverine.  We offer you this batchall in recognition of our friendship, and in the hopes that we can benefit each other in future.	又见面了，狼獾氏族的朋友。为纪念我们的友谊，并期望日后彼此受益，我们向你献上这份对战令。
Greetings my friend.  You have helped me so often, I feel we should discuss the possibility of you joining Clan Wolverine yourself.  Before we do however, there is a task I would entrust to no other that you might assist us with.	你好，我的朋友。你帮了我太多，我觉得我们该谈谈你亲自加入狼獾氏族的可能。不过在谈之前，有一件我只愿托付给你的任务想请你相助。
Clan Wolverine understands that sacrifice on the battlefield doesn't always translate to victory. You've made a valiant, yet ineffective effort. We trust you will do better for the next battle.	狼獾氏族明白，战场上的牺牲并不总能换来胜利。你已付出了英勇却收效甚微的努力。我们相信下一场战斗你会做得更好。
Commander, the New Delphi Compact are but a few small planets desperately wishing to remain independent.  Please stop fighting against us, and instead help us with this task.	指挥官，新德尔斐协约不过是几颗拼命想要维持独立的小行星。请别再与我们为敌，转而帮我们完成这项任务吧。
Commander, if you have been attacking the planets of the New Delphi Compact for money, we can offer you similar contracts that will preserve our independence, and I beg you to consider this one.	指挥官，若你攻打新德尔斐协约的星球是为了钱，我们能提供报酬相当、又能保全我们独立的合约，恳请你考虑这一份。
Welcome to the New Delphi Compact, Commander.  I have a task for you to undertake, if you would like to help preserve our independence.  You will of course be adequately compensated for your efforts.	欢迎来到新德尔斐协约，指挥官。若你愿意帮助我们维持独立，我有一项任务交给你。你的付出自会得到充分的报酬。
Thank you again for your help in protecting the New Delphi Compact's independence, Commander.  We would like to employ you once more to defend our sovereignty and independence, if you are able?	再次感谢你协助保护新德尔斐协约的独立，指挥官。若你方便，我们想再度聘请你捍卫我们的主权与独立。
Welcome friend of the New Delphi Compact.  You have helped us many times in the past, and hope you can take on this contract to assist us in preserving our independence once more.	欢迎你，新德尔斐协约的朋友。你过去已多次相助，希望你接下这份合约，再度协助我们维持独立。
The Oracle speaks highly of you, saviour of the New Delphi Compact.  You have done so much for us I feel embarrassed to ask for your help again, however I assure you that you will be well paid for your efforts.	神谕对你赞誉有加，新德尔斐协约的救星。你为我们做得太多，我都不好意思再求你相助，但我向你保证，你的付出会得到丰厚报偿。
Commander, the children of the New Delphi Compact are being enslaved as we speak due to your inability to complete this task.  Please don't harm our relationship further by seeking payment.	指挥官，正因为你无法完成这项任务，新德尔斐协约的孩子们此刻正被卖为奴隶。请不要再索要报酬，进一步伤害我们的关系。
We both know the score, Commander. House Humphreys relies on you like you're one of our own, and you've always been happy to help us out. I hope you can see fit to agree this time as well—this is a job too important for lesser warriors.	我们彼此心知肚明，指挥官。汉弗莱家族倚重你，待你如自己人，而你也一直乐于助我们一臂之力。希望这次你同样可以应允——这份活儿太重要，不能交给庸手。
Commander, please!  We have endured enough of your deprivations and attacks on our faith, and our community.  In the name of the One Star, will you please turn your attentions elsewhere if we pay you?	指挥官，求你了！我们受够了你对我们信仰与社群的掠夺和攻击。以独星之名，若我们付你钱，你能不能把注意力转向别处？
Commander, the Elysian Fields are but a few small planets desperately wishing to retain our peaceful way of life.  Please stop fighting against us, and instead help us with this task.	指挥官，极乐之地不过是几颗拼命想要维持和平生活方式的星球。请别再与我们为敌，转而帮我们完成这项任务吧。
Commander, if you have been attacking the planets of the Elysian Fields for money, we can offer you similar contracts that will preserve our way of life, and I beg you to consider this one.	指挥官，若你攻打极乐之地的星球是为了钱，我们能提供报酬相当、又能保全我们生活方式的合约，恳请你考虑这一份。
Welcome to the Elysian Fields, Commander.  We of the One Star faith are simple subsistence farmers and hunter/gathers, and normally have no need for martial forces.  With this task however, you can help, if you wish.	欢迎来到极乐之地，指挥官。我们独星信仰的信众都是简单的自给自足农人与狩猎采集者，平时并不需要武力。不过这项任务，若你愿意，可以助我们一臂之力。
Thank you again for your help in protecting the faithful of the Elysian Fields, Commander.  We would like to employ you once more to defend our faith and way of life, if you are able?	再次感谢你协助保护极乐之地的信众，指挥官。若你方便，我们想再度聘请你捍卫我们的信仰与生活方式。
Welcome blessed friend of the Elysian Fields.  You have helped us many times in the past, and hope you can take on this contract to assist us in preserving our way of life once more.	欢迎你，极乐之地受祝福的朋友。你过去已多次相助，希望你接下这份合约，再度协助我们维护生活方式。
The One Star bless and keep you well Commander. You have done so much for the One Star faith I feel embarrassed to ask for your help again, however I assure you that you will be well paid for your efforts.	愿独星保佑看护你，指挥官。你为独星信仰做得太多，我都不好意思再求你相助，但我向你保证，你的付出会得到丰厚报偿。
Thank you Commander, and bless you for your assistance.  Payment for your help has already been transferred to your account.	谢谢你，指挥官，愿主赐福于你的援手。你应得的报酬已经转入你的账户。
Commander, we appreciate all the help you can provide, but we can only pay you for tasks completed. May the One Star guide you to a more successful result next time.	指挥官，我们感激你能提供的所有帮助，但我们只能为你完成的任务付钱。愿独星引导你下次取得更圆满的结果。
Commander, The light of the One Star can not reach those shrouded in their own darkness, and our c-bills cannot reach those who can't perform the tasks they are contracted to.  Good day!	指挥官，独星之光无法照及身陷自身黑暗之人，而我们的星币也无法付给完不成合约任务之人。日安！
Your dishonorable ways are well known to the Escorpion Imperio, however you might be of service.  Take this batchall, and show me that you can be of service.	你的无耻行径在埃斯科皮翁帝国早已尽人皆知，不过你或许还有点用处。接下这份对战令，向我证明你的价值。
You have assisted the Escorpion Imperio in the past, and I would like to offer you this batchall so that we can continue this relationship.	你过去曾协助过埃斯科皮翁帝国，我想向你提供这份对战令，好让我们的关系继续下去。
Hello again, friend to the Escorpion Imperio.  While there is certainly trust between us, I would like you to take this batchall to show your sincerity before we share all our secrets with you.	又见面了，埃斯科皮翁帝国的朋友。我们之间确有信任，但在与你分享我们的全部秘密之前，我希望你先接下这份对战令以示诚意。
Greetings friend.  You have proven your value to the Escorpion Imperio many times.  I have a task I would entrust to no other, and perhaps afterwards we shall share some necrosa?	你好，朋友。你已多次向埃斯科皮翁帝国证明自己的价值。我有一件只愿托付给你的任务，也许完成后我们会共饮些死后迷幻药？
Commander, {COMPANY.CompanyName} has never served the Federated Commonwealth before, so we have no record of your reliability. Take this contract and show us you can uphold the standards of FedCom forces.	指挥官，{COMPANY.CompanyName}此前从未为联邦联邦效力，我们因此没有你们可靠性的记录。接下这份合约，向我们证明你们能维护联邦联邦部队的标准。
Your exploits are known across neighboring realms, even if you haven't fought for the Commonwealth yet. We see potential utility in your skills; examine this contract and demonstrate your worth.	即便你尚未为联邦而战，你的功业也已传遍邻近诸国。我们看出你的才干有潜在用处；审视这份合约，证明你的价值吧。
Though we have had limited dealings, your performance elsewhere suggests competence and discipline. The Federated Commonwealth will consider further engagements should you complete this mission satisfactorily.	尽管我们往来有限，但你在别处的表现显示出能力与纪律。若你能圆满完成这项任务，联邦联邦将考虑后续的聘用。
Commander, your past service alongside FedCom assets was effective and contributed to our objectives. We extend this contract in confidence of your continued effectiveness.	指挥官，你过去与联邦联邦部队并肩作战颇有成效，为我们的目标作出了贡献。我们怀着对你持续效能的信心献上这份合约。
Greetings again, Commander. Your reliability and battlefield performance have earned the Commonwealth's respect. We present this contract in recognition of your proven capabilities.	又见面了，指挥官。你的可靠与战场表现已赢得联邦的尊重。为表彰你经证实的才干，我们献上这份合约。
Commander, {COMPANY.CompanyName} stands among the more dependable mercenary groups the Federated Commonwealth has enlisted. We trust your execution and value your contributions to our joint goals.	指挥官，{COMPANY.CompanyName}跻身联邦联邦所征募的众多可靠雇佣兵部队之列。我们信任你的执行力，也珍视你对我们共同目标的贡献。
Commander, you are one of the top mercenary companies the Commonwealth prefers to hire—proven, disciplined, and formidable. Here is another critical contract, and we expect excellence as always.	指挥官，你是联邦最中意雇佣的顶级佣兵之一——经受过考验、纪律严明、令人敬畏。这又是份关键合约，我们照例期待卓越的表现。
Exceptional work, Commander. Your success directly furthers the Federated Commonwealth's strategic aims, and your payment has been authorized with commendations to your company.	出类拔萃，指挥官。你的成功直接推进了联邦联邦的战略目标，你的报酬已获批准，并对贵公司致以嘉奖。
Commander, the Federated Commonwealth understands that even capable warriors face unforeseen challenges. Though the objectives weren't all met, we acknowledge your effort and will provide partial payment.	指挥官，联邦联邦明白，即便能干的战士也会遭遇无法预见的挑战。虽然目标并未全部达成，但我们认可你的努力，将支付部分报酬。
Commander, this outcome falls far below the Federated Commonwealth's standards. Your conduct on the field was negligent, and as a result, no payment will be issued. Rebuild your discipline before engaging FedCom interests again.	指挥官，此次结果远低于联邦联邦的标准。你在战场上的行为堪称疏忽，因此不会支付任何报酬。在与联邦联邦利益再有交集之前，先重建你的纪律。
Our resources are limited, and we require external assistance. Your expertise is needed for this mission; compensation will be discussed upon successful completion.	我们资源有限，需要外部援助。这项任务需要你的专长；成功完成后我们将商谈报酬。
Despite any past differences, the Ferris Collective believes in mutually beneficial collaborations. Let's set aside prior disagreements and work together for our common interests.	纵有过往分歧，费里斯共同体仍相信互利合作。让我们搁置宿怨，为共同利益携手。
Greetings, Commander. The Collective has a mission that aligns with your skills. Review this contract; your efforts will be duly compensated.	您好，指挥官。共同体有一项与您的技能相符的任务。请审阅这份合约，您的付出将得到应有的报偿。
The Ferris Collective seeks capable mercenaries for an upcoming operation. Your reputation suggests you're well-suited for the task. Are you interested?	费里斯共同体正为一次即将展开的行动物色能干的雇佣兵。你的名声显示你很适合这项任务。你感兴趣吗？
Commander, our previous collaborations have been fruitful. Let's continue this successful partnership. Please review the attached contract; we trust it meets your expectations.	指挥官，我们此前的合作颇有成效。让我们延续这段成功的伙伴关系。请审阅随附的合约，我们相信它会符合你的期望。
Commander, the Ferris Collective requires your expertise once more. We have a mission suited to your capabilities, with competitive compensation as always. We hope you accept	指挥官，费里斯共同体再次需要你的专长。我们有一项与你能力相称的任务，报酬照旧富有竞争力。希望你能接受。
Commander, your consistent reliability has made you an integral ally to the Collective. Undertake this mission, and you can expect rewards commensurate with your valued contributions.	指挥官，你一贯的可靠使你成为共同体不可或缺的盟友。接下这项任务，你所珍视的贡献将得到相应的回报。
Splendid work, Commander! The Ferris Collective is impressed with your results. Payment has been sent, and we look forward to seeing you again soon—there's always work for allies like you.	干得漂亮，指挥官！费里斯共同体对你的成果印象深刻。报酬已发出，期待不久后再见到你——对你这样的盟友，活儿总是有的。
Commander, you made an honest attempt, and while the mission fell short, we acknowledge your effort. Things don't always go as planned, but we appreciate your dedication nonetheless.	指挥官，你确实作出了诚实的尝试，任务虽未达成，但我们认可你的努力。事情并非总如人意，但你的投入我们依然感激。
Commander, your performance has been nothing short of disappointing. No payment will be issued for such failure. Consider this a warning; improvement is necessary if we are to work together in the future.	指挥官，你的表现简直令人失望。这般失败不会获得任何报酬。权当一次警告：若我们要继续合作，改进必不可少。
Mercenary though you may be, you seem effective enough. The Coalition has need of your skills, Commander.	虽说你只是个雇佣兵，但看起来还算能干。同盟需要你的本事，指挥官。
Greetings, Commander. The Coalition requires aid from someone outside of our own forces. Hopefully you can help us.	您好，指挥官。同盟需要来自我们自身部队之外的援助。希望您能帮上忙。
The Coalition requires mercenaries of skill, Commander, and you fit the bill nicely. With luck, we will both profit from this arrangement.	同盟需要有本事的雇佣兵，指挥官，您正合适。运气好的话，我们双方都能从这桩安排中获利。
Greetings, Commander. Once again, the Coalition requires your services. Should you be successful, we will both profit.	您好，指挥官。同盟再次需要您的效力。若您成功，我们双方都将获利。
Honored friend! Your acts in service to the Coalition have not been forgotten. In light of this, we present you with this choice contract.	尊敬的朋友！您为同盟效力的事迹我们不曾遗忘。有鉴于此，我们向您奉上这份精选合约。
Excellent performance, Commander. The Filtvelt Coalition are pleased with what you have accomplished and the skill you've evidenced. Expect our payment in full!	精彩的表现，指挥官。菲尔特维尔特同盟对你所取得的成就与展现的技艺十分满意。敬请期待我们的全额报酬！
Well, let it never be said the Coalition does not believe in charity. Obviously, your skills could not be equivalent to our own regular armies—so we do not blame you for your inability to complete the contract.	好吧，可别让人说同盟不行善举。显而易见，你的本事无法与我们正规军相提并论——所以我们也就不怪你完不成合约了。
I don't know why we bother offering you contracts, to be perfectly honest. It's obvious you're not a friend to the Finmark Free Republic, but desperate times require desperate measures, so we have to scrape the bottom of the barrel.	说实话，我不知道我们何必费心给你合约。你显然不是芬马克自由共和国的朋友，但危难之时须用非常手段，所以我们只能到桶底去刮渣了。
The Finmark Free Republic has a use for mercenaries like you, Commander. I think you'll be interested in the attached contract. Hopefully you will find it to your liking.	芬马克自由共和国用得上你这样的雇佣兵，指挥官。我想你会对随附的合约感兴趣。希望它能合你心意。
The Finmark Free Republic would like to offer you a choice contract, Commander. As the leader of a respected mercenary company, you should find the terms both fair and equitable, I think.	芬马克自由共和国想向你提供一份精选合约，指挥官。作为一支受尊敬的雇佣兵公司的首领，我想你会觉得条款既公道又公平。
Commander, I hope this message finds you well. The people of the Finmark Free Republic would like to offer a contract to you, owing to our respect for your skills. Please consider it carefully.	指挥官，愿此信送达时您一切安好。芬马克自由共和国的人民出于对您才干的敬重，想向您提供一份合约。请仔细考虑。
Greetings, my friend. This contract is not one we would offer to a lesser mercenary, but you've proven your loyalty, prowess, and dedication to the ideals of the Finmark Free Republic. Please accept our offer.	你好，我的朋友。这份合约我们不会提供给次一等的雇佣兵，但你已证明了自己对芬马克自由共和国理想的忠诚、勇武与奉献。请接受我们的提议。
We both know the score, Commander. The Republic relies on you like you're one of our own, and you've always been happy to help us out. I hope you will agree to complete this contract as it is suitable to one of your stature.	我们彼此心知肚明，指挥官。共和国倚重你，待你如自己人，而你也一直乐于助我们一臂之力。希望你愿意完成这份与你的地位相称的合约。
Top-tier work, Commander — The Republic is very happy with your performance. Keep it up, and I'll make sure a lot more work comes your way.	一流的活计，指挥官——共和国对你的表现非常满意。继续保持，我会确保有更多活儿找上你。
The Finmark Free Republic understands that sacrifice on the battlefield doesn't always translate to victory. It was a valiant effort, even though it failed. Carry this loss with you so the knowledge can be used to win the next one.	芬马克自由共和国明白，战场上的牺牲并不总能换来胜利。这是场英勇的努力，虽然失败了。带着这次失利前行，让教训助你赢得下一场。
Commander, not every battle ends in victory, but the Galatean League values the effort you've put forth. Learn from this defeat and return stronger—we know you're capable.	指挥官，并非每场战斗都以胜利告终，但加拉特联盟珍视你付出的努力。从这次失败中汲取教训，归来时更强——我们知道你有这个本事。
Commander, your lackluster performance has been a serious disappointment. The League cannot tolerate such ineptitude—improve your methods or don't bother answering future calls for aid.	指挥官，你平淡乏味的表现令人大失所望。联盟无法容忍这等无能——改进你的方法，否则就别回应我们未来的求援了。
Your insistence on opposing the Bear has not gone unnoticed, mercenary.  However, I am generous.  You can begin to make amends with this batchall.	你执意与熊为敌，这事我们不会视而不见，雇佣兵。不过我心胸宽厚，你可以从接下这份对战令开始弥补。
The Bear has faced you in battle before, and you are a competent warrior.  Take up this batchall and perhaps we can find a more common purpose.	熊曾在战斗中与你相遇，你也是位能干的战士。接下这份对战令，或许我们能找到共同的目标。
You have assisted the Bear in the past, and I would like to offer you this batchall so that we can continue this relationship.	你过去曾协助过熊，我想向你提供这份对战令，好让我们的关系继续下去。
Hello again, friend to the Dominion.  We offer you this batchall in recognition of our kinship.	又见面了，联邦的朋友。为纪念我们的亲缘，我们向你献上这份对战令。
Greetings, my brother.  You have helped me so often, I almost look at you as a member of my own family.  I have this choice batchall for you, if you are interested.	你好，我的兄弟。你帮我太多次，我几乎把你当作自己的家人。我这里有份精选对战令，不知你是否感兴趣。
Well done Commander.  The satisfactory completion of this batchall will benefit the Bear, and I have transferred your c-bills as agreed.	干得好，指挥官。这份对战令的圆满完成将惠及熊，我已按约定把星币转入你的账户。
You clearly lacked the strength to complete all the objectives. However, I will provide a partial payment for your partial completion, so long as you do better next time.	你显然缺乏完成所有目标的力量。不过，只要你下次表现更好，我仍会为你的部分完成支付部分报酬。
Commander, you have constantly been a thorn in the side of the Hanseatic League's desire for mutually profitable trade.  However, if you desire C-Bills so badly, we do have this contract you can undertake.	指挥官，你一直如芒刺在背，妨碍着汉萨同盟互利贸易的愿望。不过，若你真那么想要星币，我们确实有这份合约可以交给你。
Commander, your attacks against the Hanseatic League have done little to engender trust between us; perhaps we can reverse this trend with this contract?	指挥官，你对汉萨同盟的袭击几乎没能为我们之间赢得任何信任；也许我们能借这份合约扭转这一局面？
Commander, the Hanseatic League is a mercantile alliance; we are traders.  Rather than attack us, let us work together for mutual benefit.	指挥官，汉萨同盟是个商业联盟；我们是商人。与其攻打我们，不如为互利而携手合作。
Greetings Commander.  The Hanseatic League has a task requiring a lance of mercenaries such as yours, shall we negotiate on a payment for your services?	您好，指挥官。汉萨同盟有一项任务需要你这样的小队雇佣兵，我们是否该谈谈你效力的报酬？
Greetings again Commander.  The Hanseatic League once again have a small matter you can assist with, if you would care to negotiate a mutually agreeable payment?	又见面了，指挥官。汉萨同盟再次有桩小事可以请你相助，你是否愿意谈谈一份双方都能接受的报酬？
Hello again, friend of the Hanseatic League.  I have kept this profitable contract aside in hopes of meeting with you, shall we discuss it further?	又见面了，汉萨同盟的朋友。我特意把这单有利可图的合约留到你到来，我们不妨详谈？
Greetings my trusted friend.  We have both profited greatly from our past dealings, so much so that I have this one task that I will pay you handsomely if you can complete for me.	你好，我信赖的朋友。我们过去的交易让双方都获利甚丰，正因为如此，我这有一项任务，你若能完成，我定会慷慨付酬。
Well done Commander.  The satisfactory completion of this contract will benefit us greatly, and we have transferred your c-bills to your account.	干得好，指挥官。这份合约的圆满完成将让我们大受裨益，我们已把星币转入你的账户。
You are aware that a fulfilling a contract requires you to complete the primary objective?  In the spirit of good faith, we will provide a partial payment this time, please don't let it happen again.	你应当明白，履行合约要求你完成主要目标吧？本着善意，这次我们会提供部分报酬，请别再让这种事发生。
Do you have any idea how much your failure will cost the Hanseatic League, and myself personally?  Leave, and don't return until you are capable of completing a contract!	你知道你的失败会让汉萨同盟、让我个人损失多大吗？走吧，等你有能力完成合约再回来！
The Havens do not welcome you, Commander, and I would see you gone if it were up to me. Yet, even in distaste, necessity rules. Prove yourself with this task if you wish to start repairing your reputation.	避风港不欢迎你，指挥官，若由我做主，我恨不得你立刻消失。然而即便心中厌恶，形势所需胜过一切。若你想开始修复名誉，就用这项任务证明自己。
You have brought harm to The Havens, Commander, but grudges can only last so long. Help us with this mission, and we can find common ground through success.	你给避风港带来了伤害，指挥官，但积怨总有限度。帮我们完成这项任务，我们便能借成功找到共同点。
The Havens respects warriors of skill, Commander. Let us set aside differences and forge profit from your strength through this contract.	避风港敬重有本事的战士，指挥官。让我们搁置分歧，借这份合约从你的力量中谋取利润。
Greetings, Commander. The Havens rarely calls for outside assistance, but your expertise suits a unique task that demands your attention.	您好，指挥官。避风港极少求助外力，但你的专长正适合一项需要你来处理的任务。
Welcome back, Commander. Your proven reliability brings another opportunity. Take a look at this contract. I believe you'll find it beneficial.	欢迎归来，指挥官。你经证实的可靠带来又一次机会。看看这份合约，我相信你会发现它很有好处。
Commander, The Havens appreciates your hand in our shared victories. We offer you this new target, knowing your skill will bring another success.	指挥官，避风港感谢你在我们共同的胜利中出力。我们为你提供这个新目标，深知你的技艺将带来又一次成功。
Come, friend of The Havens. We have an honorable task for you—another step to greatness that will bring glory and prosperity to us both.	来吧，避风港的朋友。我们有件体面的任务给你——通往伟大的又一步，将为我们双方带来荣耀与繁荣。
You've proven yourself a mighty ally of The Havens, Commander. Payment is already being transferred—another victory shared between us.	你已证明自己是避风港的强大盟友，指挥官。报酬已在转账——又一场我们共享的胜利。
Commander, you completed part of the mission, and for that, you have earned partial payment. Next time, we hope to see a better outcome.	指挥官，你完成了部分任务，为此你已赚得部分报酬。下次，我们希望能看到更好的结果。
Commander, your failure is a disgrace to The Havens. Return only if you seek to redeem yourself.  Until then, you are no longer welcome here.	指挥官，你的失败是避风港的耻辱。除非你寻求赎罪，否则不要回来。在那之前，这里不再欢迎你。
Commander, the Illyrian Palatinate has always welcomed mercenaries; yet you constantly attack us. Is it just for money? If you desire C-Bills so badly, we have this contract you can undertake that's not against us for a change.	指挥官，伊利里亚伯国向来欢迎雇佣兵，可你却屡屡攻打我们。难道只是为了钱吗？若你真那么想要星币，我们这份合约交给你去办，换换花样，不再针对我们。
Commander, I don't know what lies you have been told about the Illyrian Palatinate, but I can assure you that you have no reason to harm us.  Please accept this contract, and we can start working together.	指挥官，我不知道你听了多少关于伊利里亚伯国的谎言，但我向你保证，你没有理由伤害我们。请接下这份合约，让我们开始合作。
Commander, we of the Illyrian Palatinate don't want to involve embroil ourselves in conflict with you.  Rather than attack us, let us work together for mutual benefit.	指挥官，我们伊利里亚伯国不想卷入与你的冲突。与其攻打我们，不如为互利而携手合作。
Greetings Commander.  The Illyrian Palatinate has a task requiring a competent lance of mercenaries, can we discuss the details?	您好，指挥官。伊利里亚伯国有一项任务需要一支能打的雇佣兵小队，我们能否细谈？
Greetings again Commander.  The Illyrian Palatinate once again have a small matter you can assist with, if you would care to help?	又见面了，指挥官。伊利里亚伯国再次有桩小事可以请你相助，你是否愿意帮忙？
Hello again, friend of the Illyrian Palatinate.  I have a task I would generally not entrust to a mercenary, but I am willing to pay you well to complete it.	又见面了，伊利里亚伯国的朋友。我有一项平时绝不托付给雇佣兵的任务，但我愿意出重金请你完成。
Greetings my trusted friend.  The Illyrian Palatinate is already indebted to you for your services in the past, so I have saved this choice contract for you if you want it?	你好，我信赖的朋友。伊利里亚伯国早已因你过去的效力而欠你人情，所以我为你留着这份精选合约，你想要吗？
Well done Commander.  The satisfactory completion of this contract will benefit the Illyrian Palatinate, and we have transferred your c-bills to your account.	干得好，指挥官。这份合约的圆满完成将惠及伊利里亚伯国，我们已把星币转入你的账户。
Your contract with the Illyrian Palatinate required you to complete the primary objective, not just 'make an attempt'.  In the spirit of good faith, we will provide a partial payment this time, please don't let it happen again.	你与伊利里亚伯国的合约要求你完成主要目标，而不只是"尝试一下"。本着善意，这次我们会提供部分报酬，请别再让这种事发生。
Factions push at our borders, Rasalhaguan refugees poor in to escape the conflicts, and now I get incompetent mercenary Commanders who can't complete any of the objectives required.  Go away, I have no time for your excuses.	各势力在边境步步紧逼，拉沙尔哈格难民涌来躲避战火，如今我又要应付连任一目标都完不成的无能雇佣兵指挥官。滚开，我没时间听你辩解。
You have done more to undermine the existence of the St Ives Compact than the Capellan Federation has since we left!  Please reverse this trend by agreeing to this contract.	你对我们圣艾夫斯协约存续的破坏，比嘉佩兰联邦自我们离开以来做的还多！请接下这份合约，扭转这一局面。
Commander, I am curious as to why you have fought so often against us in the past.  If it was just for money, I can assure you that the St Ives Compact is equally capable of paying for your services, such as for this task.	指挥官，我很好奇你过去为何屡屡与我们为敌。若只是为了钱，我可以向你保证，圣艾夫斯协约同样付得起你的效力，比如这项任务。
Commander, the St Ives Compact is a friendly place, and I wonder how we got off on the wrong foot.  Let us put the past behind us, and agree to suitable terms for this contract.	指挥官，圣艾夫斯协约是个友善之地，我不知道我们当初如何起了误会。让我们把过往抛在脑后，就这份合约谈妥合适的条款。
Welcome Commander.  The St Ives Compact requires the services of a competent lance of 'mechs, shall we discuss how you wish to be paid?	欢迎，指挥官。圣艾夫斯协约需要一支能打的机甲小队效力，我们是否该谈谈你希望如何获酬？
Greetings my friend.  The St Ives Compact appreciates all the help you have given us, and we would like to offer you this contract by way of thanks.	你好，我的朋友。圣艾夫斯协约感激你给予的所有帮助，特此献上这份合约聊表谢意。
If it's not the Hero of the St Ives Compact!  I trust you like no other, and having said that I have a task I would entrust to no other.  Shall we discuss payment?	这不是圣艾夫斯协约的英雄吗！我信任你胜过任何人，正因如此，我有件只愿托付给你的任务。我们是否该谈谈报酬？
Thank you for your services Commander.  The St Ives Compact has transferred the agreed payment into your account, and we hope to have further work for you soon.	感谢你的效力，指挥官。圣艾夫斯协约已把约定好的报酬转入你的账户，我们希望不久后有更多活儿交给你。
Commander, I don't know what happened, but we can't pay you when you completely fail the mission.  I hope this never happens again, for everyone's sake.	指挥官，我不知道出了什么事，但你彻底搞砸了任务，我们没法付你钱。希望这种事再也别发生，为大家好。
The JarnFolk despise you, and I would shoot you myself if you stood before me.  If you want to improve this situation, start by performing this small task for us.	雅恩族鄙视你，若你站在我面前，我早就亲手开枪了。若你想改善局面，就从为我们完成这桩小任务开始。
You have sent many JarnFolk to Valhalla, including some of my own clan.  Let us end this blood feud; assist us in this task and we will pay you well.	你送了不少雅恩族去英灵殿，其中还有我本族的同胞。让我们结束这场血仇吧；协助我们完成这项任务，我们会给你丰厚报酬。
Commander, the JarnFolk acknowledge your strength in combat.  Let us turn that to our mutual profit shall we?	指挥官，雅恩族认可你的战斗实力。不如让我们借此谋取共同的利益，如何？
Welcome Commander.  The JarnFolk are a peaceful agrarian people, however there is a task that someone with your skills could assist us with.	欢迎，指挥官。雅恩族是爱好和平的农耕民族，不过有一项任务，或许需要你这样的身手来相助。
Greetings my friend.  The blood of our enemies flows freely by your hand, and we have another target for you.	你好，我的朋友。我们敌人的血在你手下自由流淌，我们还有一个目标给你。
Come, let us discuss the next target we wish you to go a viking against.  Odin will have a place at his table for you my friend!	来吧，我们谈谈下一个想让你去劫掠的目标。奥丁会为你留一个席位，我的朋友！
You fight with the strength of Thor, Commander!  Well done, payment is being transferred as we speak.	你以托尔般的力量作战，指挥官！干得好，报酬正在转账。
What sort of whelp are you that runs from battle?  Do you not want to feast in Valhalla?  Begone, before I kill you myself.	你是什么品种的孬种，竟从战斗中逃跑？你不想在英灵殿赴宴吗？滚远点，趁我还没亲手杀了你。
We have a job for you, Commander. Let's hope you're not as much of a disappointment this time.	我们有份活儿给你，指挥官。但愿这次你别再那么令人失望。
Even if you only work for profit and salvage, you seem effective enough. The Prefecture has need of your skills, Commander.	即便你只为报酬与战利品而战，你也算够用了。辖区需要你的本事，指挥官。
The Kittery Prefecture would like to offer you a choice contract, Commander. As the leader of a respected mercenary company, you should find the terms both fair and equitable.	基特里辖区想向你提供一份精选合约，指挥官。作为一支受尊敬的雇佣兵公司的首领，你应该会觉得条款既公道又公平。
Hello, Commander. We value this relationship, and so we would like to offer you first right of refusal on this contract. The job is simple, and the pay adequate. We know it to be within your capabilities as well.	你好，指挥官。我们珍视这段关系，因此想给你这份合约的优先拒绝权。活儿简单，报酬也过得去，我们也知道这在你的能力范围内。
Maintaining the Prefecture against its enemies requires warriors of skill and honor, Commander, and you appear to have both.	指挥官，抵御外敌、维系辖区，需要既有本事又有荣誉的战士，而你似乎两者兼具。
Greetings Commander.  You have proven to be quite a friend to the Prefecture. We have saved this contract as reward for your services.	您好，指挥官。你已证明自己是辖区的挚友。我们留着这份合约，作为对你效力的奖赏。
Honored friend! The Prefecture has not forgotten your contributions to its continued existance. In light of this, we present you with this choice contract.	尊敬的朋友！辖区不曾忘记你对其存续所作的贡献。有鉴于此，我们向您奉上这份精选合约。
Excellent work, Commander. You have our gratitude and your reward is on its way.	干得漂亮，指挥官。我们感激你，你的报酬正在路上。
Commander, we understand the efforts you expended in attempting to achieve the goals of this mission. We're not upset, just disappointed.	指挥官，我们明白你为达成这次任务目标所付出的努力。我们不是生气，只是失望。
Removing Blakists is even more difficult when we have to hand-hold incompetent merceraries such as you!  Don't fail us again.	我们还得手把手扶着像你这样的无能雇佣兵，清剿布雷克信徒就更难了！别再让我们失望。
You work for pay, do you not? House Kurita has plenty of money for you, mercenary. Simply be quick and efficient about it—we have little time for your kind.	你是为钱干活的，对吧？库瑞塔家族有的是钱给你，雇佣兵。只要干得利落高效——我们没工夫应付你这种人。
My friend, you know we bring you only the contracts worthy of your talents. So it is that I offer you this—and payment that you will find is more than fair.	我的朋友，你知道我们只会把配得上你才干的合约交给你。因此，我把这份合约和一笔你会认为相当公道的报酬交给你。
Commander, I hope you are in good health. This contract may interest you—it fits your skills and the strengths of your company. With any luck, we'll both get what we want out of this job.	指挥官，希望你一切安好。这份合约或许适合你：既符合你的技能，也符合你们公司的实力。顺利的话，这次任务能让我们各取所需。
I hope you're well, my friend. We in the Magistracy need your help once again. This contract may interest you—especially the bottom line. I think you'll find our conservation more than fair.	希望你一切安好，我的朋友。马里安霸权再次需要你的帮助。这份合约或许会让你感兴趣，尤其是报酬。我想你会觉得我们的条件十分公道。
We both know the score, Commander. House Marik relies on you like you're one of our own, and you've always been happy to help us out. I hope you can see fit to agree this time as well—this is a job too important for lesser warriors.	指挥官，你我都清楚局势。马里克家族把你当作自家人一样倚重，而你也一直乐于相助。希望你这次也能答应——这项任务不是普通战士能够胜任的。
I don't know why we bother offering you contracts, to be perfectly honest. It's obvious you're not a friend to the Marik-Stewart Commonwealth. Regardless, we find ourselves in desperate times, so we have to scrape the bottom of the barrel.	说实话，我不知道我们何必费心给你合约。显然，你不是马里克-斯图尔特联邦的朋友。尽管如此，我们眼下处境艰难，只能到桶底去刮渣了。
Marik-Stewart Commonwealth has a use for mercenaries like you, Commander. I think you'll be interested in the attached contract. Hopefully we can come to a mutually beneficial agreement.	马里克-斯图尔特联邦用得上你这样的雇佣兵，指挥官。我想你会对随附的合约感兴趣。希望我们能达成互利协议。
Marik-Stewart Commonwealth would like to offer you a choice contract, Commander. As the leader of a respected mercenary company, you should find the terms both fair and equitable, I think.	马里克-斯图尔特联邦想向你提供一份精选合约，指挥官。作为一支受尊敬的雇佣兵公司的首领，我想你会认为条款既公道又公平。
Greetings, my friend. This contract is not one we would offer to a lesser mercenary, but you've proven your loyalty, prowess, and dedication to the ideals of the Marik-Stewart Commonwealth. I hope you'll accept our offer.	你好，我的朋友。这份合约不是我们会交给普通雇佣兵的，但你已经证明了自己对马里克-斯图尔特联邦理念的忠诚、实力与投入。希望你接受我们的提议。
We both know the score, Commander. The Marik-Stewart Commonwealth relies on you like you're one of our own, and you've always been happy to help us out. I hope you can see fit to agree this time as well—this is a job too important for lesser warriors.	你我都清楚局势，指挥官。马里克-斯图尔特联邦把你当作自家人一样倚重，而你也一直乐于相助。希望你这次也能答应——这项任务不是普通战士能够胜任的。
Commander, your constant skirmishes against the New Oberon Confederation are exhausting for both of us. Let us set aside hostilities and explore mutual opportunities for gain.	指挥官，你不断与新奥伯伦邦联交战，已经让我们双方都筋疲力尽。让我们放下敌意，探索共同获利的机会吧。
Commander, the Confederation can match any offer from our rivals. Consider this contract and let us forge a beneficial partnership.	指挥官，邦联可以匹敌竞争对手的任何报价。考虑一下这份合约，让我们建立互利的合作关系。
Your victories over us prove your capabilities, Commander. The New Oberon Confederation acknowledges your skill.  Take this contract, and let us work together rather than as adversaries.	你战胜我们的事实证明了你的能力，指挥官。新奥伯伦邦联认可你的实力。接下这份合约，让我们别再彼此为敌，携手合作吧。
The restored government of the New Oberon Confederation seeks a mercenary outfit of your caliber for an important contract. Are you interested?	新奥伯伦邦联的复兴政府正在寻找像你们这样出色的雇佣兵公司来执行一项重要合约。你有兴趣吗？
Your combat prowess continues to impress, Commander. Our mutual gains have been fruitful, and I have another contract for you that should enrich us both.	指挥官，你的战斗实力依旧令人印象深刻。我们共同获利，合作成果丰硕；我还有一份能让我们双方都受益的合约给你。
Welcome back, Commander. The Confederation values our past collaborations and has another lucrative job lined up for you, one with significant spoils to claim.	欢迎回来，指挥官。邦联珍视我们过去的合作，又为你安排了一份利润丰厚、战利品可观的工作。
Ahoy, Commander! Good to see you again. I've got a plum job that promises a hefty payday and plenty of spoils. Shall we set sail together once more?	嘿，指挥官！很高兴再次见到你。我这里有份上等活儿，报酬丰厚，战利品也少不了。我们再一次扬帆同行，如何？
Excellent work, Commander! You handled the contract brilliantly, and your payment, let's call it 'loot', is already in your account.	干得漂亮，指挥官！你出色地完成了合约。你的报酬——姑且称作“战利品”吧——已经到账。
That's not the level of determination the New Oberon Confederation expects, Commander. Partial payment is yours for what you achieved, but next time, complete the mission or face the consequences.	这可不是新奥伯伦邦联期待的决心，指挥官。你会获得已完成部分的报酬，但下次请完成任务，否则后果自负。
Failure like this dishonors the agreement, Commander. Be thankful I'm sparing you further reprimand. Leave, and don't return unless you can uphold your word.	这样的失败有损协议，也有损你的信誉，指挥官。感谢我还愿意免去进一步斥责。离开吧，除非你能信守承诺，否则别回来。
Commander, your constant fighting against the forces of the Oberon Confederation is draining on both of us.  Perhaps we could put aside our enmity and work together for mutual gain?	指挥官，你不断与奥伯伦邦联的部队交战，已经让我们双方都筋疲力尽。或许我们可以放下敌意，为共同利益合作？
Commander, we can offer you contracts that match our rivals.  Please take up this contract and let us work together.	指挥官，我们能提供不逊于竞争对手的合约。请接下这份工作，让我们携手合作。
The legitimate government of the Oberon Confederation have a contract for a mercenary group of your calibre, if you are interested.	奥伯伦邦联的合法政府有一份合约要交给像你们这样的雇佣兵公司，如果你有兴趣的话。
You fight well Commander, and we've both benefited from our relationship in the past.  I have another contract for you, the loot from which will benefit us both.	你打得不错，指挥官，我们双方都曾从这段关系中获益。我还有一份合约给你，其中的战利品也会让我们双方受益。
Ahoy Commander, it's good to see you again.  I've got another job for you, one where a good bit of loot to be had.	嘿，指挥官，很高兴再次见到你。我这里还有一份活儿，能捞到不少战利品。
You'd never make it in the Oberon Confederation with that sort of cowardly attitude!  I'll partially pay you this time, but complete the damn contract next time, or else!	你这副胆小的德性，永远别想在奥伯伦邦联立足！这次我会付给你部分报酬，但下次要把该死的合约完成，否则后果自负！
I should cut out your heart and enslave your entire crew for failing this simple task.  Leave, before I decide to do it!	你没完成这桩简单任务，我真该挖出你的心脏、奴役你的全体船员。滚吧，趁我还没决定这么做！
I don't know why we bother offering you contracts, to be perfectly honest. It's obvious you're not a friend to the Oriente Protectorate. Regardless, we find ourselves in desperate times, so we have to scrape the bottom of the barrel.	说实话，我不知道我们何必费心给你合约。显然，你不是东方保护国的朋友。尽管如此，我们眼下处境艰难，只能到桶底去刮渣了。
The Oriente Protectorate has a use for mercenaries like you, Commander. I think you'll be interested in the attached contract. Hopefully we can come to a mutually beneficial agreement.	东方保护国用得上你这样的雇佣兵，指挥官。我想你会对随附的合约感兴趣。希望我们能达成互利协议。
The Oriente Protectorate would like to offer you a choice contract, Commander. As the leader of a respected mercenary company, you should find the terms both fair and equitable, I think.	东方保护国想向你提供一份精选合约，指挥官。作为一支受尊敬的雇佣兵公司的首领，我想你会认为条款既公道又公平。
Commander, I hope this message finds you well. The people of the Oriente Protectorate would like to extend a contract to you, owing to our respect for your skills. Please consider it carefully.	指挥官，希望你收到这条消息时一切安好。东方保护国的人民想把这份合约交给你，这是出于我们对你能力的尊重。请仔细考虑。
Greetings, my friend. This contract is not one we would offer to a lesser mercenary, but you've proven your loyalty, prowess, and dedication to the ideals of the Oriente Protectorate. I hope you'll accept our offer.	你好，我的朋友。这份合约不是我们会交给普通雇佣兵的，但你已经证明了自己对东方保护国理念的忠诚、实力与投入。希望你接受我们的提议。
Commander, clearly we are at your mercy here, so I beg you to stop fighting us.  If you want money or salvage, I can offer you those with this contract.	指挥官，显然我们现在只能任你处置，所以求你别再与我们作战了。如果你想要钱或战利品，我可以通过这份合约给你。
Please Commander, the Outworld Alliance desperately needs you to stop fighting against us.  I have been authorized to offer this contract in the hopes of a future together.	求你了，指挥官，外世界联盟迫切需要你停止与我们作战。我已获准向你提供这份合约，希望我们能共同迎来未来。
Commander, the Outworld Alliance faces pressures from other factions, we would really appreciate you considering this contract to perform a task for us.	指挥官，外世界联盟正承受其他势力的压力。如果你愿意考虑接下这份任务，我们将不胜感激。
The Outworld Alliance greets you Commander, and I can offer you this contract for your consideration.	外世界联盟向你问候，指挥官。我可以把这份合约交给你考虑。
The Ragnarök Union sees you as nothing more than a mercenary outcast, undeserving of trust. If you wish to change that perception, begin by proving yourself useful with this simple task.	拉格纳洛克联盟只把你当作不值得信任的流亡雇佣兵。如果你想改变这种看法，就从用这项简单任务证明自己的价值开始。
You have crossed the Ragnarök Union many times, Commander, and taken the lives of those under our banner. Let us put our history aside. Complete this task and you will be rewarded handsomely.	指挥官，你多次与拉格纳洛克联盟为敌，杀害了我们旗帜下的人。让我们把过去暂时放下。完成这项任务，你会得到丰厚报酬。
Commander, your reputation as a warrior precedes you. The Ragnarök Union values strength, and we have a proposition that could benefit us both.	指挥官，你作为战士的名声早已传开。拉格纳洛克联盟重视力量，我有个能让我们双方受益的提议。
Welcome, Commander. While the Ragnarök Union values its independence, we recognize the need for external support. There's a task that suits your skills perfectly.	欢迎，指挥官。拉格纳洛克联盟重视独立，但也承认需要外部支援。这里有项非常适合你技能的任务。
Good to see you again, Commander. Our past collaborations have been fruitful, and I have another contract that could further our mutual benefit.	很高兴再次见到你，指挥官。我们过去的合作成果丰硕，我还有一份能进一步增进互利的合约给你。
Greetings, my friend. Your skill in combat has greatly aided the Union before. I have another target that needs dealing with—your expertise will ensure success.	你好，我的朋友。你出色的战斗技能曾大大帮助过联盟。我还有一个目标需要处理——你的专长会确保任务成功。
Come, Commander. Let us strategize about your next mission. Your valor brings honor to both you and the Union, and the rewards will match the effort.	来吧，指挥官。让我们谋划你的下一项任务。你的勇气为你和联盟带来荣誉，报酬也会与付出相称。
Outstanding work, Commander. You've proven your worth to the Ragnarök Union, and payment is already on its way to your account.	出色的工作，指挥官。你证明了自己对拉格纳洛克联盟的价值，报酬已经在转入你的账户。
Commander, this outcome is not what we hoped for, but you displayed courage in the effort. Partial payment is on the way—do better next time.	指挥官，这个结果并非我们所希望的，但你在行动中展现了勇气。部分报酬正在路上——下次做得更好。
Your failure reflects poorly on both of us, Commander. We demand competency, and you've proven incapable. Leave before we consider stronger consequences.	你的失败让我们双方都蒙羞，指挥官。我们要求的是能力，而你已经证明自己做不到。趁我们还没考虑更严厉的后果，离开吧。
The FRR was established as a peaceful neutral nation, however your constant attacks have placed our very existence in jeopardy.  I beg you to reverse this trend and take this contract to promote our mutual interests.	自由拉萨尔哈格共和国原本是和平中立的国家，但你不断发动攻击，已经把我们的生存置于危急关头。我恳请你扭转这一趋势，接下这份合约，促进双方共同利益。
The Free Rasalhague Republic has been the target of your attacks on numerous occasions Commander.  If you seek simply profit, I can offer you a suitable contract that will provide the profits you seek.	自由拉萨尔哈格共和国曾多次成为你的攻击目标，指挥官。如果你只是想获利，我可以提供一份合适的合约，让你得到想要的收益。
Commander, the FRR have faced you in combat before, and you are obviously a competent warrior.  I have a contract here for you, should you wish to profit from working with us, rather than against us.	指挥官，自由拉萨尔哈格共和国过去曾与你交战，而你显然是名合格的战士。如果你想与我们合作而非为敌，我这里有一份合约。
The Free Rasalhague Republic welcomes you Commander.  I have a contract here that would suit someone of your ability if you are interested.	自由拉萨尔哈格共和国欢迎你，指挥官。我这里有一份适合你能力的合约，如果你有兴趣的话。
Hello again Commander.  We have profited before from our dealings, and I hope to continue this by offering you this contract.	指挥官，又见面了。我们过去从交易中获益良多，希望通过把这份合约交给你继续获利。
Welcome Commander.  The FRR appreciates your continued efforts on our behalf, and I have a particularly profitable task for you if you would like it?	欢迎，指挥官。自由拉萨尔哈格共和国感谢你一直以来的努力；如果你愿意，我这里有一项利润丰厚的任务。
Hello my friend.  You have done so much for us that even Prince Magnusson sings your praises.  I have saved this task for you, as I feel you are uniquely capable of completing it.	你好，我的朋友。你为我们做了这么多，连马格努松亲王都在称赞你。我把这项任务留给你，因为我认为只有你最有能力完成它。
On behalf of the FRR, I thank you for your services.  Full payment has been transferred to your nominated account.	我谨代表自由拉萨尔哈格共和国感谢你的效力。全额报酬已经转入你指定的账户。
The FRR expects more of it's mercenaries Commander.  However, you did at least partially accomplish the objectives, so I have taken the liberty of making a partial payment of the contract.	自由拉萨尔哈格共和国对雇佣兵有更高要求，指挥官。不过你至少完成了部分目标，所以我自作主张，先支付这份合约的部分报酬。
You have failed the FRR, and you have not upheld your part of the contract in any significant way.  I hope you don't expect payment for this fiasco.	你辜负了自由拉萨尔哈格共和国，也几乎没有履行合约中的责任。我希望你没打算为这场惨败索要报酬。
Your insistence on opposing the Dominion has been noted, Commander. However, we offer you this mission to demonstrate your ability to work alongside us rather than against us.	指挥官，你坚持反对我们的自治领，这一点我们已经注意到了。不过，我们提供这项任务，是为了证明你也能与我们并肩，而非与我们为敌。
You have an appetite for battle, Commander. Let this contract give you a chance to channel that hunger in service to the Dominion.	你渴望战斗，指挥官。这份合约可以让你把这股饥渴用在为自治领效力上。
We have faced you before, Commander, and you have proven your skill as a warrior. Accept this contract, and we may yet find common ground in purpose.	我们曾与你交手，指挥官，你已经证明了自己是一名出色的战士。接受这份合约，也许我们还能找到共同目标。
You are an unknown quantity to us, Commander. Prove your worth on this mission, and perhaps a fruitful relationship can begin.	指挥官，对我们而言你还是个未知数。在这项任务中证明自己的价值，也许我们能建立富有成果的关系。
Your prior service to the Dominion has been appreciated. I offer you this mission to continue building upon our established trust.	你过去为自治领效力，表现值得肯定。我把这项任务交给你，继续巩固我们已经建立的信任。
Greetings again, trusted ally of the Dominion. This mission represents the mutual respect and cooperation we have come to expect from one another.	自治领值得信赖的盟友，欢迎再次见面。我们彼此都已习惯这种相互尊重与合作，这项任务正体现了这一点。
Greetings, my brother-in-arms. You have served the Dominion so faithfully that I see you as almost one of us. I entrust you with this key mission, knowing you will not falter.	你好，我的战友。你一直如此忠诚地为自治领效力，我几乎把你当成了我们的一员。我把这项关键任务托付给你，相信你不会失手。
Your successful completion of this mission brings great benefit to the Dominion. The agreed-upon payment has been transferred in recognition of your effort.	成功完成这项任务将为自治领带来巨大收益。为表彰你的努力，约定的报酬已经转账。
Though you fell short of completing all objectives, your effort has not gone unnoticed. A partial payment will be issued, but I expect better results next time.	虽然你没有完成所有目标，但你的努力并未被忽视。我们会支付部分报酬，不过我期待你下次取得更好的结果。
Your failure is unworthy of a warrior's name, Commander. You have dishonored this agreement and earned only my disappointment and scorn.	你的失败配不上战士之名，指挥官。你玷污了这份协议，只赢得我的失望与鄙夷。
The Raven Alliance has faced you in battle before.  Take up this batchall so we can mutually profit from a closer relationship.	乌鸦联盟曾与你并肩作战。接下这份战斗邀约，让我们通过更紧密的关系共同获利。
You have assisted the Raven Alliance in the past.  Continue to be useful by taking up this batchall and we will offer you more profitable tasks.	你过去帮助过乌鸦联盟。继续接下这份战斗邀约、证明自己的价值，我们会为你提供更多利润丰厚的任务。
Hello again, my mercenary friend.  I have saved this batchall especially for you, in recognition of your fine service in the past.	你好，我的雇佣兵朋友。我特意为你留着这份战斗邀约，以感谢你过去的出色效力。
Commander, you can't expect to enter into a batchall and then fail to fulfill any of the conditions!  You will need to try much harder if you wish to have any further dealings with the Raven Alliance.	指挥官，你不能指望接下战斗邀约后却不履行任何条件！如果还想和乌鸦联盟打交道，你就得更加努力。
I wish this enmity between us to go away so that we can offer you more exclusive batchalls.  Please take this so that we can move towards a more trusting relationship.	我希望我们之间的敌意能够消散，好让我们向你提供更多专属战斗邀约。请接下这份工作，让我们走向更值得信赖的关系。
I don't know why we bother offering you contracts, to be perfectly honest. It's obvious you're not a friend to the Regulan Fiefs. Regardless, we find ourselves in desperate times, so we have to scrape the bottom of the barrel.	说实话，我不知道我们何必费心给你合约。显然，你不是雷古兰领地的朋友。尽管如此，我们眼下处境艰难，只能到桶底去刮渣了。
The Regulan Fiefs has a use for mercenaries like you, Commander. I think you'll be interested in the attached contract. Hopefully we can come to a mutually beneficial agreement.	雷古兰领地用得上你这样的雇佣兵，指挥官。我想你会对随附的合约感兴趣。希望我们能达成互利协议。
The Regulan Fiefs would like to offer you a choice contract, Commander. As the leader of a respected mercenary company, you should find the terms both fair and equitable, I think.	雷古兰领地想向你提供一份精选合约，指挥官。作为一支受尊敬的雇佣兵公司的首领，我想你会认为条款既公道又公平。
Commander, I hope this message finds you well. The people of the Regulan Fiefs would like to extend a contract to you, owing to our respect for your skills. Please consider it carefully.	指挥官，希望你收到这条消息时一切安好。雷古兰领地的人民想把这份合约交给你，这是出于我们对你能力的尊重。请仔细考虑。
We both know the score, Commander. House Cameron-Jones relies on you like you're one of our own, and you've always been happy to help us out. I hope you can see fit to agree this time as well—this is a job too important for lesser warriors.	你我都清楚局势，指挥官。卡梅隆-琼斯家族把你当作自家人一样倚重，而你也一直乐于相助。希望你这次也能答应——这项任务不是普通战士能够胜任的。
Even if you only work for profit and salvage, you seem effective enough. The Republic has need of your skills, Commander.	即使你只是为了利润和战利品而战，你看起来也足够有效率。共和国需要你的本事，指挥官。
The Council would like me to offer you a choice contract, Commander. As the leader of a respected mercenary company, you should find the terms both fair and equitable.	议会希望我向你提供一份精选合约，指挥官。作为一支受尊敬的雇佣兵公司的首领，我想你会认为条款既公道又公平。
Maintaining the Republic requires Warriors of Skill and Honor, Commander, and you fit the bill nicely.	维系共和国需要有本事、有荣誉的战士，指挥官，而你正合适。
Hail Commander.  You have proven to be quite a friend to the Republic. As a result the Council has saved this contract as reward for your services.	向你致意，指挥官。你已经证明自己是共和国的挚友。因此，议会把这份合约留作对你效力的奖赏。
Honored friend! The Exarch has not forgotten your contributions to the Republic. In light of this, we present you with this choice contract.	尊敬的朋友！执政官没有忘记你对共和国的贡献。有鉴于此，我们向你奉上这份精选合约。
Holding the Republic together is hard work, mercerary; we don't have time to hold your hand through contracts like this one. Don't fail us again.	维系共和国很难，雇佣兵；我们没时间在这种合约上手把手照顾你。别再让我们失望。
You consistently let us down, Commander, but desperate times call for desperate measures. Prove your worth on this contract, or don't bother returning.	指挥官，你一次又一次让我们失望，但危急时刻需要非常手段。在这份合约中证明你的价值，否则就别回来。
The Barrens is a land of resourceful survivors, and your skills, though mercenary, have value here. This job should align with your particular talents, Commander.	荒原是一个由机敏求生者组成的土地。你的雇佣兵技能虽带有逐利性质，在这里仍有价值。这份工作应该符合你的专长，指挥官。
The Republic has decided to offer you this contract. The terms are straightforward, the pay fair, and it's within your skill set. Do not disappoint us.	共和国决定向你提供这份合约。条款直截了当，报酬公道，也在你的能力范围内。别让我们失望。
Greetings, Commander. The Republic appreciates consistent partnerships, and we would like to extend this offer to you first. Success will only strengthen the trust we are building.	你好，指挥官。共和国珍视稳定的合作关系，因此想优先向你提出这份邀约。成功只会进一步巩固我们正在建立的信任。
You have shown the grit and determination needed to support the Republic's vision. Take up this contract and show why you have earned our trust.	你展现了支持共和国愿景所需的坚韧与决心。接下这份合约，证明你为何值得我们的信任。
Hail, Commander. Your loyalty and efforts have served the Republic well. In recognition, we have a new opportunity for you, one that benefits us all.	向你致意，指挥官。你的忠诚与努力一直很好地服务于共和国。为此，我们有一项惠及各方的新机会给你。
Trusted friend! The Republic has personally requested this contract be presented to you as recognition for your continued dedication to the Republic's survival and prosperity.	值得信赖的朋友！共和国特意要求把这份合约交给你，以表彰你持续为共和国的生存与繁荣所作的投入。
Outstanding work, Commander! The Republic of the Barrens thrives because of efforts like yours. Your payment has been sent.	出色的工作，指挥官！荒原共和国因你这样的努力而兴盛。你的报酬已经发出。
We see you tried, Commander. Partial success isn't ideal, but we will provide compensation for your efforts. Learn from this and do better next time.	我们看到了你的努力，指挥官。部分成功并不理想，但我们会为你的付出提供补偿。从中吸取教训，下次做得更好。
Your performance was unacceptable, Commander. The Republic has no room for incompetence. Do not return unless you aim to do better.	你的表现不可接受，指挥官。共和国容不下无能之辈。除非你打算做得更好，否则别回来。
I wouldn't turn to you unless I had no other option. Well, I have no other option. Do this, if you care, and maybe we'll talk pay.	如果不是走投无路，我不会来找你。可我确实已经别无选择。要是你还在乎，就把这件事办了，也许我们再谈报酬。
We don't like you, you don't like us, but still, I think we can do business. Want to change that?	我们不喜欢你，你也不喜欢我们，但我想我们还是能做成生意。想改变这种关系吗？
Hello again, Commander. You need money, we need work done, take a look at this contract.	指挥官，又见面了。你需要钱，我们需要有人办事，看看这份合约吧。
The Rim Collection is in need of some supplemental mercenaries and we've heard you're competent. Care to take a look?.	边疆联盟需要补充一些雇佣兵，我们听说你能力不错。要不要看看这份合约？
We've got a good thing going here, Commander, let's keep the roll going. Take a gander at this contract, I think you'll find it satisfactory.	指挥官，我们现在合作得不错，继续保持下去吧。看看这份合约，我想你会满意。
Commander, the Rim has need of you again. We've got a great contract for you and hope you can take care of it for us. The compensation is good, like always.	指挥官，边疆地区再次需要你。我们有份很好的合约，希望你能替我们处理妥当。报酬一如既往地丰厚。
We count on you like we count on Able's Aces, Commander, you're one of our own at this point. Do this contract and rewards will flow like always.	指挥官，我们依赖你就像依赖艾布尔王牌一样；你现在已经是我们自己人了。完成这份合约，奖励会像往常一样滚滚而来。
Great show, Commander! The Rim is very pleased with your efforts. I've remitted payment, you should receive it shortly, and don't forget to come around again sometime.	表现精彩，指挥官！边疆联盟对你的努力非常满意。我已经汇出报酬，你很快就能收到。别忘了以后再来看看。
You gave it a solid try there, Commander. You didn't get it done, but you did your damndest. Sometimes it doesn't work out. Thanks for the effort at least.	你已经认真尝试过了，指挥官。虽然没能完成，但你确实尽了全力。有时事情就是不会顺利。至少，感谢你的努力。
Commander, this effort is embarrassing for both of us. Don't bother contacting us for payment, it's not coming. Do better next time.	指挥官，这次表现让我们双方都尴尬。别来联系报酬了，不会有的。下次做得好一点。
I don't know why we bother offering you contracts, to be perfectly honest. It's obvious you're not a friend to the Rim Commonality. Regardless, we find ourselves in desperate times, so we have to scrape the bottom of the barrel.	说实话，我不知道我们何必费心给你合约。显然，你不是边疆共同体的朋友。尽管如此，我们眼下处境艰难，只能到桶底去刮渣了。
The Rim Commonality has a use for mercenaries like you, Commander. I think you'll be interested in the attached contract. Hopefully we can come to a mutually beneficial agreement.	边疆共同体用得上你这样的雇佣兵，指挥官。我想你会对随附的合约感兴趣。希望我们能达成互利协议。
The Rim Commonality would like to offer you a choice contract, Commander. As the leader of a respected mercenary company, you should find the terms both fair and equitable, I think.	边疆共同体想向你提供一份精选合约，指挥官。作为一支受尊敬的雇佣兵公司的首领，我想你会认为条款既公道又公平。
Commander, I hope this message finds you well. The people of the Rim Commonality would like to extend a contract to you, owing to our respect for your skills. Please consider it carefully.	指挥官，希望你收到这条消息时一切安好。边疆共同体的人民想把这份合约交给你，这是出于我们对你能力的尊重。请仔细考虑。
Greetings, my friend. This contract is not one we would offer to a lesser mercenary, but you've proven your loyalty, prowess, and dedication to the ideals of the Rim Commonality. I hope you'll accept our offer.	你好，我的朋友。这份合约不是我们会交给普通雇佣兵的，但你已经证明了自己对边疆共同体理念的忠诚、实力与投入。希望你接受我们的提议。
We both know the score, Commander. The Commonality relies on you like you're one of our own, and you've always been happy to help us out. I hope you can see fit to agree this time as well—this is a job too important for lesser warriors.	你我都清楚局势，指挥官。共同体把你当作自家人一样倚重，而你也一直乐于相助。希望你这次也能答应——这项任务不是普通战士能够胜任的。
I don't know why we're even talking, Commander. You and your kind aren't exactly popular with the Rim Territories. Still, we're in need of your talents, and desperate times make for strange allies. Take this contract and prove you can be useful.	指挥官，我不知道我们为什么还要谈。你和你这类人并不受边疆领土欢迎。不过，我们需要你的才能，危急时刻也会造就奇怪的盟友。接下这份合约，证明你能派上用场。
Ah, Commander. Even the lowest merc can serve a purpose. Complete this job, and maybe we'll find some respect for you yet—or at least tolerate your presence.	啊，指挥官。即使是最低等的佣兵也能发挥作用。完成这项工作，也许我们终会对你产生些许敬意——至少能容忍你的存在。
Commander, your skills might just fit the job we have lined up. The Rim Territories sees an opportunity for profit, and we think you'll appreciate the terms of the deal. Consider this a test of mutual benefit.	指挥官，你的技能或许正适合我们安排的工作。边疆领土看到了获利机会，我们想你会认可这份交易的条款。把它当作一次互利测试吧。
The Rim Territories have a proposition for you, Commander. You're a respected operator, and we believe this contract will appeal to someone with your reputation for getting results.	边疆领土有个提议给你，指挥官。你是一名受尊敬的行动者，我们相信凭你追求成果的名声，会对这份合约感兴趣。
Greetings, Commander. The overlords of the Rim Territories have been impressed by your recent exploits. We'd like to offer you this contract in recognition of your effectiveness and potential for cooperation.	你好，指挥官。边疆领土的领主们对你最近的战绩印象深刻。我们想以此合约肯定你的效率，并探寻合作的可能。
Ah, a familiar face! Commander, you've shown loyalty and an unmatched knack for succeeding where others falter. Here's a contract that reflects the trust and respect you've earned with us. Let's keep the plunder flowing.	啊，是熟面孔！指挥官，你展现了忠诚，也展现了在别人失败之处取得成功的非凡本领。这份合约体现了我们对你赢得的信任与尊重。让战利品继续流入吧。
Commander, you've become something of an honorary pirate to us. You're reliable, ruthless, and profitable—qualities we value highly. We have another task for you that only someone like you can handle. Let's not disappoint.	指挥官，你已经算是我们的荣誉海盗了。可靠、狠辣、能赚钱——这些都是我们极其看重的品质。我们还有一项只有你这样的人才能处理的任务。别让我们失望。
Solid work, Commander! You've earned your pay and the respect of the Rim Territories. We'll be sure to send more lucrative work your way soon.	干得扎实，指挥官！你赢得了报酬，也赢得了边疆领土的尊重。我们很快会把更赚钱的工作交给你。
Commander, you didn't quite get everything done, but at least you showed some backbone. You'll get partial payment this time, but next time, I expect more.	指挥官，你没能把一切都完成，但至少展现了些骨气。这次会给你部分报酬，不过下次我期待你做得更多。
Pathetic, Commander. You failed the job and wasted our time. If you can't deliver next time, don't bother coming back—we don't have room for failures here in the Rim Territories.	真可悲，指挥官。你搞砸了工作，还浪费了我们的时间。如果下次不能交付成果，就别回来了——边疆领土容不下失败者。
I don't know why we bother offering you contracts, to be perfectly honest. It's obvious you're not a friend to the Rim Worlds Republic. Regardless, we find ourselves in desperate times, so we have to scrape the bottom of the barrel.	说实话，我不知道我们何必费心给你合约。显然，你不是边疆世界共和国的朋友。尽管如此，我们眼下处境艰难，只能到桶底去刮渣了。
The Rim Worlds Republic has a use for mercenaries like you, Commander. I think you'll be interested in the attached contract. Hopefully we can come to a mutually beneficial agreement.	边疆世界共和国用得上你这样的雇佣兵，指挥官。我想你会对随附的合约感兴趣。希望我们能达成互利协议。
The Rim Worlds Republic would like to offer you a choice contract, Commander. As the leader of a respected mercenary company, you should find the terms both fair and equitable, I think.	边疆世界共和国想向你提供一份精选合约，指挥官。作为一支受尊敬的雇佣兵公司的首领，我想你会认为条款既公道又公平。
Commander, I hope this message finds you well. The people of the Rim Worlds Republic would like to extend a contract to you, owing to our respect for your skills. Please consider it carefully.	指挥官，希望你收到这条消息时一切安好。边疆世界共和国的人民想把这份合约交给你，这是出于我们对你能力的尊重。请仔细考虑。
Greetings, my friend. This contract is not one we would offer to a lesser mercenary, but you've proven your loyalty, prowess, and dedication to the ideals of the Rim Worlds Republic. I hope you'll accept our offer.	你好，我的朋友。这份合约不是我们会交给普通雇佣兵的，但你已经证明了自己对边疆世界共和国理念的忠诚、实力与投入。希望你接受我们的提议。
We both know the score, Commander. The Republic relies on you like you're one of our own, and you've always been happy to help us out. I hope you can see fit to agree this time as well—this is a job too important for lesser warriors.	你我都清楚局势，指挥官。共和国把你当作自家人一样倚重，而你也一直乐于相助。希望你这次也能答应——这项任务不是普通战士能够胜任的。
The Rim Worlds Republic understands that sacrifice on the battlefield doesn't always translate to victory. You've made a fine effort, even if it failed. Just another lesson for the next battle.	边疆世界共和国明白，战场上的牺牲并不总能换来胜利。即使任务失败，你也已经做得不错。把这当作下一场战斗的又一次教训吧。
Commander {COMMANDER.LastName}, you and your company, {COMPANY.CompanyName}, have been nothing but a thorn in me side, botching every mission with incompetence and folly that sets me teeth on edge.	指挥官{COMMANDER.LastName}，你和{COMPANY.CompanyName}简直是我眼中挥之不去的刺，每次任务都因无能与愚蠢而搞砸，令我怒火中烧。
I must begrudgingly acknowledge, Commander {COMMANDER.LastName}, that you and {COMPANY.CompanyName} have shown some improvement. Though your early endeavors were lacking, you've managed to salvage a few missions with acceptable results, yet still falling short of the standards befitting a true pirate crew.	我不得不承认，指挥官{COMMANDER.LastName}，你和{COMPANY.CompanyName}确实有所进步。尽管早期表现糟糕，你们已经完成了几项尚可的任务，但距离真正海盗船员应有的标准仍有差距。
Commander {COMMANDER.LastName}, your tactical acumen and the prowess of {COMPANY.CompanyName} have begun to earn my grudging respect. Successfully infiltrating enemy installations and securing valuable resources speak volumes of your growing capabilities.	指挥官{COMMANDER.LastName}，你的战术才智和{COMPANY.CompanyName}的实力开始赢得我勉强的尊重。成功渗透敌方设施并夺取宝贵资源，充分证明了你们日益增长的能力。
By the stars, Commander {COMMANDER.LastName}, you and {COMPANY.CompanyName} have become indispensable to our cause. Your daring raids on military outposts and extraction of critical intelligence display a level of skill and precision that I had not anticipated.	看在群星的份上，指挥官{COMMANDER.LastName}，你和{COMPANY.CompanyName}已经成了我们事业不可或缺的一部分。你们大胆袭击军事前哨、提取关键情报，展现出的技能与精准超出了我的预期。
Ahoy, Commander {COMMANDER.LastName}! Raise a flag for you and {COMPANY.CompanyName}, for your feats have exceeded all expectations. Your audacious strikes and cunning maneuvers have instilled fear in our enemies' hearts, solidifying our dominance among the stars.	嘿，指挥官{COMMANDER.LastName}！为你和{COMPANY.CompanyName}升起旗帜吧，你们的功绩超出了一切预期。大胆的突袭与狡猾的机动令敌人胆寒，也巩固了我们在群星中的霸权。
Avast, Commander {COMMANDER.LastName}! your audacity and skill continue to impress, striking fear into even the most formidable adversaries. Together, we forge an indomitable alliance, carving our path to victory among the stars.	扬帆吧，指挥官{COMMANDER.LastName}！你的胆识与技艺持续令我赞叹，甚至最强大的敌人也为之恐惧。我们共同打造不可摧毁的联盟，在群星间开辟通往胜利的道路。
Ah, Commander {COMMANDER.LastName}, my esteemed friend and ally in this cosmic conquest! Your bravery and ingenuity have propelled us to triumph after triumph. Together, we shall reign supreme over the galaxy, a testament to your leadership and prowess.	啊，指挥官{COMMANDER.LastName}，我在这场宇宙征服中的挚友与盟友！你的勇敢与机智让我们一次又一次取得胜利。我们将共同统治银河，证明你的领导力与才干。
Commander {COMMANDER.LastName}, I commend you and {COMPANY.CompanyName} for a resounding success in our latest mission. Your strategic brilliance and unwavering resolve have led us to victory once again. The spoils of our conquest are ours to savor, a testament to your exceptional leadership and the prowess of your mercenaries.	指挥官{COMMANDER.LastName}，我赞扬你和{COMPANY.CompanyName}在最近任务中取得的辉煌成功。你的战略天才与坚定意志再次带领我们走向胜利。征服所得的战利品应由我们享用，这正是你卓越领导力和麾下佣兵实力的证明。
Though the winds did not favor us this time, Commander {COMMANDER.LastName}, I trust in your loyalty and the resolve of {COMPANY.CompanyName}. Even the most seasoned mercenaries face setbacks, but your efforts were commendable. Let this failure fuel our determination to seize victory in the battles to come.	尽管这次风向不利，指挥官{COMMANDER.LastName}，我仍相信你对我们的忠诚，也相信{COMPANY.CompanyName}的决心。即使最老练的雇佣兵也会遭遇挫折，但你们的努力值得肯定。让这次失败化为动力，在未来的战斗中夺取胜利。
Commander {COMMANDER.LastName}, your incompetence has cost us dearly in our latest venture. Your crew's performance leaves much to be desired, and {COMPANY.CompanyName} has proven themselves nothing more than a band of scallywags. Shape up, or find yourselves on the wrong end of an autocannon.	指挥官{COMMANDER.LastName}，你在最近行动中的无能让我们损失惨重。你的船员表现糟糕透顶，{COMPANY.CompanyName}证明自己不过是一群乌合之众。振作起来，否则就等着吃自动炮吧。
If it were not for the fact that the necrosia has shown me you can be of service, I would not suffer your presence. Here is a trivial task for you, to prove your worth.	若不是死灵西亚让我看出你还能派上用场，我根本不会容忍你的存在。这里有一项小任务，证明你的价值吧。
Your dishonorable ways are well known to the Scorpion Empire; however, you might yet be of use. Take this batchall and show me that you can serve the Empire.	你的不光彩行径在蝎群帝国早已众所周知，不过你或许仍有用处。接下这份Batchall，证明你能为帝国效力。
My Clan has faced you in battle before, and you have proven to be a competent warrior. Take up this batchall, and perhaps we can find common ground.	我的氏族曾与你交战，你已经证明自己是一名合格的战士。接下这份Batchall，也许我们能找到共同立场。
You remain an unknown to us. Prove your worth on the battlefield through this batchall, and the Scorpion Empire may consider further opportunities for you.	你对我们而言仍是个未知数。在战场上通过这份Batchall证明自己的价值，蝎群帝国或许会考虑与你进一步合作。
You have assisted the Scorpion Empire in the past, and your efforts have not gone unnoticed. I present you with this batchall as an opportunity to further strengthen our bond.	你过去曾帮助蝎群帝国，你的努力没有被忽视。我把这份Batchall交给你，作为进一步巩固我们关系的机会。
Hello again, friend of the Scorpion Empire. While our mutual trust grows, we present you with this batchall to confirm your sincerity and commitment.	你好，蝎群帝国的朋友。我们的相互信任正在增长，因此把这份Batchall交给你，以确认你的诚意与投入。
Greetings, trusted ally. You have proven your value to the Scorpion Empire many times. I have a critical task that I would entrust to no other; perhaps we will even share some necrosia afterward.	你好，值得信赖的盟友。你多次证明了自己对蝎群帝国的价值。我有一项关键任务，只愿托付给你；也许之后我们还能共享一些死灵西亚。
Well done, Commander. I foresaw your success in this matter and have already transferred your payment as agreed.	干得好，指挥官。我早就预见你会成功，约定的报酬已经转账。
You clearly lacked the strength to complete all objectives; however, your effort is noted. I will provide partial payment for your partial success. Do better next time.	显然，你缺乏完成所有目标所需的实力；不过你的努力已被记录。我会为你的部分成功支付部分报酬。下次做得更好。
Your weakness is an embarrassment, and you have failed to honor the terms of the batchall in any significant way. You will receive nothing but my disdain.	你的软弱令人难堪，你几乎没有履行Batchall的条款。你不会得到任何东西，只有我的鄙夷。
I don't know why we bother offering you contracts, to be perfectly honest. It's obvious you're not a friend to the Star League Defense Force. Regardless, we find ourselves in desperate times, so the wanna be warriors will have to do.	说实话，我不知道我们何必费心给你合约。显然，你不是星际联盟防卫军的朋友。尽管如此，我们眼下处境艰难，只能让这些冒牌战士顶上。
Greetings, mercenary. Though you are not of the same calibre the SLDF, you may yet serve our interests. Finish this job, and we may change our mind.	你好，雇佣兵。虽然你的水准比不上星际联盟防卫军，但或许仍能为我们的利益效力。完成这项工作，也许我们会改变看法。
The Star League Defense Force has a use for mercenaries like you, Commander. I think you'll be interested in the attached contract. An agreement would be most beneficial.	星际联盟防卫军用得上你这样的雇佣兵，指挥官。我想你会对随附的合约感兴趣。达成协议对双方都最有利。
The Star League Defense Force would like to offer you a prime contract, Commander. As the leader of a respected mercenary company, you should find the contract acceptable.	星际联盟防卫军想向你提供一份优质合约，指挥官。作为一支受尊敬的雇佣兵公司的首领，我想你会接受这份合约。
Commander, I hope this message finds you well. The Star League Defense Force would like to extend a contract to you, as you have proven your worth. Please consider it carefully.	指挥官，希望你一切安好。星际联盟防卫军想把这份合约交给你，因为你已经证明了自己的价值。请仔细考虑。
Greetings, my friend. This contract is not one we would offer to a lesser mercenary, but you've proven your loyalty, prowess, and dedication to the ideals of the Star League Defense Force. I hope you'll accept our offer.	你好，我的朋友。这份合约不是我们会交给普通雇佣兵的，但你已经证明了自己对星际联盟防卫军理念的忠诚、实力与投入。希望你接受我们的提议。
We both know the sitrep, Commander. The SLDF relies on you like you're one of our own, and you've always been there to help us out. I hope you can see fit to agree this time as well — this is a job too important for lesser warriors.	你我都清楚战况，指挥官。星际联盟防卫军把你当作自家人一样倚重，而你也一直愿意相助。希望你这次也能答应——这项任务不是普通战士能够胜任的。
Top-tier work, Commander — The SLDF is most pleased with your results. Keep it up, and I'll make sure a lot more work comes your way.	顶级表现，指挥官——星际联盟防卫军对你的成果非常满意。继续保持，我会确保有更多工作交给你。
The Star League Defense Force understands that sacrifice on the battlefield doesn't always translate to victory. You've made a valiant, yet ineffective effort. We trust you will do better for the next battle.	星际联盟防卫军明白，战场上的牺牲并不总能换来胜利。你已经英勇作战，只是没有奏效。希望下一场战斗你能做得更好。
Your performance was appalling, Commander. Your efforts on the battlefield warrant a demotion, and are not indicative of the leader of a reknowned mercenary company.	你的表现糟糕透顶，指挥官。你的战场表现足以让你降级，也完全配不上一个受尊敬的雇佣兵公司首领。
I don't know why we bother offering you contracts, to be perfectly honest. It's obvious you do not share General Kerensky's vision. Regardless, we find ourselves in desperate times, so the wanna be warriors will have to do.	说实话，我不知道我们何必费心给你合约。显然，你不认同克伦斯基将军的愿景。尽管如此，我们眼下处境艰难，只能让这些冒牌战士顶上。
Greetings, mercenary. Though you are not of the same calibre as the original SLDF, you may yet serve our interests. Finish this job, and we may change our mind.	你好，雇佣兵。虽然你的水准比不上最初的星际联盟防卫军，但或许仍能为我们的利益效力。完成这项工作，也许我们会改变看法。
General Kerensky has a use for mercenaries like you, Commander. I think you'll be interested in the attached contract. An agreement would be most beneficial.	克伦斯基将军用得上你这样的雇佣兵，指挥官。我想你会对随附的合约感兴趣。达成协议对双方都最有利。
The Star League-in Exile would like to offer you a prime contract, Commander. As the leader of a respected mercenary company, you should find the contract acceptable.	流亡星际联盟想向你提供一份优质合约，指挥官。作为一支受尊敬的雇佣兵公司的首领，我想你会接受这份合约。
Commander, I hope this message finds you well. The Star League-in Exile would like to extend a contract to you, as you have proven your worth. Please consider it carefully.	指挥官，希望你一切安好。流亡星际联盟想把这份合约交给你，因为你已经证明了自己的价值。请仔细考虑。
Greetings, my friend. This contract is not one we would offer to a lesser mercenary, but you've proven your loyalty, prowess, and dedication to the ideals of General Kerensky. I hope you'll accept our offer.	你好，我的朋友。这份合约不是我们会交给普通雇佣兵的，但你已经证明了自己对克伦斯基将军理念的忠诚、实力与投入。希望你接受我们的提议。
We both know the sitrep, Commander. The Star League-in Exile relies on you like you're one of our own, and you've always been there to help us out. I hope you can see fit to agree this time as well — this is a job too important for lesser warriors.	你我都清楚战况，指挥官。流亡星际联盟把你当作自家人一样倚重，而你也一直愿意相助。希望你这次也能答应——这项任务不是普通战士能够胜任的。
Top-tier work, Commander — The General Kerensky himself is most pleased with your results. Keep it up, and I'll make sure a lot more work comes your way.	顶级表现，指挥官——克伦斯基本人对你的成果非常满意。继续保持，我会确保有更多工作交给你。
The Star League-in Exile understands that sacrifice on the battlefield doesn't always translate to victory. You've made a valiant, yet ineffective effort. We trust you will do better for the next battle.	流亡星际联盟明白，战场上的牺牲并不总能换来胜利。你已经英勇作战，只是没有奏效。希望下一场战斗你能做得更好。
Mercenary, our Intelligence has been watching you and the reports aren't quite favorable; perhaps this... opportunity will work towards redeeming yourself.	雇佣兵，我们的情报部门一直在监视你，报告并不怎么好看；也许这次……机会能帮助你挽回名声。
Mercenary, it may be more profitbable for your venture to cease your attacks on our cells. May this contract draw your interests elsewhere.	雇佣兵，停止攻击我们的据点，对你的行动也许更有利可图。希望这份合约能把你的兴趣引向别处。
You've disrupted our activities in the past but we know prowess and opportunity when we see it; perhaps working with us may provide better fortunes for you and yours?	你过去扰乱过我们的行动，但我们知道如何识别实力与机会；也许与我们合作，能让你和你的人获得更好的命运？
Mercenary, our agents are actively engaged in other theatres of operations. We ask that you do this for us in the name of progress and reason.	雇佣兵，我们的特工正在其他战区积极行动。请以进步与理性的名义替我们完成这件事。
Mercenary, we may be different peoples but you have proven yourself capable of working with us for the greater good of humanity. Would you be interested in furthering our cause?	雇佣兵，我们或许属于不同的人群，但你已经证明自己能够为了全人类的更大利益与我们合作。你有兴趣推动我们的事业吗？
Greetings, Friend, your history of working with our Agents has not gone unnoticed. We have an excellent opportunity that would be perfect for you. Would you like to know more?	你好，朋友。你与我们特工合作的历史没有被忽视。我们有个非常好的机会，很适合你。想了解更多吗？
Greetings, Brother, thanks to your noble efforts, we are making strides in overthrowing the chains of the Warrior Caste. Alas, there is still work to do; will you help us?	你好，兄弟。多亏你的高尚努力，我们正在逐步挣脱战士阶层加诸的枷锁。可惜还有工作要做；你愿意帮忙吗？
Well done, Commander, we look forward to your detailed reports.	干得好，指挥官，我们期待你的详细报告。
You may drop some beakers before making progress.	你可以先丢下几个烧瓶，再继续推进。
You may drop some beakers before making progress; just remember whose beakers you are breaking.	你可以先丢下几个烧瓶再继续推进；不过记住，打碎的是谁的烧瓶。
You know what I love best about mercenaries? You're willing to wade into battle when it's too dangerous for us to risk our own soldiers. So take the job, MechWarrior—fight and die for money, as is your role.	你知道我最喜欢雇佣兵哪一点吗？当战斗危险到我们不敢拿自己的士兵冒险时，你们却愿意涉险参战。所以接下这份工作吧，机甲战士——为了钱战斗、为了钱送命，这就是你们的职责。
Your reputation precedes you, Commander. Your talents are always valued by the Lyran Commonwealth—and we reward those we value with money commensurate with their skills and loyalty.	你的名声早已传开，指挥官。天琴共同体始终重视你的才能——而我们会用与你能力和忠诚相称的金钱回报受重视的人。
My friend! House Steiner sends you wishes of good health and full coffers. Once again, we would like to call upon your services—and as ever, we appreciate your loyalty and will show our gratitude in your pay.	我的朋友！施泰纳家族祝你身体健康、财库充盈。我们再次想请你效力——一如既往地感谢你的忠诚，并会用报酬表达谢意。
I don't know why we bother offering you contracts, to be perfectly honest. It's obvious you're not a friend to the Duchy of Tamarind-Abbey. Regardless, we find ourselves in desperate times, so we have to scrape the bottom of the barrel.	说实话，我不知道我们何必费心给你合约。显然，你不是塔玛林-修道院公国的朋友。尽管如此，我们眼下处境艰难，只能到桶底去刮渣了。
The Duchy of Tamarind-Abbey has a use for mercenaries like you, Commander. I think you'll be interested in the attached contract. Hopefully we can come to a mutually beneficial agreement.	塔玛林-修道院公国用得上你这样的雇佣兵，指挥官。我想你会对随附的合约感兴趣。希望我们能达成互利协议。
The Duchy of Tamarind-Abbey would like to offer you a choice contract, Commander. As the leader of a respected mercenary company, you should find the terms both fair and equitable, I think.	塔玛林-修道院公国想向你提供一份精选合约，指挥官。作为一支受尊敬的雇佣兵公司的首领，我想你会认为条款既公道又公平。
Commander, I hope this message finds you well. The people of the Duchy of Tamarind-Abbey would like to extend a contract to you, owing to our respect for your skills. Please consider it carefully.	指挥官，希望你收到这条消息时一切安好。塔玛林-修道院公国的人民想把这份合约交给你，这是出于我们对你能力的尊重。请仔细考虑。
We both know the score, Commander. The Hegemony relies on you like you're one of our own, and you've always been there to help us out. I hope you can see fit to agree this time as well — this is a job too important for lesser warriors.	你我都清楚局势，指挥官。霸权把你当作自家人一样倚重，而你也一直乐于相助。希望你这次也能答应——这项任务不是普通战士能够胜任的。
Top-tier work, Commander — The Hegemony is most pleased with your results. Keep it up, and I'll make sure a lot more work comes your way.	顶级表现，指挥官——霸权对你的成果非常满意。继续保持，我会确保有更多工作交给你。
Commander, you've never served the Republic before, so let's be frank — we're unsure what to expect. Take this contract and show us you're worth the c-bills we'd pay.	指挥官，你以前从未为共和国效力，所以我们坦率地说——不知道该期待什么。接下这份合约，证明自己配得上我们支付的星币。
Your reputation precedes you across these systems, Commander, even if we haven't worked together yet. The Republic has need of skilled blade-for-hire talent — prove yourself with this job.	你的名声已经传遍这些星系，指挥官，即使我们还没有合作过。共和国需要有本事的刀客——用这份工作证明自己。
Commander, we've worked with you before and your performance was satisfactory. The Republic extends this new contract with confidence in your abilities — deliver, and our respect grows.	指挥官，我们过去合作过，你的表现令人满意。共和国满怀信心地把这份新合约交给你——完成它，我们对你的尊重就会增加。
Greetings, Commander. Your prior service to the Republic impressed our Council. We offer you this mission in recognition of proven skill and dependability — another success will further strengthen our ties.	你好，指挥官。你之前为共和国效力，给我们的议会留下了深刻印象。我们以这项任务认可你已证明的能力与可靠性；再一次成功会进一步巩固我们的关系。
Commander, you are among the premier blades we look to in troubled times. The Republic prefers your company above all others — take this critical mission and uphold your outstanding reputation.	指挥官，在动荡时期，你是我们寻找的顶尖刀客之一。共和国最愿意与你合作——接下这项关键任务，维护你出色的声誉。
Where did we go wrong? What turned you against us? Was it money? Power? We can offer those. As far as you've drifted from us, we still know your value as a mercenary. Please, accept this offer and aid us.	我们哪里做错了吗? 是什么让你背叛了我们? 是钱? 权? 我们都可以给你. 哪怕你已经背离了我们，我们仍然了解你作为一个雇佣兵的价值. 求你了，接受这份要约帮助我们.
Comrade, the Restoration would like to call upon you again. You served adequately in the past, and we entrust you with this contract in the hope that you can show us some of that old fire you once had.	同志，光复会希望再次征召你. 你过去的服务相当好，我们将这份合约委托于你，希望你能让我们看到一些你曾拥有的那份斗志.
Commander, the Restoration's fortunes rest upon your shoulders. Should you aid us in this task, both of us will be enriched by the outcomes. I hope you have the time to help us, and are willing to do so.	指挥官，光复会的命运落在了你的肩上. 如果你在这项任务中协助我们，那我们双方就都能从结果中受益. 我希望你能有时间来帮我们，也有意愿来帮我们.
My friend, the time is here once again: House Arano needs help, and you're the best positioned to lend it to us. We appreciate everything you've done for us, and as such we are prepared to reward you generously for your service.	我的朋友，这一时刻又来了: 阿拉诺家族需要帮助，你是最适合向我们提供帮助的人. 我们欣赏你为我们所做的一切，因此我们准备好好奖赏你的工作.
Excellent work, Commander. I was right to put my faith in you. You're a critical part of the Restoration effort.	干得漂亮，指挥官。我把信任托付给你是对的。你是复国事业的关键一环。
It wasn't a total wash, but it sure wasn't a roaring success, either. I understand that not every mission is going to be a gold-star victory, but I hope this isn't an indication of future performance.	这次任务算不上彻底失败，但也绝对不是大获成功。我明白不是每次任务都能拿满星凯旋，但我希望这并不预示着今后的表现。
I'm sorry to learn your mission was a failure, Commander. I hope that occurrences like this will be rare. If they're not, you'll probably be out of 'Mechs before too long.	得知你的任务失败，我很难过，指挥官。我希望这类事情会很少发生。如果不幸不是，你恐怕很快就会没有机甲可用了。
Desperate times call for desperate measures. We wouldn't be asking to hire you unless we had no other choice. Hopefully you can help us.	非常时期需要非常措施. 除非我们别无选择，否则我们不会要求雇佣你. 希望你能帮到我们.
Times are changing, Commander. There is a need in the Directorate for one of your skills. Contracts like this one will pave a way for your future, through us. That future need not be dark.	时代变了，指挥官. 理事会需要一个你那样技艺的人. 这样的合约会为你的未来铺好路，通过我们. 那样的未来不会昏暗.
A rising tide lifts all ships, Commander. House Espinosa is rising quite quickly. Continue to work for us, and we'll ensure you continue to be a prominent figure in the Reach.	好风凭借力，指挥官. 埃斯皮诺萨家族正飞快地崛起. 继续为我们工作，我们就会保证你成为远邦的头面人物.
I must say, at this rate I'll soon be calling you a friend, Commander. The Directorate's fortunes are rosy, thanks in no small part to you. Let's continue our relationship, shall we?	我得说，照这样下去，我很快就可以称呼你为朋友了，指挥官. 理事会的前景一片大好，这在很大程度上要归功于你. 让我们继续我们的关系，好吗?
My friend, I hope this missive finds you well. House Espinosa trusts and values MechWarriors such as yourself and those of your company. This contract is one for only our most esteemed allies, and I do hope you will accept it.	我的朋友，希望收到这封信时你一切顺利身体安康. 埃斯皮诺萨家族信任你和你公司的那些机甲战士，也重视你们. 这份合约只寄给我们最尊敬的盟友，我真心希望你能接受它.
Not all battles are so easy to win. Fear not, commander, this is but one minor setback that can be corrected.	并非所有战斗都那么容易取胜。别担心，指挥官，这只是一次小小的挫折，可以纠正。
You disappoint me, commander. For the sake of your company, I would hope that this does not become a habit.	你让我失望了，指挥官。为了你的公司着想，我希望这不会成为习惯。
You wanna get paid, don't you? Take this job, and we all end up with more money. You've nothing to lose.	你想拿报酬，对吧? 接下这个任务，我们都会赚得更多. 你不会损失任何东西.
That went well. Real well. Seems like we did the right thing in calling you in, mercenary. Glad to see we both came out ahead today.	进展顺利. 非常顺利. 看来请你出手是正确的决定，雇佣兵. 很高兴看到我们今天都获益匪浅.	
You didn't get the job done like we wanted, but you tried. And I like that kind of guts, even if I'm not entirely happy with the result.	你没能按我们希望的那样完成，但你尽力了。我欣赏这种胆气，即使我对结果并不完全满意。
For someone with your hardware, I expected better things. You let us down, Commander—and I'm gonna be sure to tell everyone I know not to count on you in the future.	以你手上的硬件条件，我本以为你能做得更好。你让我们失望了，指挥官——我保证会告诉我认识的每一个人，以后别再指望你。
I dislike your kind, mercenary. But it seems that desperate times force compromises on all of us. Bear that in mind should you accept this contract: we offer it to you only because we have no other choice. Tread carefully.	我不喜欢你这样子，佣兵. 但似乎非常时期迫使我们所有人妥协. 你接下这份合约的时候要记住: 我们给你是因为我们别无选择. 谨慎行事.
Greetings, Commander. This is a standard contract, and we expect you to be able to complete it with competence. Try to look grateful, if you accept it.	你好，指挥官. 这是一份标准合约，我们期待你胜任它. 如果你接受了这个任务，我们会感激你.
My friend, I've got good news: House Calderon needs your help, and we've got plenty of money to pay for that help. We know you've got the skills to see this job done, and any help would be appreciated by my superiors.	我的朋友，有个好消息: 卡尔德隆家族需要你的协助，而我们资金充裕足以支付酬劳. 我们深知你具备完成这项任务所需的实力，你的任何帮助都将获得我方高层的高度认可.
Good job, Commander. The Calderon Protectorate thanks you for your service. It's always refreshing to deal with a true professional when one hires mercenaries.	干得好，指挥官。卡尔德隆保护国感谢你的效力。雇雇佣兵时能碰上一个真正的专业人士，总是令人神清气爽。
Out here in the Periphery, it's always a life-or-death struggle for mercenaries. That's why I appreciate your efforts to complete the mission, even if you couldn't manage it.	在外围地区，对雇佣兵来说永远是生死攸关的搏杀。所以即便你没能完成任务，我依然感谢你为此付出的努力。
I've hired raw cadets that have performed better than your company, Commander. In the future, you'd best operate at a higher level, or we might not be willing to offer you contracts aside from garrison duty.	指挥官，我雇来的生瓜蛋子新兵表现都比你的队伍强。以后你最好拿出更高的水准，否则除了驻防任务，我们可能就不愿再给你合约了。
Even ComStar occasionally requires the services of mercenaries, Commander. We will look highly upon you, should you aid us.	即使是通讯之星偶尔也需要雇佣兵的服务，指挥官. 如果你帮助我们，我们就会高看你.
ComStar congratulates you on your successful mission, mercenary. We are pleased you've been able to assist us so thoroughly.	康星祝贺你任务成功，佣兵。我们很高兴你能如此彻底地协助我们。
It seems apparent that while you failed to achieve our goals, you engaged the enemy for as long as you were able. Better luck next time, Commander. May the Spirit of Blake be with you.	这看起来似乎很显然，虽然你没有达成我们的目标，但已经尽你所能来和敌人交战了. 希望你下次能走运一些，指挥官. 希望布雷克的精神与你同在.	
Far be it from a simple organization like ComStar to reprimand you in matters of warfare, Commander, butâ€¦ your performance on that operation was positively abysmal. We roundly condemn your inadequacies.	像通讯之星这样简单的组织本不该在作战事务上斥责你，指挥官，但……你在那次行动中的表现实在糟糕透顶。我们对你的无能予以严正谴责。
We have a job for you, Mercenary scum. As distasteful as that is to us.	我们这里有一份工作给你，佣兵渣滓. 尽管这让我们感到很不愉快.
Mercenary though you may be, you seem effective enough. House Davion has need of your skills, Commander.	也许你只是个佣兵，但似乎挺能干. 戴维恩家族需要你的才能，指挥官.
Greetings, Commander. House Davion requires aid from someone outside of our own forces. Hopefully you can help us.	你好，指挥官. 戴维恩家族需要一些我军以外的人提供帮助. 希望你能帮到我们.
House Davion requires mercenaries of skill, Commander, and you fit the bill nicely. With luck, we will both profit from this arrangement.	戴维恩家族需要专业的雇佣兵，指挥官，你正好符合我们的要求. 如果运气好，我们双方能从这一安排中达成双赢.
You have served us well in the past, Commander. We value this relationship, and would like to preserve it.	你在过去为我们提供了良好的服务，指挥官. 我们很重视这段关系，并希望能保持它.
Greetings, Commander. Once again, House Davion requires your services. Should you be successful, we will both profit.	你好，指挥官. 再一次，戴维恩家族需要你的服务. 只要你能完成这个任务，那我们都能从中获益.
Honored friend! Your acts in service to House Davion have not been forgotten. In light of this, we present you with this choice contract.	尊敬的朋友! 戴维恩家族不会忘记你为家族所做的一切. 为此，我们向你提出这份优质的合约.
Excellent performance, Commander. The Federated Suns are pleased with what you have accomplished and the skill you've evidenced. Expect our payment in full!	表现出色，指挥官。联邦太阳国对您的成就与展现出的技艺十分满意。报酬将足额奉上！
Well, let it never be said House Davion does not believe in charity. Obviously, your skills could not be equivalent to our own regular armies—so we do not blame you for your inability to complete the contract.	嗯，可别让人说戴维恩家族不信慈善。显然，你的本领无法与我们正规军相提并论——所以我们不怪你没能完成合约。
Come now, mercenary—did you even try to complete the contract, or did you believe we'd pay you for your own inadequacies? Such a dismal performance cannot be rewarded, only reprimanded.	得了吧，雇佣兵——你到底有没有尽力去履行合约，还是以为我们会为你自己的无能付钱？如此糟糕的表现得不到奖赏，只能受到训斥。
I don't know why we bother offering you contracts, to be perfectly honest. It's obvious you're not a friend to the Duchy Of Andurien. Regardless, we find ourselves in desperate times, so we have to scrape the bottom of the barrel.	老实说，我不知道我们为什么还要给你提供合约. 很明显，你并不是安杜瑞恩公国的朋友. 不管怎么说，我们正处于危急关头，所以只能退而求其次.
Greetings, mercenary. Lowly and despicable though you may be, you may yet serve our interests. Finish this job, and we may look upon you with more favor than you likely deserve.	你好，佣兵. 虽然你们也许卑微又令人厌恶，但你还是能为我们的利益服务. 完成这项工作，我们或许会高看你一些.
The Duchy Of Andurien has a use for mercenaries like you, Commander. I think you'll be interested in the attached contract. Hopefully we can come to a mutually beneficial agreement.	安杜瑞恩公国需要像你这样的雇佣兵，指挥官. 我想你会对附件中的合约感兴趣. 希望我们能达成互惠互利的协议.
The Duchy Of Andurien would like to offer you a choice contract, Commander. As the leader of a respected mercenary company, you should find the terms both fair and equitable, I think.	安杜瑞恩公国希望向你提供一份优选合约，指挥官. 作为一家受人尊敬的雇佣兵公司的领袖，我想你应该会认为这份合约的条款既公平又合理.
Commander, I hope this message finds you well. The people of the Duchy Of Andurien would like to extend a contract to you, owing to our respect for your skills. Please consider it carefully.	指挥官，希望这封信送达时你一切安好. 安杜瑞恩公国的人民敬重你的能力，因此希望向你提供一份合约. 请慎重考虑.
Greetings, my friend. This contract is not one we would offer to a lesser mercenary, but you've proven your loyalty, prowess, and dedication to the ideals of the Duchy Of Andurien. I hope you'll accept our offer.	你好，我的朋友. 这份合约可不是我们会提供给普通雇佣兵的合约，但你已经证明了自己的忠诚、实力，以及对安杜瑞恩公国理想的坚定信念. 希望你会接受我们的提议.
Top-tier work, Commander—House Humphreys is very happy with your performance. Keep it up, and I'll make sure a lot more work comes your way.	一流的活儿，指挥官——汉弗莱斯家族对你的表现非常满意。继续保持，我保证会有更多工作找上你。
The Duchy Of Andurien understands that sacrifice on the battlefield doesn't always translate to victory. You've made a fine effort, even if it failed. Just another lesson for the next battle.	安杜里恩公国明白，战场上的牺牲并不总能换来胜利。你已经付出了出色的努力，即便它失败了。这不过是下一场战斗的又一条教训。
We are deeply disappointed in your performance, Commander. Your efforts on the battlefield were those of a raw cadet, not the leader of a mercenary company.	我们对你的表现深感失望，指挥官。你在战场上的作为像个新兵，而不是一名佣兵团的领袖。
Despicable as you are, House Kurita can still find a use for your services. Attend, Commander: your betters have need of you.	尽管你令人厌恶，但栗田家族仍然可以为你的服务找到用处. 注意，指挥官: 你的上级需要你.
You are not of our blood, mercenary, but your skills are robust enough. We would grant you money and renown if you aided us.	你不是我们一族，佣兵，但你的技巧是够强劲的. 如果你协助我们，我们可以为你提供金钱和声望.
House Kurita respects your martial prowess, mercenary. Aid us, and we will ensure you are well paid for your efforts.	栗田家族十分敬重你的武力，佣兵. 加入我们，我们保证你能得到丰厚的报酬.
Once again, the Draconis Combine requires your assistance, mercenary. You have served us well in the past, so we would like to entrust you with this mission.	再一次，天龙联合体需要你的帮助，佣兵. 你过去为我们提供了很好的服务，因此，我们希望将此任务委托给你.
I apologize for disturbing you, my friend, but the Draconis Combine once again needs your help. Undertake this task for us, and I will see that you are richly rewarded.	我很抱歉打扰你，我的朋友，但天龙联合体再次需要你的帮助. 为我们承担这个任务，我会保证你能收到丰厚的报酬.
The Draconis Combine is pleased with your fervor, Commander. Your skills in battle are precisely the sort that young cadets could learn from.	天龙联合体对你的热忱表示赞赏，指挥官. 你的作战技艺正是年轻的军校生可以学习的典范.	
While your retreat would be grounds for censure in one of our soldiers, we understand that a mercenary life is more… complicated. We hope it will not become a habit, however.	虽然你的撤退若发生在我们自己的士兵身上会招致谴责，但我们理解雇佣兵的生活更为……复杂。不过我们希望这不会成为习惯。
Your performance was an embarrassment, Commander. The Draconis Combine expects more of their mercenaries. Keep this up, and we may not offer you any contracts at all!	指挥官，你的表现令人难堪. 天龙联合体对他们的佣兵期待更大. 如果你继续保持这种状态，那我们可能根本不会给你任何合约!	
In desperate times, even the mighty must resort to hiring those such as you. This is a kindness we do to you, mercenary: you serve your betters.	非常时期必须采取非常措施，哪怕雇佣那些像你这样的佣兵. 这是我们对你的善意，佣兵: 为你的上级服务.
We would not offer you this contract unless we had no other choice, mercenary. As it stands, this is simple: we have a task, and you need money. Accept or don't, it's your choice.	除非我们别无选择，不然我们不会给你这份合约，佣兵. 就目前来说，这很简单: 我们有一个任务，而你需要钱. 接不接受，由你决定.
The Capellan Confederation has need of your unit, mercenary. And you have need of our money, I assume. I think this will benefit both of us.	卡佩拉联邦需要你的佣兵部队. 而我认为，你需要我们的钱. 我想我们都能从中获益.
There are few mercenaries House Liao trusts with tasks like this, Commander. Make certain our faith is not misplaced. We can both profit from this.	指挥官，能让廖氏家族信任地托付这种任务的佣兵可不多. 请确保我们的信任没有错误地托付. 我们都能从中获益.
Hello, Commander. The Capellan Confederation would like your assistance with a particular matter. In exchange, we will ensure you are well rewarded.	你好，指挥官. 卡佩拉联邦希望你能在一件特别的事项上予以协助. 作为交换，我们会保证你能得到丰厚的报酬.
I'm glad you're well, my friend. Once again, House Liao would like to call upon your prowess. Undertake this task for us, and we will pay you the highest possible rates. I assure you, this is not a contract for lesser warriors.	很高兴你一切安好，我的朋友. 廖氏家族再次希望借助你的能力. 接受这项任务，我们会向你支付尽可能高的酬劳. 我向你保证，这可不是给普通战士的合约.
My old friend, I hope this message finds you well. If you have the time, the Capellan Confederation would once again like to retain your services.	我的老朋友，我希望收到这个消息的时候你一切顺利身体安康. 如果你有时间，卡佩拉联邦希望能再一次得到你的服务.
House Liao has always believed in one thing, Commander: victory at any cost. It seems you also understand this vital lesson. We are pleased you've performed so well.	指挥官，廖家始终信奉一件事：不惜一切代价取胜。看来你也深谙这一要义。我们对你的出色表现很满意。
Loss on the battlefield is not always failure. Losses teach us to improve and better ourselves. You fought well, Commander, even if you did not prevail. Learn from this lesson and do better next time.	在战场上失利并不完全意味着失败. 失利教会我们改善和提升自己. 你打得不错，指挥官，即使你没有取得胜利. 引以为戒，在下次任务中做得更好.	
If you cannot accomplish the missions we lay before you, Commander, we will find another mercenary who can! Consider this a warning to perform better—or be replaced.	指挥官，如果你无法完成我们交给你的任务，我们会另找一位能完成的雇佣兵！把这当作一次警告：要么干得更好，要么被替换。
We've heard you're a competent mercenary. We've been having some trouble lately, and if you could resolve it for us, we'll ensure you're paid well. If not, so be it.	我们听说你是一名相当能干的雇佣兵. 我们最近遇到了一些麻烦，如果你能帮我们解决的话，我们保证你能得到丰厚的报酬. 如果不能，那就算了.
Well done, Commander. We obviously placed our faith in the right mercenary company. We'll let you know if we have any other work for you.	干得好，指挥官。我们显然把信任交给了正确的佣兵团。如果还有活我们通知你。
You win some, you lose some. Sometimes it's in between. I'm disappointed you couldn't complete the contract, but at least you gave it your best shot.	有输有赢。有时介于两者之间。我很失望你没能完成合约，但至少你尽力了。
For somebody who came so highly recommended, you let us down pretty hard. Thanks for nothing, I guess.	对于一个被强烈推荐的人来说，你却让我们很失望. 算我自讨没趣，我猜.	
I don't know why we bother with you, Mercenary. Perhaps my superiors are desperate. Regardless, they've seen fit to offer you this contract against my better judgement, Accept it or don't, it doesn't matter to me.	我不知道为什么我们双方会为你费心，佣兵. 或许我的上级已经绝望了. 无论如何，虽然我有不同看法，但他们觉得给你合约是最合适的，无论你接不接受，对我都没有什么影响.
You may be a disgrace and a scoundrel, but you're one of the only mercenaries in the area. Apparently the Magistracy has seen fit to offer you this contract despite my protests. Don't make us regret this.	虽然你是个丢人现眼的流氓无赖，可还是这片区域唯一的一家佣兵. 显然自治区不顾我的反对，觉得适合给你这份合约. 可别让我们后悔.
Commander, there's a task I need handled. While your reputation is not as positive as it could be, you're convenient and the price is right. Do this and we'll look favorably on you in the future.	指挥官，我需要处理一项任务. 虽然你的声望还不是很正面，但你正好方便而且价格也不错. 完成这项任务，未来我们会看好你.
Commander, I hope you are in good health, This contract may interest you - it fits your skills and the strengths of your company. With any luck, we'll both get what we want out of this job.	指挥官，希望你一切安好. 这份合约你或许感兴趣--它非常适合你的能力和贵公司的实力. 运气好的话，我们双方都能各取所需.
Greetings, Commander. I have a task that you are well suited to perform. Accomplish this, and I'll personally ensure my superiors know about your skills.	你好，指挥官. 我有一项任务非常适合由你来完成. 若能成功，我会亲自确保我的上级知晓你的才能.
I hope you're well, my friend. We in the Magistracy needs your help once again. This contract may interest you - especially the bottom line. I think you'll find our conservation more than fair.	希望你安康，我的朋友. 身处自治区的我们再一次需要你的帮助. 这份合约也许能引起你的兴趣--特别是底价. 我想你会发现我们的保护条款非常非常公平.
I wouldn't entrust this contract to any lesser mercenaries, Commander. You and yours are the only ones I believe are capable of handling this task. As always, I'll ensure you are richly rewarded for your hard work.	指挥官，我不会把这份合约托付给任何不那么厉害的佣兵. 我相信只有你和你的人才有能力应对这项任务. 一如既往，我保证你的努力工作会得到丰厚的回报.
Your performance was exemplary, Commander. I'll be certain to ensure the upper echelons of Magistracy high command hear about your skills.	你的表现堪称典范，指挥官。我一定会确保治安官辖区最高指挥部的上层听到你的本领。
Despite your failure, I'll ensure that high command understands that you fought as hard as you were able. There's always next time, Commander.	尽管你失败了，我会确保最高指挥部明白你已经竭尽全力作战。总还有下一次，指挥官。
Understand that we hired you with an expectation of - if not success - at least decent effort. You've shown neither, and I'm going to ensure my superiors hear about it, Commander.	希望你能明白，我们雇你时，期待的是——就算不能成功——至少也得有像样的努力。你两者都没做到，而我会确保我的上级知道这件事，指挥官。
I don't know why we bother with you, mercenary. Perhaps my superiors are desperate. Regardless, they've seen fit to offer you this contract against my better judgment. Accept it or don't, it doesn't matter to me.	我不知道为什么我们双方会为你费心，佣兵. 或许我的上级已经绝望了. 无论如何，虽然我有不同看法，但他们觉得给你合约是最合适的. 无论你接不接受，对我都没有什么影响.
Commander, there's a task we need handled. While your reputation is not as positive as it could be, you're convenient and the price is right. Do this, and we'll look favorably on you in the future.	指挥官，我们需要处理一项任务. 虽然你的声望还不是很正面，但你正好方便而且价格也不错. 完成这项任务，未来我们会看好你.
Greetings, Commander. The Magistracy of Canopus has a task that you are well suited to perform. Accomplish this, and I'll personally ensure my superiors know about your skills.	你好，指挥官. 船底自治区有一项任务很适合你. 完成它，我会亲自确保我的上级会知晓你的才能.
Your performance was exemplary, Commander. I'll ensure that the Magistracy high command hears about your skills.	你的表现堪称典范，指挥官。我会确保法域最高指挥部知道你的本事。
Despite your failure, I'll make sure that high command understands you fought as hard as you were able. There's always next time, Commander.	尽管你失败了，我会确保最高指挥部明白你已尽全力作战。总还有下次，指挥官。
Understand that we hired you with an expectation of, if not success, at least decent effort. You've shown neither, and I'm going to ensure my superiors hear about it, Commander.	你要明白，我们雇用你时，即便不指望你成功，至少也期待你能拿出像样的努力。可这两样你都没做到，我会确保我的上级知道这件事，指挥官。
I don't know why we bother offering you contracts, to be perfectly honest. It's obvious you're not a friend to the Free Worlds League. Regardless, we find ourselves in desperate times, so we have to scrape the bottom of the barrel.	老实说，我不清楚为什么我们会费心向你提供合约. 显然你并不是自由世界联盟的朋友. 无论如何，我们正处于非常时期，所以我们只能使出最后一招.
The Free Worlds League has a use for mercenaries like you, Commander. I think you'll be interested in the attached contract. Hopefully we can come to a mutually beneficial agreement.	自由世界联盟会用到像你这样的佣兵，指挥官. 我想你会对附上的合约感兴趣的. 希望我们双方能达成互利的协议.
The Free Worlds League would like to offer you a choice contract, Commander. As the leader of a respected mercenary company, you should find the terms both fair and equitable, I think.	自由世界联盟乐意给你提供一份优质合约，指挥官. 作为可敬的佣兵公司的领导人，我想你应该会发现这条款既公平又公正.
Commander, I hope this message finds you well. The people of the Free Worlds League would like to extend a contract to you, owing to our respect for your skills. Please consider it carefully.	指挥官，希望你一切安好. 自由世界联盟的人民愿意向你提供一份合约，以表达我们对你能力的尊重. 请好好考虑一下.
Greetings, my friend. This contract is not one we would offer to a lesser mercenary, but you've proven your loyalty, prowess, and dedication to the ideals of the Free Worlds League. I hope you'll accept our offer.	你好，我的朋友. 这份合约不是我们会提供给普通雇佣兵的，但你已经证明了你的忠诚、能力，以及对自由世界联盟理想的奉献. 我希望你会接受我们的邀请.
Top-tier work, Commander—House Marik is very happy with your performance. Keep it up, and I'll make sure a lot more work comes your way.	顶级表现，指挥官——马里克家族对你的成绩非常满意。继续保持，我会确保更多活找上你。
The Free Worlds League understands that sacrifice on the battlefield doesn't always translate to victory. You've made a fine effort, even if it failed. Just another lesson for the next battle.	自由世界联盟明白，战场上的牺牲并不总能换来胜利。你已经付出了可贵的努力，即便最终失败。这不过是下一场战斗的又一课。
Top-tier work, Commander—The Marik-Stewart Commonwealth is very happy with your performance. Keep it up, and I'll make sure a lot more work comes your way.	一流的活儿，指挥官——马里克-斯图尔特联邦对你的表现非常满意。继续保持，我保证会有更多工作找上你。
The Marik-Stewart Commonwealth understands that sacrifice on the battlefield doesn't always translate to victory. You've made a fine effort, even if it failed. Just another lesson for the next battle.	马里克-斯图尔特联邦明白，战场上的牺牲并不总能换来胜利。你已经付出了出色的努力，即便它失败了。这不过是下一场战斗的又一条教训。
We don't usually contract mercenaries directly, Commander, but this is a special case. The rates and hazards are commensurate with your experience and MechWarriors. We hope to hear from you soon.	我们通常不直接联系佣兵，指挥官，但这个是特殊情况. 这个任务的风险和报酬都与你的经验和机甲战士相称. 我们希望能尽快得到你的答复.
Far be it for a simple organization like Comstar to reprimand you in matters of warfare, Commander, but… Your performance on that operation was positively abysmal. We roundly condemn your inadequacies.	像康星这样简单的组织本不该在战争事务上责备你，指挥官，但是……你在那次行动中的表现简直糟糕透顶。我们严厉谴责你的无能。
We've got a need for a mercenary to help us out with a little problem. I hope you're up for the task, Commander.	我们需要一个佣兵来帮忙解决一些小问题. 我希望你已经准备好接受这个任务，指挥官.
The Oriente Protectorate understands that sacrifice on the battlefield doesn't always translate to victory. You've made a fine effort, even if it failed. Just another lesson for the next battle.	奥连特保护国明白，战场上的牺牲并不总能换来胜利。你已经付出了出色的努力，即便它失败了。这不过是下一场战斗的又一条教训。
Top-tier work, Commander—House Cameron-Jones is very happy with your performance. Keep it up, and I'll make sure a lot more work comes your way.	一流的活儿，指挥官——卡梅伦-琼斯家族对你的表现非常满意。继续保持，我保证会有更多工作找上你。
The Regulan Fiefs understands that sacrifice on the battlefield doesn't always translate to victory. You've made a fine effort, even if it failed. Just another lesson for the next battle.	雷古兰封地明白，战场上的牺牲并不总能换来胜利。你已经付出了出色的努力，即便它失败了。这不过是下一场战斗的又一条教训。
Top-tier work, Commander—The Commonality is very happy with your performance. Keep it up, and I'll make sure a lot more work comes your way.	一流的活儿，指挥官——共同体对你的表现非常满意。继续保持，我保证会有更多工作找上你。
The Rim Commonality understands that sacrifice on the battlefield doesn't always translate to victory. You've made a fine effort, even if it failed. Just another lesson for the next battle.	边缘共同体明白，战场上的牺牲并不总能换来胜利。你已经付出了出色的努力，即便它失败了。这不过是下一场战斗的又一条教训。
You know the rule of war, don't you? 'Money can buy anything except honor.' While you have none of the latter, we have plenty of the former. Fight like the dog of war you are, and we may overlook your past transgressions.	你知道战争的规则，不是吗?“金钱可以买到任何东西，除了荣誉.”虽然你没有后者，但前者我们有很多. 像战争猛犬一样战斗，我们可以忽略你过去的罪过.
Beggars can't be choosers, and neither can the frugal. This contract is a budget affair best suited to scoundrels such as yourself. No matter what your failings, you are willing to fight for money, yes? We can provide money.	叫花子没得选，节俭的人也没得选. 这份合约的预算很适合你这样的无赖. 不管你有什么缺点，你都愿意为钱而战，对不? 我们能提供钱.
Hail, Commander. House Steiner has an operation we think you'll find interesting as well as lucrative. I'll be certain to recommend you to my superiors if you perform well.	你好指挥官. 施泰纳家族这里有一项任务，我们认为你会感兴趣而且有利可图. 如果你表现好的话，我一定会把你推荐给我的上级.
I hope you are in fine health, Commander. The Lyran Commonwealth has been pleased with your prior service, and we think this contract might be best suited for an expert like you. As always, we offer the highest rates.	希望你身体安康，指挥官. 天琴共同体非常满意你之前的服务，我们认为这份合约也许非常适合你这样的专家. 一如既往，我们会提供最高的报酬.
Large coffers pay for larger victories—and you have been instrumental in ensuring that our winning streak is intact. Excellent work, mercenary. House Steiner is pleased.	更大的金库换来更大的胜利——而你在确保我们连胜不败上起到了关键作用。干得漂亮，雇佣兵。施泰纳家族很满意。
The Lyran Commonwealth didn't get where it is by accepting victory or defeat as inevitable, but by continuing to fight after a loss. I hope you'll do the same, Commander. While you were defeated, you acquitted yourself well.	莱兰联邦不是靠把胜利或失败视为必然才有今天的地位，而是靠在失败之后继续战斗。我希望你也能如此，指挥官。你虽然战败，但表现可圈可点。
House Steiner has no place for cowards or failures, Commander. Ensure your future efforts are more robust, or the Lyran Commonwealth will be no friend to you.	指挥官，施泰纳家族没有胆小鬼或失败者的位置. 确保你未来的成绩更加强劲，不然天琴共同体不会同你交好.	
Top-tier work, Commander—The Duchy is very happy with your performance. Keep it up, and I'll make sure a lot more work comes your way.	一流的活儿，指挥官——公国对你的表现非常满意。继续保持，我保证会有更多工作找上你。
The Duchy of Tamarind-Abbey understands that sacrifice on the battlefield doesn't always translate to victory. You've made a fine effort, even if it failed. Just another lesson for the next battle.	塔马林德-阿比公国明白，战场上的牺牲并不总能换来胜利。你已经付出了出色的努力，即便它失败了。这不过是下一场战斗的又一条教训。
This contract may be of interest to you, Commander. The Taurian Concordat believes it within your ability to complete, and in times like these, we are willing to pay you well to see it done. Please let us know.	这份合约也许能引起你的兴趣，指挥官. 金牛协约国相信它是你力所能及的，值此非常时期，我们愿意支付丰厚报酬以确保任务完成. 敬候回复.
Hello, mercenary. The Taurian Concordat values our relationship, and so we would like to offer you first right of refusal on this contract. The job is simple, and the pay adequate. We know it to be within your capabilities as well.	你好，佣兵. 金牛协约国看重我们之间的关系，所以我们赋予你这份合约的优先权. 这活很简单，同时报酬也合适. 我们也知道这个任务在你的能力范围之内.
Good job, Commander. The Taurian Concordat thanks you for your service. It's always refreshing to deal with a true professional when one hires mercenaries.	干得漂亮，指挥官。金牛座协约感谢你的效力。雇雇佣兵时能碰上真正的专业人士，总是让人耳目一新。
Mercenary, we got a Job for you and Money to waste. Do this and you will be compensated above your station.	雇佣兵，我们有一份工作要交给你，也有花不完的钱. 完成这项任务，你将获得远超你身份应得的报酬.
Welcome Mercenary, we got another Job that requires attention, take it and dont dare to fail us now.	欢迎你，雇佣兵. 我们又有一项需要处理的工作，接下它，千万别让我们失望.
Still hungry for Money i see. We got something that needs be shot up.	看来你还想赚钱. 我们有点东西需要被轰掉.
We got a nice Raid planned and need something gone, do this, and we share in the Riches.	我们计划了一次不错的劫掠，需要清除掉一些东西. 干完这票，咱们共享财富.
Ahh You're back for more? We always got someone to kill and places to plunder, will you join us?	啊哈，你又回来找活儿干了? 我们总有杀不完的人和抢不完的地方，你会加入我们吗?
Welcome Friend, join us on this Raid and share in the Booty.	欢迎你，朋友. 加入我们这次劫掠，分享战利品吧.
Well done Mercenary, you are almost worth the money we spent on you.	干得不错，雇佣兵，你差不多值回我们花在你身上的钱了.
At least you got the Job done. Learn from this before we have to kill you ourself.	至少你把活儿干完了. 在我们不得不亲手宰了你之前，从这件事里学点教训.
You DARED to fail us? Begone, before i kill you myself!.	你竟敢让我们失望? 滚开，趁我还没亲手杀了你!

Blakes Light got diminished today, may Yours not be Diminished either.	今天布莱克之光黯淡了一分，但愿你的光芒不会同样黯淡。
Commander, this outcome is unacceptable. Your conduct and performance failed to meet the Republic's expectations, and such negligence undermines our survival. No payment will be issued, and your reputation here has suffered greatly.	指挥官，这个结果无法接受。你的行为和表现没有达到共和国的要求，如此疏忽会动摇我们的生存根基。此次任务不会支付报酬，你在这里的声望也已大幅受损。
Commander, your failure reflects poorly on your abilities. The Vesper Marches does not tolerate incompetence, and no payment will be issued for such an inadequate performance.	指挥官，你的失败暴露了自身能力的不足。维斯珀边区无法容忍无能之辈，这种糟糕的表现不会得到报酬。
Commander, your failure to complete this task has left the Timbuktu Collective vulnerable to further harm. No payment will be issued for this breach of trust.	指挥官，你没能完成任务，让廷巴克图集体暴露在进一步的伤害之下。辜负我们的信任，自然不会得到报酬。
Commander, your failure to deliver on a simple contract undermines the respect you once held. Understand that no payment will be forthcoming as a result of your failure.	指挥官，你连一份简单的合约都没能兑现，辜负了我们曾给予你的尊重。明白一点：你的失败不会带来任何报酬。
I have half a mind to enslave you and your company for failing to complete any of the objectives.  Leave my presence before I change my mind.	你们一个目标都没完成，我真想把你和你的公司都贬为奴隶。趁我改变主意之前，滚出我的视线。
Seriously, how can you expect to be taken seriously as a mercenary if you can't even complete a simple contract?  I hope you don't expect payment, as none will be forthcoming.	说真的，连一份简单的合约都完成不了，你凭什么让人把你当成佣兵？别指望报酬了，一分都不会有。
That was an utter catastrophe, Commander. We can't afford failures like that.	那简直是一场彻底的灾难，指挥官。我们承受不起这样的失败。
TODO Bad Faith.	待定：恶意失败评价。
We have a special place in the polar regions of Lothario for mercenaries who can't complete objectives.  Be thankful that all I am doing is not paying you!	洛萨里奥的极地专门为完不成目标的佣兵准备了一个特殊去处。好好庆幸吧，我现在只是不给你报酬！
Your cowardice is as much as I expect from a mercenary. Your lack of honour deserves far more than a lack of payment.	佣兵的怯懦，我早就料到了。你毫无荣誉可言，配得上的惩罚远不止不给报酬。
Your cowardice is as much as I expect from mercenary scum.  We have nothing further to discuss, unless you wish to make yourself my bondsman as payment for your failing!	佣兵败类的怯懦，我早有预料。我们没什么好谈的——除非你愿意卖身为奴，拿自己抵偿这次失败！
Your cowardice is typical of a mercenary.  Leave now, before I kill you myself for your dishonor.	佣兵的怯懦果然名不虚传。现在就滚，在我因你的无耻亲手杀了你之前。
Your cowardice justifies your commoner status.  If you cannot even fulfill a simple contract, perhaps you should stop meddling in our affairs and find work far away from here.	你的怯懦证明你只配做个平民。连简单的合约都履行不了，就别再插手我们的事务，去远处另谋生路吧。
Your failure is unacceptable and hinders the progress of the Wolf Empire. No payment will be issued for this inadequacy.	你的失败不可接受，拖累了狼帝国的进展。如此无能的表现不会得到报酬。
Your performance was appalling, Commander. Your efforts on the battlefield were no better than a group of green cadets, and not indicative of the leader of a reknowned mercenary company.	你的表现糟糕透顶，指挥官。你在战场上的表现还不如一群新兵，完全配不上知名佣兵公司的领袖之名。
Your performance was appalling, Commander. Your tactics on the battlefield were pathetic and ineffectual.	你的表现糟糕透顶，指挥官。你在战场上的战术既可悲又毫无成效。
Commander, if you were a Legionnaire I would have you flogged for your incompetence.  However, the contract stipulates partial payment for partial completion, so it has been done.	指挥官，要是你是军团士兵，我早就因你的无能把你鞭打一顿了。不过合约规定完成一部分就支付一部分，所以这次给你部分报酬。
Commander, the mission objectives were not fully achieved, but your effort and discipline were evident. The Republic recognizes honest failure in difficult circumstances, and partial payment will be issued accordingly.	指挥官，任务目标没有全部完成，但你的努力与纪律性有目共睹。共和国承认你在艰难处境下的诚实失误，将按规定支付部分报酬。
Commander, we really required the primary objective to be completed, but I suppose I can provide a partial payment for what you did achieve.	指挥官，我们确实要求你完成主要目标，但看在你已经完成部分任务的份上，我可以支付部分报酬。
Commander, we required the primary objective completed.  However, seeing as you did at least make an attempt, I will forward a partial payment to your account	指挥官，我们要求你完成主要目标。不过既然你至少做过尝试，我会把部分报酬汇入你的账户。
Commander, while the contract's main objectives were not fully met, your attempts are appreciated. However, our limited resources only allow for partial payment for partial completion.	指挥官，虽然合约的主要目标没有全部达成，但你的努力值得肯定。不过我们的资源有限，只能按完成程度支付部分报酬。
Commander, while the primary objective was not completed, your efforts have not gone unnoticed. A partial payment will be sent to your account in recognition of your attempt.	指挥官，虽然主要目标未能完成，但你的努力并没有被忽视。为认可你的尝试，我们会把部分报酬汇入你的账户。
I should never have entrusted such a trivial task to an incompetent mercenary!  It is only my honour that compels me to provide this partial payment for failing to complete all the tasks asked.	我真不该把这么简单的任务交给无能的佣兵！若不是荣誉所迫，我连这点部分报酬都不会给——你根本没完成交代的全部任务。
I should never have entrusted such a trivial task to one so incompetent!  However I will provide a partial payment for your partial completion, so long as you do better next time.	我真不该把这么简单的任务交给如此无能之人！不过你至少完成了一部分，我会支付部分报酬；下次给我表现好点。
I should not have expected a mere mercenary to perform as a trueborn warrior.  However, you did partially complete the tasks assigned, so under the terms of the bathcall I am honour bound to provide a partial payment.	我本就不该指望一个佣兵能有真生战士的表现。不过你确实完成了部分任务，按照挑战战条款，我必须出于荣誉支付部分报酬。
May Blake grant you Wisdom to learn from your mistakes.	愿布莱克赐你智慧，让你从错误中吸取教训。
The 331st understands that sacrifice on the battlefield doesn't always translate to victory. You've made a valiant, yet ineffective effort. We trust you will do better for the next battle.	第 331 团明白，战场上的牺牲并不总能换来胜利。你奋勇作战，却没能取得成效。希望你下一场战斗能表现得更好。
The Caliphate rewards loyal commanders.  You have shown merit, but still failed in acheiving all objectives. We trust you will see things our way next time.	哈里发国奖赏忠诚的指挥官。你展现了应有的能力，却仍未完成全部目标。希望下次你能按我们的要求行事。
The Terran Hegemony understands that sacrifice on the battlefield doesn't always translate to victory. You've made a valiant, yet ineffective effort. We trust you will do better for the next battle.	泰拉霸权明白，战场上的牺牲并不总能换来胜利。你奋勇作战，却没能取得成效。希望你下一场战斗能表现得更好。
The Wolf Empire values complete success, yet we acknowledge your efforts. A partial payment has been transferred for your partial completion.	狼帝国重视彻底的胜利，但我们认可你的努力。你完成了部分任务，部分报酬已汇入账户。
TODO Good Faith.	待定：善意失败评价。
While you failed to complete the primary objective, the Vesper Marches acknowledges the effort you made. Partial payment has been issued, but know that Duke Brewer values results above all.	虽然你没能完成主要目标，但维斯珀边区认可你付出的努力。部分报酬已经发放，不过记住，布鲁尔公爵把结果看得高于一切。
You win some, you lose some. Sometimes it's in between. I'm disappointed we couldn't complete the contract, but at least we gave it our best shot.	有输有赢，也有不上不下的时候。这次没能完成合约确实令人失望，但至少我们已经尽了全力。
You'd never make it in the Tortuga Dominions with that sort of cowardly attitude!  I'll partially pay you this time, but complete the damn contract next time, or else!	凭你这副怯懦样，根本不可能在托图加领混出头！这次我给你部分报酬，但下次给我把该死的合约完成，否则后果自负！
Commander, you have completed the objectives required, and have our thanks.  Payment is being transferred to your account now.	指挥官，你已经完成了要求的目标，感谢你的付出。报酬现在就会汇入你的账户。
Excellent work, Commander. The Vesper Marches recognizes your success, and your payment has already been transferred. We look forward to your continued service.	干得漂亮，指挥官。维斯珀边区认可你的成功，报酬已经汇入账户。期待你继续为我们效力。
I am pleasantly surprised that you completed all the tasks assigned to you.  Know that the Steel Vipers recognize your service, and I have transferred the agreed payment to your account.	你完成了交办的全部任务，着实让我惊喜。钢铁毒蛇认可你的服务，约定的报酬已经汇入你的账户。
Impressive work, Commander. The Wolf Empire commends your success and has transferred the agreed payment to your account.	表现出色，指挥官。狼帝国赞许你的成功，约定的报酬已经汇入你的账户。
In Blakes Name you have done Well, Seeker.	以布莱克之名，你做得很好，探索者。
Outstanding work, Commander! Your efforts have reinforced the Galatean League's position and proven your worth. You can be sure this success won't go unnoticed in future contract negotiations.	出色的表现，指挥官！你的努力巩固了加拉泰亚联盟的地位，也证明了你的价值。这次成功一定会在今后的合约谈判中得到体现。
Thank you, Commander. Your efforts have safeguarded our people and secured our independence. Payment has been transferred to your account as agreed.	谢谢你，指挥官。你的努力保护了我们的人民，捍卫了我们的独立。约定的报酬已经汇入你的账户。
TODO Mission Success.	待定：任务成功评价。
Well done Commander.  The satisfactory completion of this batchall will benefit us both, and I have transferred your c-bills as agreed.	干得不错，指挥官。令人满意地完成这场挑战战对我们双方都有好处，约定的 C-bills 已经汇入你的账户。
Well done Commander.  You have completed the required objectives, and I am happy to remit the full contracted amount to your account.	干得不错，指挥官。你已经完成了要求的目标，我很乐意把合约全额报酬汇入你的账户。
Well done Commander.  You unwavering loyalty protecting Caliphate ideals is impressive. I have transferred your c-bills as agreed.	干得不错，指挥官。你为哈里发国理想而战的坚定忠诚令人印象深刻，约定的 C-bills 已经汇入你的账户。
Well done matey!  You finished off that contract easily, and your share of the loot is already in your account.	干得漂亮，伙计！你轻松完成了那份合约，属于你的战利品分成已经到账。
Well done, Commander. You made the best of a bad situation. Here's hoping we don't run into another job like that one.	干得不错，指挥官。你在糟糕的局面下已经做到最好了。希望我们别再遇到这种任务。
Well done, Commander. Your actions have directly strengthened the security and legitimacy of the Tikonov Free Republic. Payment has been authorized, and your standing with us has improved considerably.	干得不错，指挥官。你的行动直接加强了季科诺夫自由共和国的安全与合法性。报酬已经获批，你在我们这里的地位也大幅提升。
Well done, Commander. Your success furthers the Tamar Pact's vision. I am pleased to fulfill the contract's terms and ensure the full amount is transferred to your account.	干得不错，指挥官。你的成功推进了塔玛尔协约的愿景。我很高兴履行合约条款，把全额报酬汇入你的账户。
You have completed the objectives required, and have our thanks.  Payment is being transferred to your account now.	你已经完成了要求的目标，感谢你的付出。报酬现在就会汇入你的账户。
You have succeeded Commander.  The completion of this batchall pleases me, and I have transferred your c-bills as agreed.	你成功了，指挥官。完成这场挑战战让我很满意，约定的 C-bills 已经汇入你的账户。